fen,static_cp,search_cp,bestmove,class,pieces,gap_sigmoid,gap_cp,clamped
3nk3/5p2/1Pq5/5Pp1/6P1/7K/1Q6/8 b - - 1 77,83.0,206.0,c6f3,quiet,10,0.148770,123.0,0
3k3r/pp4p1/4b3/3p4/7p/P1K5/P1P5/R5R1 w - - 0 33,-165.0,11.0,g1g7,capture,14,0.236903,176.0,0
8/1p3k2/2nRb1p1/pBp3Pr/4PB1p/b4P1P/P3N1K1/8 b - - 5 27,5.0,43.0,c5c4,quiet,20,0.054373,38.0,0
2q2k2/pp3p2/2p2nrp/2Pr4/3PpP2/PPP2n1B/2K4P/R3B2R w - - 0 26,-694.0,-118.0,h3c8,capture,24,0.318351,576.0,0
6k1/p7/7P/P7/8/1p6/5K2/r7 b - - 0 37,533.0,1536.0,b3b2,quiet,7,0.044294,1003.0,0
1k1r4/pbppn1p1/3b4/1NpP1qP1/P7/4B3/1P4Q1/K2RR3 w - - 3 26,28.0,153.0,b5d6,capture,21,0.166767,125.0,0
8/1pR5/p4k2/3K1b1p/1P3P2/2P5/P1r3PP/4rB1R b - - 0 29,95.0,52.0,e1d1,quiet,17,0.059127,43.0,0
5Rn1/1p1k3p/6p1/8/8/5K2/p4PPP/2B5 b - - 0 35,-314.0,513.0,a2a1q,promotion,12,0.809471,827.0,0
2b1k2r/p3bp2/2N2n2/2P5/P3p3/4Pn2/1B3P1p/R2K1B1R w k - 0 21,43.0,12.0,c6a7,capture,20,0.044305,31.0,0
2r3k1/4bp1p/1p2p1p1/p3P1P1/q2BBP2/Pb2P3/3Q3P/R5K1 w - - 6 27,38.0,-46.0,e4d3,quiet,22,0.120285,84.0,0
8/8/3q4/8/1k6/6P1/2Qp1P2/6K1 w - - 21 57,-93.0,-119.0,c2b2,quiet,7,0.034128,26.0,0
3R4/6p1/4p2p/7P/6R1/4b3/1r2r1P1/3K2k1 b - - 1 52,756.0,1714.0,e2c2,quiet,12,0.012667,958.0,0
3r2k1/3P1p1p/1q4p1/8/1B6/P4Q2/1pr2PPP/3R2K1 w - - 0 35,-60.0,-249.0,d1e1,quiet,17,0.221926,189.0,0
r4rk1/p1pqbppp/1p6/n7/3P4/2Q2NB1/P3PP1P/2R2KR1 b - - 4 16,32.0,75.0,f8c8,quiet,23,0.060366,43.0,0
1rb2rk1/p1R5/3p4/2pPb1Bp/3n2pP/P1NB4/1P4P1/1K2R3 w - - 5 23,126.0,43.0,d3h7,quiet,22,0.112208,83.0,0
bn2kb1r/5ppp/1q1Pp3/1Pp5/1pP2P2/8/1B1P2PP/3QKBNR b Kk - 0 10,41.0,0.0,f8d6,capture,25,0.058731,41.0,0
1nbq3r/1p3k2/2pb1np1/rP1p1p2/3Pp1p1/1QN1P3/3BNPBP/R3K2R w KQ - 0 12,-158.0,-229.0,a1a5,capture,28,0.075985,71.0,0
rn3rk1/p7/1pp3p1/6P1/2n1N3/4B3/PPP1N3/R1K4R b - - 0 18,-309.0,-127.0,c4e3,capture,19,0.180502,182.0,0
3k4/p7/b2p1b2/7B/8/4BN2/2P5/3K4 b - - 2 32,-186.0,-217.0,d8c7,quiet,10,0.032423,31.0,0
4r1k1/p4pp1/7p/q1np4/8/1P3N2/P4PPP/b2Q2KR w - - 0 24,-174.0,-254.0,d1a1,capture,19,0.080482,80.0,0
r4bk1/1r6/3pbnpp/1B2pp2/PQ6/4P3/2qNNPPP/R1B2RK1 w - - 3 21,82.0,185.0,f2f4,quiet,25,0.127770,103.0,0
3k4/8/5r2/5B1P/5K2/8/8/8 w - - 1 59,213.0,79.0,f4g5,quiet,5,0.161369,134.0,0
2kr1b1r/1bpqn1pp/pn2pp2/1p6/3P4/P1PB1NNP/1P3PP1/R1BQK2R w Q - 1 10,-44.0,-13.0,d3e4,quiet,30,0.044285,31.0,0
1B4k1/6p1/7p/PN3p2/2Pp2n1/1n1P2P1/1P2r2P/5RK1 b - - 0 24,50.0,-71.0,g4e3,quiet,18,0.172241,121.0,0
2kr1b1r/pppbn3/2n5/3p1pqp/3PpN1N/1P2P1PP/P1P5/R1BQKBR1 w Q - 4 10,-107.0,-84.0,c1b2,quiet,30,0.030711,23.0,0
6k1/R7/1p1P4/6b1/1N2p2p/2r5/P1P2K2/8 w - - 0 37,-2.0,106.0,a7c7,quiet,12,0.150861,108.0,0
6k1/6p1/1R1B1p1p/1p5P/8/P5P1/r1r2P2/6K1 b - - 8 40,324.0,346.0,c2f2,capture,14,0.014037,22.0,0
r1bqk2r/p3bpp1/3p2n1/2p1p1Pp/1p1NP2P/1P1PBB2/PNP2P2/R2QK2R b KQkq - 0 11,-22.0,47.0,e5d4,capture,31,0.098847,69.0,0
3q2kr/2p2p2/6p1/np1NQ2p/b2P4/2P2P1P/1P3KP1/7R w - - 1 22,-77.0,-27.0,d5f6,quiet,20,0.070255,50.0,0
r3k2r/pp2b1pp/n1bp1n2/qP3p2/2P2N2/P1N1P3/3B2PP/R2QKB1R b KQkq - 0 12,-74.0,-117.0,a6c5,quiet,28,0.057375,43.0,0
r7/7r/1p2Qpkp/1B4p1/PB6/2R5/6KP/3q4 b - - 4 30,19.0,-159.0,h7a7,quiet,15,0.241395,178.0,0
r1bqk2r/pp3p2/2n5/2N1p2p/3p1P1N/BP4n1/2QP2P1/R3KB2 w Qkq - 4 16,-190.0,-218.0,h4g6,quiet,24,0.029065,28.0,0
R7/6k1/2p5/4N2p/1p3p2/1P4n1/5R1K/2r5 b - - 1 56,-190.0,-307.0,h5h4,quiet,12,0.105030,117.0,0
2kr2nr/pbpq1pbp/1pnpp3/5P2/3PP1PR/2N1BN2/PPP1Q1B1/2KR4 b - - 5 9,-274.0,-170.0,c8b8,quiet,30,0.101988,104.0,0
2r3k1/6pp/1p1Bbp2/3p4/p7/P3PPK1/1Pr3PP/1R5R b - - 5 29,83.0,118.0,c8c6,quiet,20,0.046349,35.0,0
3r4/1k1r3p/1pb1p1p1/2p1Pp1n/5P1b/1PKBBP1P/2P1N3/R4R2 b - - 6 24,-37.0,-21.0,h7h6,quiet,24,0.022862,16.0,0
2k5/3p1Q2/p1p5/2b3p1/8/P1P3N1/1P1q1P2/6K1 b - - 0 31,-10.0,96.0,d2b2,capture,14,0.149131,106.0,0
2r4k/R5pp/1pp5/8/8/1P1B4/P1P2P1r/2KN4 b - - 0 26,-76.0,-110.0,c8f8,quiet,15,0.045556,34.0,0
r4b1r/p2b2pk/n2p3p/1B1q1p2/4p3/PP2P2P/1BQ2PP1/2K3NR w - - 0 17,-181.0,-120.0,b5a6,capture,25,0.073081,61.0,0
2r1k1nr/p2q2pp/5p2/1p1B4/1b2P1b1/1P1Q4/P2P3P/R1B1K1NR w KQk - 4 13,-170.0,-100.0,a2a3,quiet,24,0.086765,70.0,0
8/8/6k1/3p2p1/p2P4/B1P5/1P3K2/3b4 b - - 5 46,62.0,123.0,g6f5,quiet,10,0.081679,61.0,0
8/3k4/6n1/6P1/8/8/3K4/8 b - - 4 62,190.0,290.0,d7e6,quiet,4,0.092409,100.0,0
3r2k1/p1q2pn1/5R2/1p4Pp/2pPB1b1/8/PP3Q2/5NK1 w - - 4 30,-71.0,-72.0,f6c6,quiet,19,0.001380,1.0,0
8/7b/7P/8/5k2/8/7K/8 w - - 20 68,-187.0,-328.0,h2g2,quiet,4,0.122718,141.0,0
5R2/p7/4k3/8/2pp3p/P7/1P2n2P/7K w - - 0 36,109.0,136.0,f8e8,quiet,11,0.034388,27.0,0
5k2/5P2/2n1P3/5K2/8/8/8/8 b - - 14 79,-178.0,69.0,f8e7,quiet,5,0.333891,247.0,0
8/5Q2/kp6/2q4p/7P/P3N1P1/4b2K/8 w - - 6 43,160.0,188.0,f7e8,quiet,11,0.031660,28.0,0
8/5N2/5kp1/6Np/3b2P1/2nP1K1P/5P2/8 b - - 0 42,-233.0,-147.0,h5h4,quiet,12,0.092927,86.0,0
r3kb1r/p2n1ppp/2pqp3/1p1n1b2/2PP4/5NP1/P2BPPBP/RN1Q1RK1 b kq - 0 10,26.0,14.0,b5c4,capture,30,0.017211,12.0,0
3r2r1/pp3nkp/8/2B5/2PN3P/1P5b/P7/1K2R3 w - - 1 28,-110.0,-254.0,c5a7,capture,16,0.158643,144.0,0
2kr3r/1p2p3/1bn2p2/5b2/5Ppp/N1B3P1/PP4BK/R3NR2 w - - 1 24,47.0,75.0,a3c4,quiet,22,0.039059,28.0,0
3r3r/1k4bp/p7/qp2p3/1R2P3/2p2NPR/4PP2/1Q2K3 w - - 1 26,-136.0,-400.0,e1f1,quiet,19,0.222791,264.0,0
1k6/7p/8/q7/2P5/3P1Q2/2K1B3/8 w - - 3 43,403.0,524.0,f3f8,quiet,8,0.042801,121.0,0
r4rk1/pp2b1p1/4pn1p/2pp4/5B1P/P1N1P3/1PP1BPP1/R3K3 b Q - 1 14,116.0,124.0,d5d4,quiet,24,0.010241,8.0,0
r2qr3/1p2n3/pbk1PQ1p/3p1p1P/P2p4/BP1B4/2P3P1/R2K1R2 b - - 4 27,-176.0,-309.0,d8c7,quiet,24,0.121908,133.0,0
3rk2r/2p1qpp1/p6n/1p1P3p/1P2N3/P2B1P1b/2P5/1RB1Q1K1 b k - 0 18,163.0,162.0,h6f5,quiet,23,0.001165,1.0,0
rnbqkb2/p1p3p1/4p2r/3p3p/7P/Pp1BP1P1/1B3P2/RN1Q1RK1 b q - 2 9,29.0,51.0,b8c6,quiet,26,0.031235,22.0,0
8/8/2p1k3/8/p1P5/3PB3/PPK5/5b2 w - - 12 42,209.0,383.0,c2c3,quiet,10,0.131597,174.0,0
3r2k1/1p4p1/2n4r/p1b4p/P1N2P2/2P3PR/1P4P1/4RK2 b - - 6 23,182.0,195.0,g8h7,quiet,19,0.014126,13.0,0
8/3b2bk/1p2p1Np/p4p1P/P2r1P2/1P3BQ1/4R2K/2q5 b - - 9 35,294.0,168.0,b6b5,quiet,19,0.120001,126.0,0
r2k1n1r/pbp3p1/1p1pB2p/5P2/3PnBPq/2P2QRN/P6P/R3K3 w Q - 5 15,251.0,-77.0,e1c1,quiet,26,0.418241,328.0,0
B7/8/1k6/5p2/8/2Kp1P2/3P4/r7 w - - 5 69,-165.0,-126.0,a8d5,quiet,8,0.047302,39.0,0
2kr1b1r/pbp1qpp1/1p2pn2/6Q1/2PPp3/1PN1P1NP/PB3P2/2KR3R w - - 5 12,-91.0,-11.0,c1c2,quiet,28,0.112220,80.0,0
r2qk1nr/5p2/p2pp3/2p1n2B/4P2P/4N3/PRPP2P1/3QK2R b Kkq - 0 13,-59.0,-42.0,h8h7,quiet,23,0.023951,17.0,0
8/1r1P4/4k3/4p3/8/4K3/3R4/8 b - - 0 77,-49.0,128.0,b7d7,capture,6,0.246354,177.0,0
r1b1k2r/ppp2pbp/3p4/3P4/5p2/1PPP1q2/P2B1N2/R3K2R w KQkq - 0 18,-707.0,-918.0,h1g1,quiet,23,0.011749,211.0,0
8/1pkb1q1p/r2p1b1p/p2P1p2/PpN2Q2/3RRN2/2P3r1/2K5 b - - 1 22,392.0,701.0,g2g4,quiet,22,0.077414,309.0,0
r2b1rk1/5q2/bp1p1np1/2nPp1Bp/2P1P2P/2N2P2/1R1QB1P1/R4NK1 b - - 2 24,-148.0,-137.0,d8c7,quiet,27,0.013439,11.0,0
2kr1b1r/pbqp2pp/2n1p3/2pn2N1/1pN2P2/PP1PP3/1BP1Q2P/R3KBR1 b Q - 4 12,-44.0,-2.0,b4a3,capture,30,0.060107,42.0,0
7k/6pp/2nP4/2K2P2/8/8/7P/8 b - - 2 54,-47.0,-114.0,c6e5,quiet,8,0.091186,67.0,0
3r4/1p3p1k/7p/5Np1/pB6/P4Q1P/1bq2PP1/4R1K1 w - - 4 26,355.0,363.0,f5e3,quiet,18,0.004594,8.0,0
8/7R/6P1/6kP/8/3p4/6K1/3r4 w - - 7 62,26.0,1034.0,g6g7,quiet,7,0.460059,1008.0,0
8/8/1ppk1r2/p1b1p1RP/P1PpBr2/1R3P1K/8/8 w - - 1 31,-282.0,-142.0,b3b1,quiet,17,0.141565,140.0,0
4rr1k/1p4pp/5n2/pPB1q3/1p2pb2/1Q5P/P1R1BPP1/4K2R b - - 8 19,260.0,267.0,f8g8,quiet,23,0.005946,7.0,0
4R3/1k6/1p6/8/P7/8/3K4/8 b - - 0 48,-446.0,-659.0,b7c7,quiet,5,0.049247,213.0,0
1k1rr1b1/1ppq3p/p4bn1/5p2/3p4/P2P1NP1/1PPBPQBP/R2K1R2 w - - 6 19,-41.0,-52.0,d1c1,quiet,27,0.015549,11.0,0
Q7/2kr1p2/4p3/1B6/8/B2n3b/P7/6K1 b - - 2 30,-286.0,-684.0,d3c5,quiet,11,0.142478,398.0,0
8/6K1/8/8/8/2p1k3/8/2N5 w - - 0 53,11.0,-135.0,c1b3,quiet,4,0.200885,146.0,0
2rqk1r1/p4p1p/1p1pnp1b/8/2P1P3/2NQ3P/PP3P1P/3RKB1R w K - 7 16,149.0,222.0,c3b5,quiet,25,0.079915,73.0,0
2bq2k1/p5pp/1p1b4/3p4/1P1p1P2/P4P2/1N3K1P/3Q1B1R w - - 1 18,178.0,253.0,d1d4,capture,20,0.075102,75.0,0
r1bqk2r/4ppbn/2np4/7p/2NpP1pP/p2B2N1/2PB1PP1/R2Q1RK1 w kq - 0 13,-170.0,-22.0,g3h5,capture,28,0.195212,148.0,0
2r3k1/3r2p1/3np3/1p1b1pR1/p1pP1P2/P1P5/1P1N1KB1/R7 w - - 3 25,-285.0,-82.0,g2d5,capture,21,0.221751,203.0,0
2r3k1/4p3/4b1p1/4Pp2/6Pp/pP2B2P/Pr1R1PK1/R7 w - f6 0 34,54.0,5.0,g4f5,capture,19,0.069897,49.0,0
r7/1pp1k1pp/4b3/pPP1p3/P2rP2P/4K3/6P1/RN5R b - - 2 20,165.0,172.0,d4c4,quiet,20,0.008032,7.0,0
7r/1p2kp1p/2n1b1p1/1Nn5/2P3P1/2P3KP/4B3/R3R3 b - - 2 24,-223.0,-165.0,h8d8,quiet,18,0.061999,58.0,0
r7/p3q2k/bpp1p2p/n2pPp2/2P1n3/1PB1P1P1/P5BP/2RQR1K1 w - - 1 21,266.0,373.0,c3a5,capture,26,0.073219,107.0,0
2rqk3/1p3pp1/p3pn1r/3P2N1/P4P1p/2N1b2P/2Q1B1P1/B2R3K b - - 1 19,-95.0,-55.0,f6d5,capture,24,0.054911,40.0,0
1r1qk2r/p4p2/4p1p1/2n5/5P2/P1n2NPp/2B2P1P/1R1Q1RK1 w k - 0 19,62.0,97.0,b1b8,capture,22,0.047787,35.0,0
r1bq1rk1/1p3ppp/3b1B2/p1p5/7Q/2pB1P1P/PPP2P2/R3K2R b - - 0 13,205.0,235.0,f8e8,quiet,25,0.029621,30.0,0
r7/p2np1b1/2p1k1Np/3n3P/2N1p3/7P/PP1B1P2/R3KB2 b Q - 0 18,-268.0,-235.0,d7f6,quiet,21,0.029280,33.0,0
2bqk3/1p3r1p/4r1p1/p3Bp2/P1Np4/1Q4P1/1PP3P1/5RK1 w - - 5 19,-106.0,-66.0,f1e1,quiet,21,0.054128,40.0,0
1r1q1r1k/2p3pp/4n3/p1p1pN1P/P3bpQ1/2P5/1P3PP1/R3KB1R w K - 0 18,-8.0,-125.0,f5g7,capture,25,0.160999,117.0,0
2k5/2p5/1p1r1p2/2r5/1R1p3p/3P3P/5PB1/R4K2 w - - 6 36,226.0,112.0,a1a7,quiet,15,0.130176,114.0,0
r4rk1/3qnppp/1R2p3/2p1P3/2nP1N2/2P3P1/7P/2BQR1K1 w - - 1 20,103.0,-22.0,d4c5,capture,22,0.175652,125.0,0
2r1r1k1/1p3pp1/p6p/8/P1pR4/5PB1/n5PP/1R5K w - - 3 24,-131.0,-164.0,b1b7,capture,18,0.039848,33.0,0
1B6/5rpk/7p/8/2b4P/6P1/8/R5K1 w - - 29 57,-42.0,-38.0,b8f4,quiet,10,0.005681,4.0,0
3r4/p7/1p6/3p3k/4nP2/8/PP4K1/3R4 w - - 0 33,-309.0,-392.0,g2f3,quiet,11,0.049671,83.0,0
1k6/1p3N2/p1n5/4P3/5P1p/7P/r5r1/2R2R1K w - - 0 29,-57.0,-168.0,f1e1,quiet,14,0.143237,111.0,0
4r3/1b3pk1/1p4p1/1P2qP2/2rNp3/4R2P/5QP1/3R2K1 w - - 3 39,-168.0,-66.0,f5g6,capture,18,0.130683,102.0,0
2kr2br/pp5p/1qn5/3np1N1/3p2P1/P4N1P/P1PBQP2/2KR1B1R w - - 1 14,221.0,310.0,f3e5,capture,26,0.075137,89.0,0
r2qk2r/pp3pp1/5n2/5b1p/1bPp4/3PPNPP/PB1NQ3/R3K2R b KQkq - 0 12,88.0,112.0,e8g8,quiet,26,0.031819,24.0,0
r1k4r/1pn2ppp/4p3/p1bpPPB1/P7/1qPB2PP/4Q3/R3K2R w KQ - 0 17,-100.0,-72.0,e2d2,quiet,25,0.037907,28.0,0
1r2qr1k/3pb1pp/R1b1p3/3n1p2/1P1P4/N1P2P1N/2QB2PP/1R4K1 b - - 0 16,-103.0,-37.0,c6b7,quiet,25,0.090987,66.0,0
r1b1r1k1/4qp2/2p2n1p/1Pbpn1pP/p2N4/1PB1PP2/2PQN1P1/1K1R1B1R b - - 1 14,-85.0,40.0,a4b3,capture,29,0.177253,125.0,0
r1b3k1/p3r1pp/1p6/2pn1N2/3p3b/3P1B1P/PPPB1PPq/R2K3R w - - 0 17,-427.0,258.0,f3d5,capture,26,0.736497,685.0,0
r1bk3r/2pnq3/1pBp1p2/p2Pp1n1/4Pb1p/P1N2Q1P/1PP2BP1/1K1R2NR w - - 10 14,211.0,197.0,f3e2,quiet,30,0.014534,14.0,0
r3k3/pbpp1prp/4pq2/8/2P1P3/2N2N2/P1nPQP1P/5K1R w q - 1 12,-401.0,-429.0,h2h4,quiet,23,0.012412,28.0,0
4r1k1/2pq2p1/1p1p1p2/7r/p2N1B1P/2PQ2K1/P7/6R1 b - - 1 26,386.0,268.0,d7f7,quiet,18,0.078346,118.0,0
2rr2k1/2q1bp2/1nB1p1p1/pP5p/P2P1P2/2P3P1/1B2Q2P/R4R1K b - - 7 26,-137.0,-177.0,g8g7,quiet,24,0.047219,40.0,0
5r1k/1p6/2pB3p/2Pp2pN/p2P2n1/P7/1P2R3/2K5 b - - 0 45,-114.0,-120.0,f8f3,quiet,17,0.007725,6.0,0
2r3k1/5pp1/8/pr1p4/3PnP2/R3P1P1/1PP4P/2K1BR2 b - - 1 26,-71.0,-161.0,a5a4,quiet,19,0.115645,90.0,0
r4rk1/1p3pp1/2n5/1R2p3/pn2P2p/Nb1P1NqP/1P1QB1P1/5R1K w - - 2 18,-137.0,-70.0,b5b7,capture,25,0.088141,67.0,0
6k1/6p1/p6p/Pp3R1P/4p2R/4P1P1/1r1r1P2/5K2 b - - 1 31,170.0,63.0,b2b4,quiet,16,0.137147,107.0,0
8/8/8/p7/P1K1nk2/1P6/3p4/3R4 w - - 4 46,214.0,53.0,c4d3,quiet,8,0.198461,161.0,0
2k1rbnr/1b1p2q1/1ppP1p2/pN1B4/P7/2P2Q2/1P4PP/R1B2RK1 b - - 0 16,-206.0,-25.0,c6d5,capture,25,0.230079,181.0,0
1r1r1b2/5pk1/1pq1pn1p/p1p3p1/P1N5/N1PP2P1/1P2QP1P/3RR1K1 w - - 12 22,0.0,72.0,a3b5,quiet,26,0.102158,72.0,0
2r2rk1/p2b2bp/2n1p3/2qp1pB1/8/P1P3P1/2N1PPBP/1R1Q1RK1 w - - 1 16,0.0,50.0,g5f4,quiet,25,0.071463,50.0,0
2r5/1kp5/p1R1p2r/Bp1P4/7b/P3P3/1P2K3/7R w - - 1 28,67.0,207.0,h1c1,quiet,16,0.171782,140.0,0
r1bqkb1r/1pp5/p2p1n2/3Pnp1p/2P1p3/NP2P2R/PB1NBPP1/R2QK3 w Qkq - 3 9,-9.0,-16.0,b2e5,capture,30,0.010060,7.0,0
r2qk2r/p3bpp1/3pbn1p/1pp1p3/3nP3/PP1PN1PP/1BPN1PB1/R2QK2R b KQ - 1 11,31.0,17.0,d8c7,quiet,32,0.020049,14.0,0
2b5/8/5k2/2r3p1/3N1p1p/5P2/3R2PK/8 w - - 8 50,-251.0,-200.0,d4b3,quiet,11,0.049461,51.0,0
k1r5/P3Rp2/5q2/p6p/5B2/3Q4/6PK/8 b - - 0 47,-257.0,114.0,f6e7,capture,12,0.472898,371.0,0
8/8/1pn2pkP/2p1p3/P7/4BP2/6K1/8 w - - 1 48,-14.0,-63.0,f3f4,quiet,11,0.069547,49.0,0
rb4k1/2p4p/2p1q3/P1PpP1p1/Q2P1p2/P1B5/6PP/5R1K b - - 0 27,-5.0,-116.0,b8a7,quiet,21,0.153804,111.0,0
r4rk1/p2p1pp1/1p1P3p/2p1P3/2Pn1P1q/8/PP1Q3P/2KR1B1R w - - 1 13,91.0,122.0,f1g2,quiet,24,0.040650,31.0,0
r4rk1/1pp2ppp/2n2q2/p2p4/8/1PbQP1PP/PBP5/2KR1B2 w - - 0 14,-231.0,-172.0,d3c3,capture,24,0.061688,59.0,0
1r5r/p2b1kp1/B7/2R4p/3B1bp1/8/P4P1P/4R1K1 b - - 4 22,-15.0,-82.0,b8e8,quiet,17,0.094291,67.0,0
1r5k/p7/6B1/2ppp2P/7B/5r2/P7/6RK w - - 2 34,205.0,38.0,h4g3,quiet,13,0.210492,167.0,0
3b2k1/1p4q1/3Q4/pN1p2p1/Pn1P4/5P2/1P3B2/6K1 b - - 8 37,-78.0,-50.0,g7f6,quiet,16,0.038939,28.0,0
1k1r3r/p2q2p1/bp1pp2p/1N1p4/P4P2/1P6/2PPQ2P/1K1R3B b - - 0 17,148.0,208.0,a6b5,capture,23,0.067075,60.0,0
r1b2rk1/2q2np1/p2p1nR1/1p2p3/3PP3/4QN2/PPN2P2/2KR1B2 w - - 1 17,-41.0,-3.0,d4e5,capture,24,0.054414,38.0,0
4r1k1/3r1pp1/1q5p/3Pp3/p7/1P1Q1PP1/P4RKP/3R4 w - - 0 32,125.0,140.0,f2e2,quiet,19,0.018727,15.0,0
8/4b3/1pk5/8/1P3n2/N1P5/2K5/8 w - - 7 50,-248.0,-308.0,c2b3,quiet,8,0.048302,60.0,0
r1b1k3/2p2rp1/p3p2p/4np2/4n3/BP1B3P/P4PP1/3RK2R w Kq - 0 15,-207.0,-231.0,a3b2,quiet,22,0.023773,24.0,0
2r1kb1r/p3pppp/p1pp4/6qP/3N4/1P2PQ2/P1PN2P1/4K2R w Kk - 2 16,-217.0,-166.0,e1g1,quiet,24,0.054919,51.0,0
8/5p2/4k1b1/1P2n3/8/P1K1N3/8/8 w - - 3 37,-197.0,-146.0,a3a4,quiet,8,0.058022,51.0,0
r1b2kr1/pp3p1p/8/5p2/5q2/1P2p3/P3Q1R1/5RK1 b - - 2 24,623.0,608.0,g8g2,capture,17,0.002360,15.0,0
r4rk1/p3nbpp/1p1q1p2/2p5/3pP3/P2N2RN/1PP1Q1PP/1K5R b - - 5 18,160.0,145.0,a8d8,quiet,25,0.017908,15.0,0
5kn1/p2r4/1p2p1pp/1P3p2/2PP4/3P3P/n1KB1P1P/5B1R b - - 2 20,-278.0,-314.0,d7d4,capture,21,0.027003,36.0,0
2r1k2r/3p2p1/p3ppb1/Q7/2PNPbpP/1R6/P5P1/R5K1 w k - 0 22,269.0,329.0,a5a6,capture,21,0.044502,60.0,0
r5kr/2qb1pp1/2pb1n2/1p1p2Bp/p2P4/2NB1Q2/2P2PPP/1R2R1K1 w - - 0 16,-109.0,-49.0,h2h3,quiet,26,0.081859,60.0,0
rn1qk2r/p1p5/1p2p1pp/3b1p2/P1pPnP2/2B1PN2/1P2B1PP/R2Q1RK1 b kq - 3 10,129.0,38.0,d8f6,quiet,29,0.123091,91.0,0
4R3/kpn5/pN3r1n/P1KP4/5p2/5P1B/1P6/8 w - - 14 56,361.0,675.0,e8c8,quiet,15,0.091123,314.0,0
1Rnr2k1/1R3bp1/p4r2/q4p1p/P1p2QnP/2p2BP1/P3P3/2B2NK1 w - - 0 27,-44.0,-63.0,b7c7,quiet,25,0.026699,19.0,0
1rq1kb1r/p3pppp/3p4/2n5/N2N4/6PP/1PP1PPK1/R2Q1R2 b k - 0 11,50.0,40.0,e7e5,quiet,24,0.014151,10.0,0
3rb3/1p4k1/2n1Bn1p/p3p1p1/3pP3/1P3N1P/P4PP1/2B1R1K1 w - - 3 23,37.0,82.0,e6c4,quiet,22,0.062817,45.0,0
r5k1/5p2/2p3p1/p1B5/4P2p/5B1P/Nr3PP1/2R3K1 b - - 0 28,-127.0,-74.0,b2a2,capture,17,0.070127,53.0,0
8/8/1P6/3NR3/6pk/1r4p1/6K1/8 w - - 1 49,238.0,336.0,e5e2,quiet,8,0.076324,98.0,0
5k2/R7/3r4/5KP1/8/p7/8/8 b - - 9 50,-87.0,-82.0,d6d3,quiet,6,0.006786,5.0,0
r2qk1r1/pb3pbp/1p2p2p/2p4Q/1nPP1PPP/P1NP3R/1P2N3/2KR1B2 b q - 0 10,14.0,-92.0,b4a6,quiet,29,0.149525,106.0,0
2kr4/pp1b3p/1q1b1Qn1/3pp3/5p2/N1PB4/PP4PP/R1B2R1K w - - 4 16,276.0,313.0,f6g7,quiet,24,0.027920,37.0,0
r1b1k1nr/ppp2p2/n1q3p1/4P3/1bP5/3PPN2/P3K1Bp/R1BQ3R w kq - 0 12,-303.0,-283.0,a2a3,quiet,26,0.015177,20.0,0
2nk3r/3b1p2/2p3p1/1prp2Pp/3N1K1P/3B1P2/3R4/R7 b - - 1 36,196.0,310.0,c8d6,quiet,19,0.100733,114.0,0
r6r/p3nkp1/4Np2/n7/Pp5p/1P6/1BP1B1PP/1K1R1R2 w - - 8 27,360.0,537.0,e6g7,capture,21,0.068345,177.0,0
8/4pk2/1r3p1p/3RP1pP/6P1/5P2/4PK2/8 w - - 1 30,209.0,215.0,e5f6,capture,13,0.006077,6.0,0
3k4/7p/rp1P1p2/1R6/4p3/bB2P2P/1r6/K2R4 w - - 1 31,-15.0,-23.0,d6d7,quiet,15,0.011478,8.0,0
8/4k3/8/7r/5p2/8/5K2/R7 w - - 2 72,-175.0,-27.0,a1a4,quiet,5,0.193729,148.0,0
8/2B2k2/5n2/6R1/3N4/1P1n2P1/P5K1/4r3 b - - 2 28,-215.0,-296.0,e1d1,quiet,11,0.070892,81.0,0
2kr4/1pp1bp2/6p1/pR2P3/7p/P4q2/2Q2P1K/6R1 b - - 1 28,281.0,309.0,f3f4,quiet,17,0.021083,28.0,0
r1r3k1/5pp1/1Rn2n1p/1Nppbq2/5P2/3P4/1P4BP/2BQ1RK1 b - - 0 20,2.0,168.0,e5b8,quiet,23,0.221660,166.0,0
r1br2k1/1p3pb1/q6p/P2nNp2/3p4/6P1/1Q1B1PBP/R3R1K1 w - - 0 29,-135.0,28.0,a1d1,quiet,23,0.225268,163.0,0
8/k7/2b5/1p4P1/p2R4/4R3/6r1/4K3 w - - 4 47,30.0,20.0,e3e6,quiet,9,0.014316,10.0,0
3qk2r/r3npp1/2n2b2/1B1N3p/1P2p3/P3P2P/1B3P1P/R2QK2R b Qk - 0 12,-112.0,-40.0,f6b2,capture,24,0.098509,72.0,0
1r6/8/B7/6R1/3k4/4n2P/5p2/7K w - - 1 50,-95.0,-251.0,g5g7,quiet,8,0.175800,156.0,0
rq2k2r/p2b1ppp/n7/1Nb5/2P1P2P/8/PP4P1/R1BQKB1R b KQkq - 0 14,-30.0,242.0,b8g3,quiet,24,0.344147,272.0,0
3rr1k1/p4pp1/3n3p/2N5/1P6/P4Q1P/2q2PP1/3R1BK1 w - - 2 28,31.0,-3.0,f1d3,quiet,19,0.048812,34.0,0
r4rk1/1p1N3p/2p3qp/p3Q2N/P2P4/5PPb/1P5P/R5K1 w - - 5 25,-101.0,156.0,d7f8,capture,21,0.351930,257.0,0
3k3r/pb2ppb1/2p1nn1p/4q3/1PB4Q/P1N5/RBP2PPP/6K1 w - - 0 20,-29.0,-75.0,a2a1,quiet,24,0.064650,46.0,0
r1b1k2r/2pq1pp1/p2bpn1p/Np6/6PP/2B1P3/P2P1P2/1R1QKB1R b Kkq - 3 10,108.0,87.0,e6e5,quiet,27,0.027954,21.0,0
8/p1R5/kp6/2p5/2P5/KP6/2r5/8 w - - 8 44,-87.0,-112.0,c7g7,quiet,9,0.033170,25.0,0
6k1/6pp/8/2q1pp2/4p3/4P1P1/2P1NPKP/R7 b - - 1 32,45.0,296.0,c5c2,capture,15,0.281645,251.0,0
3r1rk1/R1R5/2p1p2p/4nn2/1P4p1/2P3PB/4K2P/2B5 w - - 0 27,-116.0,146.0,c1f4,quiet,18,0.359558,262.0,0
3rk3/4b2p/p5r1/5p2/1p3p1P/5K2/PP3N2/2R1R3 b - - 3 36,187.0,246.0,d8d4,quiet,16,0.058901,59.0,0
2q1kb1r/pb1p1pp1/1p2p3/6Pp/Pn2PP1n/NP4R1/1B1P1N1P/3QKB2 b k - 2 13,70.0,65.0,c8c7,quiet,28,0.006931,5.0,0
4rkr1/p2p3p/2pP4/5p2/PPb2P1q/2N2P2/1PKQ4/3R2N1 w - - 1 22,-22.0,-23.0,b2b3,quiet,21,0.001433,1.0,0
r1b1k2r/1p3p1p/p1n3p1/q2pP3/4n3/NB2b3/PP3PPP/R2Q1KNR w kq - 0 10,-216.0,-194.0,f2e3,capture,27,0.022768,22.0,0
r2qkb1r/p1pn1p2/1pPp2p1/6Pp/8/2N1P3/PPPQB2P/R3K1R1 b Q - 0 13,-68.0,-87.0,d7e5,quiet,26,0.026021,19.0,0
2r2k1r/p4pp1/n2Rn3/1B2P2p/1P6/Pb6/5KPP/2B4R w - - 1 20,-27.0,232.0,b5a6,capture,20,0.330527,259.0,0
r1b2rk1/p4ppp/1q2p1n1/p1Rp2N1/3P4/1P2P2P/P1QN1PP1/5RK1 w - - 4 12,33.0,71.0,f1c1,quiet,26,0.053430,38.0,0
5k2/1r3pb1/7p/1p5R/pR2P3/P3N1P1/2b2K2/8 b - - 1 36,-181.0,-181.0,g7c3,quiet,15,0.000000,0.0,0
8/8/4r3/3N4/1K1B4/7k/8/8 b - - 6 58,-184.0,-173.0,h3g4,quiet,5,0.012290,11.0,0
8/8/8/8/6p1/5r1k/8/R5K1 w - - 4 76,-288.0,-304.0,a1a8,quiet,5,0.011998,16.0,0
8/3k1p2/8/p2KP3/1p6/1P6/P3R3/8 w - - 6 56,947.0,933.0,e2h2,quiet,9,0.000357,14.0,0
3k1r2/qpp4p/3p1pbb/P3n1p1/1PP3P1/3N3P/1B1N1P2/R2K1B1R w - - 1 21,77.0,-77.0,d3e5,capture,25,0.218065,154.0,0
r3nb2/3k1pp1/2b1p2p/1p1p4/3P2P1/2BBPN2/4KP1P/2R5 b - - 1 26,36.0,75.0,f7f6,quiet,21,0.054664,39.0,0
8/8/2R3pk/5B1p/5n2/r7/5K2/8 w - - 0 78,-326.0,-322.0,f5c2,quiet,8,0.002674,4.0,0
7r/p2p1k1p/3Ppp2/2P4n/3P4/Pr3P1P/R2K1P1B/7R w - - 1 22,128.0,144.0,d2e2,quiet,20,0.019827,16.0,0
2kr2r1/pp2bp1p/1qp1b3/3pP3/3N1Q2/1N1P2P1/PP5P/R4R1K b - - 8 15,-29.0,-33.0,e7g5,quiet,24,0.005711,4.0,0
r2qrk2/pnp2Bpp/8/8/b2P1B2/4P1PP/Q4P2/5RK1 b - - 0 20,248.0,84.0,e8e7,quiet,20,0.187943,164.0,0
r1bq1Bk1/p7/2pb2p1/3p3p/3P3n/2pB1P2/PP2Q1P1/R2KRN2 b - - 0 18,-163.0,22.0,c3b2,capture,24,0.250375,185.0,0
3r2k1/2p1q3/1pn2b2/p4bN1/P1Pn4/R2NBP2/1P4P1/2QK1B2 w - - 0 23,168.0,57.0,c1d2,quiet,22,0.143237,111.0,0
8/6R1/3p1kp1/4p2p/4P2P/5KP1/2r5/8 w - - 44 55,-217.0,-213.0,g7g8,quiet,11,0.004013,4.0,0
6r1/3bB1kp/p2P4/5p1B/8/1P5P/P2r3P/4R2K w - - 7 40,238.0,187.0,e1g1,quiet,16,0.051563,51.0,0
r2q1rk1/1b1p1p2/5n1p/1p2p1p1/4P3/3BB3/P3QPPP/1R3RK1 w - - 0 14,-1.0,109.0,b1b5,capture,23,0.153351,110.0,0
5Q2/kp6/p3p3/4Nn2/Pp1pB1p1/1P1P3P/2q5/4R1K1 w - - 0 31,680.0,767.0,f8b4,capture,18,0.007615,87.0,0
4r1k1/p2Q4/6p1/8/2pNqP2/2B5/PKN5/5r2 w - - 0 32,-10.0,409.0,d4c6,quiet,14,0.427670,419.0,0
8/3p3p/rPp5/5k2/1K2p2P/4B3/8/8 w - - 0 39,-401.0,-220.0,b6b7,quiet,10,0.129436,181.0,0
5r1k/p4bp1/1p1P3p/3pR3/P7/4B2P/1P2B1pK/8 b - - 0 30,-179.0,-173.0,d5d4,quiet,17,0.006749,6.0,0
8/pk1r4/1np5/R5Rp/7P/5b2/1P6/2K5 w - - 3 39,-275.0,-258.0,a5a3,quiet,12,0.014281,17.0,0
4r3/1k6/2b3Q1/1pq5/4p1pP/6P1/1RP3BK/4B3 w - - 5 38,222.0,321.0,g6g4,capture,15,0.081773,99.0,0
3r2k1/6p1/4r3/3n1pq1/2Q1p3/1P4P1/P2P2P1/R4N1K w - - 1 31,-339.0,-379.0,f1e3,quiet,17,0.022990,40.0,0
r2q1rk1/1p2bbpp/2n5/p1pnpp2/P7/N2PPP1N/1P1BB1PP/R2QK2R w - - 12 11,-63.0,-87.0,a3b5,quiet,30,0.032967,24.0,0
r1b2rk1/1pq1bppp/5n2/pBn1p3/N3P3/P4PP1/1BPQN2P/R3K2R b KQ - 2 12,99.0,142.0,c5a4,capture,28,0.054950,43.0,0
3qk1nr/r4pp1/p1nbb3/1ppp4/3P3P/2N1P3/PPP2Q2/R1B1KBNR b k - 3 9,90.0,116.0,d8f6,quiet,28,0.034300,26.0,0
1q6/6pk/6rp/3Q1B2/p4P1P/P2P2P1/1r3P1K/R7 w - - 1 30,-4.0,330.0,f5g6,capture,17,0.375606,334.0,0
5rk1/p4p2/3b2pQ/1p4P1/3p4/P4b1P/1q3P2/R3B1K1 w - - 0 24,-295.0,-779.0,a1d1,quiet,18,0.143547,484.0,0
2rqkb1r/pb3p2/2n2p2/2p5/Q2p3B/3P2PP/PP2PPB1/R3K1NR b KQk - 0 10,-110.0,-111.0,h8h4,capture,26,0.001303,1.0,0
7k/2r4p/2q2p2/8/6Q1/1N4P1/1K3P1P/8 w - - 4 34,-261.0,-240.0,g4d4,quiet,11,0.018698,21.0,0
1B6/1p1k4/p7/2p5/8/PP4P1/6P1/1b3K2 b - - 1 32,30.0,35.0,b1c2,quiet,11,0.007133,5.0,0
8/3nkp2/p6R/2q3p1/1b6/4PB1P/p3NPP1/B4K1R b - - 4 24,51.0,4.0,c5c2,quiet,18,0.067116,47.0,0
r7/pppq1pk1/2np3p/b7/2P1rPb1/N3P3/P2PN1RP/R2Q2K1 w - - 0 15,-248.0,-142.0,h2h3,quiet,25,0.112840,106.0,0
3R4/1k6/pP2K3/P7/8/8/8/5r2 b - - 34 63,-188.0,-150.0,f1a1,quiet,7,0.043528,38.0,0
5r1k/2Q4p/1P4p1/4R3/1q1p1P2/2nB1P1P/p1P2K2/R7 b - - 1 33,-327.0,-533.0,b4b2,quiet,18,0.087679,206.0,0
r1bqkbn1/6p1/2p1n2r/pP1pPQ2/P6p/4PN2/1P1N2PP/R1B1KB1R b q - 4 13,-103.0,-122.0,f8b4,quiet,28,0.024661,19.0,0
8/7K/6p1/Pk3r2/1nR5/8/7P/8 w - - 2 51,-202.0,-121.0,h7g6,capture,8,0.094424,81.0,0
r3k2r/ppq1np2/2ppn2p/8/2PbB2P/P1N2P2/1PQ3PB/1K1R3R w kq - 3 18,166.0,151.0,h4h5,quiet,26,0.017650,15.0,0
8/4p1k1/6p1/2P4p/3q2p1/4P1P1/5P2/6K1 w - - 0 36,-891.0,43.0,e3d4,capture,11,0.555680,934.0,0
r7/2k2n1p/4RP2/3n1P1P/p2P4/B4N2/5K2/8 w - - 1 43,468.0,451.0,f3e5,quiet,14,0.006059,17.0,0
r2qk2r/p3n2p/1ppb1ppP/2n5/P1BR4/2P2b2/3N2P1/2BQ1RK1 w kq - 0 16,-91.0,77.0,d1f3,capture,25,0.237077,168.0,0
6k1/1p3p1p/2p2r2/3b2B1/1r1p3p/p2B1P1R/P4PK1/7R b - - 1 37,222.0,15.0,f6e6,quiet,19,0.260525,207.0,0
4k3/Nb1p1p2/1P1bp3/6q1/8/p3P2P/3Q2P1/6K1 b - - 0 29,515.0,667.0,a3a2,quiet,15,0.028002,152.0,0
2bqr1k1/2r2pb1/pQ1p1np1/P7/1p1P4/4B3/1P2BPPP/RN3RK1 b - - 4 14,38.0,156.0,f6d5,quiet,25,0.156071,118.0,0
r1bq1rk1/1p4pp/p1n2p2/3pn3/N7/3B1N1P/1PPQ1PP1/R3R1K1 w - - 0 15,94.0,24.0,d3e2,quiet,25,0.097586,70.0,0
rkbQ1bnr/1p1R4/p1p2pp1/4P3/4Np2/6P1/5P1P/2q2BK1 w - - 0 18,-521.0,-302.0,d8f8,capture,22,0.102044,219.0,0
4r1k1/p4pp1/1p4q1/5n1p/P2P4/1PN2P2/3Q2PP/2R3K1 w - - 8 24,69.0,35.0,b3b4,quiet,19,0.047814,34.0,0
3R4/5pk1/8/6pp/8/2r4P/5PK1/8 w - - 0 43,-99.0,-190.0,d8d5,quiet,9,0.110345,91.0,0
6k1/1p3r2/1p2Q3/6q1/3B4/8/rPB5/7K w - - 1 34,-316.0,125.0,e6c8,quiet,11,0.532961,441.0,0
b2k2nr/3p1ppp/2q5/4R3/1p1p1N2/5PP1/1P5P/1NBQ2K1 b - - 0 13,26.0,2.0,c6f3,capture,21,0.034469,24.0,0
r1b1kb1r/1pp2p2/2n3p1/pB1n3p/P3N3/5P2/1PP1N1PP/R1B1K2R b KQkq - 1 9,-33.0,17.0,c8f5,quiet,26,0.071794,50.0,0
8/2r1k2p/1bB5/4pp2/1P5P/1N4P1/5P2/1R4K1 b - - 0 34,-462.0,-50.0,c7c6,capture,14,0.363130,412.0,0
8/8/3p1rnk/1N1Pp2p/1p2P2P/1Pp5/K1P5/7R b - - 7 59,164.0,73.0,g6f4,quiet,16,0.116383,91.0,0
r2q1rk1/pb3p1p/1p1b1n2/2p2p2/3p4/PP5P/1BPPNPP1/RN1QR1K1 w - - 0 13,-45.0,-62.0,d2d3,quiet,28,0.023889,17.0,0
rnb2rk1/1p2qpbp/2pp3p/p7/1P1P4/3BPNP1/P2N1P1P/2RQK1R1 w - - 0 10,-5.0,86.0,b4b5,quiet,28,0.128492,91.0,0
4Q3/3R3r/5K2/4n3/p3k3/P7/8/8 b - - 1 66,-634.0,-661.0,h7h6,quiet,8,0.003569,27.0,0
1r2k2r/4bpp1/P2qb2p/8/2pP4/2n2B2/1P4PP/R1BQ1RK1 w - - 0 18,-44.0,255.0,b2c3,capture,22,0.375722,299.0,0
r2q2k1/p3Bpp1/2p2n1p/4Q3/2Pp4/1N1P2Pb/P4P1P/R5K1 b - - 3 22,145.0,95.0,f6g4,quiet,22,0.063937,50.0,0
rq2kbnR/2pb1pp1/8/p1n5/1pP1p3/4BNP1/PPQNKP2/R7 w q - 0 16,-34.0,243.0,f3e5,quiet,25,0.350771,277.0,0
1k3b1r/8/p1p3pn/P3P2p/4NP2/4P3/1r3P1P/3R1K2 b - - 1 21,335.0,438.0,f8b4,quiet,18,0.052550,103.0,0
2k1r3/1r1q4/5Q1p/1P3p2/4p3/N1P1P3/2KP4/2B2B1n w - - 5 25,53.0,-56.0,f6h6,capture,17,0.155587,109.0,0
8/2R3p1/r7/3kP3/3b4/6pP/2PB2K1/8 b - - 0 34,-60.0,-2.0,d4e5,capture,11,0.082620,58.0,0
r1b1k2r/pppp4/4n1pp/3Qp1q1/4P3/1PN1P3/P1P3PP/R3KB1R w kq - 3 12,57.0,24.0,d5d2,quiet,26,0.046818,33.0,0
5kn1/ppq3p1/2r2p2/3p3p/Pb4b1/1P1BPN2/1Q2KPPP/7R w - - 0 21,-384.0,-319.0,b2d4,quiet,23,0.038675,65.0,0
8/3b2k1/3P4/K7/8/8/8/8 w - - 0 77,-70.0,-308.0,a5b6,quiet,4,0.255432,238.0,0
8/8/8/3Nn3/8/1r6/3k3K/8 w - - 10 60,-532.0,-594.0,d5f4,quiet,5,0.012987,62.0,0
r7/P1p2pbp/2kn2b1/2pp4/2r2N2/5P2/R2BNKP1/7R b - - 2 25,338.0,239.0,c4c2,quiet,20,0.076661,99.0,0
r4b1r/p1pq1k2/P3pn1p/R1p2pp1/1pP2P2/1Q1P2P1/1P1NP2P/2B1K2R b K - 3 13,32.0,-8.0,g5f4,capture,28,0.057433,40.0,0
r3k1nr/1ppb2pp/p7/P1b1Pp2/2PP4/7P/2N1B1P1/R1B1K2R b - - 0 20,-49.0,-136.0,c5e7,quiet,24,0.116247,87.0,0
2kr3r/2p2pp1/pp6/4pPPp/P1n1P2P/2Pb1B2/P6R/R3K1B1 b - - 5 19,99.0,80.0,c7c6,quiet,24,0.025601,19.0,0
1k1r4/pbp2p2/5B1p/2bq1B2/8/pP4P1/2PP2PK/R4R2 w - - 6 22,-544.0,-522.0,f5h3,quiet,20,0.005380,22.0,0
8/2rBK3/1k5P/8/p7/8/2b1R3/8 b - - 2 54,-45.0,54.0,c2f5,quiet,8,0.141493,99.0,0
3k4/1p1n1r2/3p4/p4PKp/2R5/2P5/PP6/8 w - - 2 42,-261.0,-280.0,c4h4,quiet,13,0.015725,19.0,0
2k3r1/7R/p6p/P1p5/2P5/3Pr1b1/1P4B1/1Q5K b - - 4 33,-306.0,-189.0,e3e1,quiet,15,0.105395,117.0,0
2rqr1k1/1p3ppp/p3bn2/P2p4/1b6/1P1QPB2/1B1N1PPP/R2R2K1 w - - 7 15,30.0,-51.0,d3d4,quiet,26,0.115939,81.0,0
4k2r/1q1n1p2/4p3/1p4p1/1QpPb3/2P2N1P/4PPB1/5RK1 w - - 0 20,21.0,31.0,f1a1,quiet,20,0.014310,10.0,0
2k5/8/pp2p3/2p2p1p/2Pn1P2/PP1N2PP/8/2N2Kb1 b - - 2 28,154.0,142.0,g1e3,quiet,18,0.014478,12.0,0
1rb2rk1/2p3p1/2qb1n1p/1p2p3/1P6/2N1PN1P/1BPPQ1P1/1R3RK1 b - - 0 13,59.0,44.0,f6d7,quiet,25,0.021116,15.0,0
8/8/8/1r4p1/4K3/5P2/3B2k1/8 b - - 18 73,244.0,287.0,g2h3,quiet,6,0.036266,43.0,0
8/1k1p3p/p1b4P/8/8/3r2q1/2K5/2R1R3 w - - 0 35,-1028.0,-1077.0,e1e7,quiet,11,0.000658,49.0,0
6k1/2R4p/p2pr1p1/8/p2b4/1P4P1/6KP/8 w - - 0 30,-481.0,-438.0,b3a4,capture,13,0.015346,43.0,0
3rk1r1/4n2p/pp3p2/b1p4q/2P1P3/PR2QN2/4PKBP/7R w - - 2 23,32.0,22.0,b3d3,quiet,22,0.014304,10.0,0
r4b1R/5k2/1p3p2/1b1P4/p1p5/2N1P2P/3B1K2/8 w - - 0 32,-37.0,134.0,c3b5,capture,15,0.236863,171.0,0
1k6/2bR4/5r2/p6p/2K1N3/7P/5P2/8 b - - 17 52,36.0,33.0,f6f4,quiet,10,0.004275,3.0,0
8/4R1pk/7p/5p2/3pn3/2q2PPn/4B3/3Q1K2 b - - 0 54,85.0,412.0,e4g3,capture,14,0.294699,327.0,0
5Q2/6pk/2q1pn1p/4Pp1P/4RP2/3P1K2/r7/8 b - - 9 45,425.0,1435.0,f5e4,capture,15,0.079437,1010.0,0
8/r5k1/1p1R2p1/7p/1PP4P/5BP1/2q2PK1/b3Q3 b - - 14 35,-415.0,-393.0,c2c4,capture,16,0.010274,22.0,0
3k4/p4p2/8/7Q/3B4/2P1Kp2/q7/8 b - - 4 38,-213.0,-155.0,a2e2,quiet,9,0.063785,58.0,0
2k5/p1p4p/1pb5/8/7B/P2P3P/P1PK4/4RBrn w - - 2 21,196.0,158.0,f1e2,quiet,17,0.042617,38.0,0
5r2/2k2Np1/2p4p/p4R2/P2P4/6b1/2r5/4R2K w - - 0 29,-173.0,-264.0,e1f1,quiet,14,0.090250,91.0,0
3qr1kb/5p1p/b1n3pP/p1p1n1P1/1p1p1B2/3P1P2/PPP1N1B1/R2Q1RK1 w - - 0 20,245.0,183.0,e2g3,quiet,28,0.062385,62.0,0
5r2/2k3p1/p3p3/3b2n1/1R1P3R/8/2P3B1/3K4 w - - 0 31,145.0,120.0,g2d5,capture,13,0.031206,25.0,0
7k/bpp4p/5N2/p4P2/P5P1/2P1p3/1P1r3P/2KB4 w - - 1 33,-8.0,-212.0,d1f3,quiet,17,0.260618,204.0,0
1k1r4/p7/5p2/3n1q1p/PP6/3N2R1/1P4BP/4R1K1 b - - 2 31,10.0,-45.0,d5f4,quiet,16,0.078788,55.0,0
8/5k2/8/6p1/7P/8/4RK2/2r5 w - - 2 60,-18.0,12.0,h4g5,capture,6,0.043143,30.0,0
8/4kp1p/r1pN4/4P3/3PKPP1/8/1r5P/2R5 b - - 0 30,-109.0,-89.0,b2h2,capture,14,0.026561,20.0,0
1R6/8/2K5/6r1/8/p1k5/8/8 w - - 2 50,-453.0,-445.0,b8a8,quiet,5,0.003003,8.0,0
r7/pppk1p2/2n1b3/2bp1p1r/3P1p2/2P2N1B/PP2PK2/R6R w - - 0 17,-322.0,-209.0,d4c5,capture,23,0.095471,113.0,0
6k1/6p1/2p2r2/2Qb4/3Pp1qp/4R3/5P1P/Q3KR2 w - - 13 49,573.0,838.0,a1a8,quiet,16,0.027653,265.0,0
2kr2nr/pppbqpb1/6p1/4p2p/2PnP3/PP3N2/1BQPBNPP/R4RK1 w - - 1 12,-90.0,-95.0,b2d4,capture,30,0.006709,5.0,0
r2qk2r/ppp5/2np2np/5b2/P1PPNp2/P1N2PP1/5K1P/2BQ1B1R w - - 1 15,120.0,80.0,d4d5,quiet,27,0.053003,40.0,0
8/5Rpk/8/p5pP/r3r3/4BK2/5P2/8 w - - 0 55,-275.0,-254.0,e3g5,capture,11,0.017773,21.0,0
4rrk1/p2n2p1/3p1q2/1ppP1p1P/5P2/PP1QPB2/8/2RK2R1 b - - 1 26,6.0,-7.0,c5c4,quiet,22,0.018706,13.0,0
8/1P4k1/2r4p/1R3p2/2P1p3/8/5Kn1/8 b - - 3 55,226.0,-278.0,e4e3,quiet,10,0.618056,504.0,0
5rk1/4r3/p1p1b1pp/1p1nPpN1/1Pq5/2P4P/P3R1PK/4QR2 w - - 0 24,-363.0,-327.0,g5e6,capture,23,0.022005,36.0,0
6k1/pp6/6P1/3n3r/Pb6/2B4P/6P1/1R5K b - - 0 40,190.0,276.0,b4c3,capture,13,0.081362,86.0,0
8/5p2/p4P2/4kPBK/PP4P1/8/4b3/8 w - - 5 39,571.0,598.0,g5h4,quiet,11,0.005025,27.0,0
r1b2r2/1p3ppk/3p4/p1q5/8/N4Q2/RP3PPP/5RK1 b - - 0 15,22.0,117.0,c5f5,quiet,19,0.130669,95.0,0
r3kbnr/1b1p2p1/5p2/pB2p2p/PpNpP3/1P1P4/1B2KPPP/R6R w kq - 0 12,15.0,43.0,f2f4,quiet,27,0.039995,28.0,0
2rk1b2/q3r2p/2p3p1/2N2p2/PP1PBP1P/3Q2P1/1B6/R4K2 b - - 0 30,-242.0,-158.0,f5e4,capture,21,0.088179,84.0,0
r4rkb/1bq2p1p/n1Np1npP/1B2p3/p3P1P1/2P1BP2/PP6/R2QK1NR w KQ - 3 13,140.0,50.0,b5a6,capture,29,0.119773,90.0,0
Q1rk4/3n4/3b4/6q1/1p1PR3/6N1/P5K1/8 w - - 8 54,-149.0,-578.0,e4e8,quiet,12,0.263169,429.0,0
2kr3r/pbp2pp1/1pnq1n2/3pN3/3P4/2NB3P/PPP2PP1/R2QR1K1 b - - 1 12,-198.0,-157.0,d6e6,quiet,27,0.045917,41.0,0
r3kb1r/4npp1/1pn1p2p/p1p5/Q1P2PPq/P1N2P2/1P1BK2P/3R1B1R b kq - 6 9,139.0,26.0,h6h5,quiet,28,0.152659,113.0,0
2kr4/1b2bp1p/4p1pB/pQprq3/2R1P3/8/2N2P1P/R3K3 b Q - 3 22,288.0,184.0,d5d7,quiet,21,0.097415,104.0,0
4Qb1r/2pq2pp/p1n2k2/1p6/1P1p1p2/P1N2P2/1BP3PP/2KRR3 b - - 0 18,-526.0,-390.0,d7e8,capture,24,0.049599,136.0,0
rn2k1nr/7p/2pq2pb/1p3p2/p2Pp3/1QN1P2P/PP3PBP/R1B1K2R w kq - 0 10,52.0,-63.0,c3b5,capture,28,0.163964,115.0,0
r1bqk2r/1pp3pp/3p4/p3n3/2P3P1/2P5/P3PPB1/R1BQK2R w KQkq - 0 9,-21.0,4.0,d1b3,quiet,24,0.035941,25.0,0
4k1nr/pp2bp2/6p1/3nNbP1/3PNP1p/P3P2P/1P1B2B1/4K2R w K - 5 19,125.0,273.0,e4c5,quiet,24,0.155490,148.0,0
rn5r/pbq3k1/4Qpp1/1Bb2n1p/N2p1P1P/P4N1R/1P1B2P1/1K2R3 w - - 0 19,232.0,362.0,e1c1,quiet,26,0.097574,130.0,0
8/8/2p5/p3p3/2p1Pk2/P1Nb4/5K2/8 w - - 36 61,-450.0,-463.0,a3a4,quiet,10,0.004703,13.0,0
2k5/pp1n1p2/3R4/2pP4/5P2/P6r/1B2r3/R5K1 w - - 0 22,-115.0,-299.0,b2e5,quiet,15,0.188573,184.0,0
1rbq3r/p3nkp1/3p1p1p/3p4/P2n3P/B2B1P2/2Q2KP1/R5NR w - - 0 13,-263.0,-193.0,c2d1,quiet,24,0.067331,70.0,0
rkb4r/8/p1p3p1/2Qn4/2N2p2/6P1/5P1P/2q2BK1 w - - 5 26,-543.0,-534.0,c5c6,capture,17,0.002137,9.0,0
r1b1k2r/p1b3pp/2p1pq2/2Nn1p2/1pBB4/5Q1P/PPP2PP1/2KR3R b q - 3 17,-90.0,-132.0,f6e7,quiet,27,0.054623,42.0,0
3rkb1r/1p3pp1/2b1pn1p/p1p5/2P2B1P/2N2P2/PP2BP2/3RK1R1 w k - 3 13,-53.0,11.0,d1d8,capture,25,0.091512,64.0,0
5b2/2p5/ppk5/5p2/P1KBp3/1PN5/2P5/8 w - - 0 28,48.0,150.0,b3b4,quiet,13,0.134744,102.0,0
8/8/8/5p1p/7P/1R5K/5k2/3r4 w - - 2 70,-184.0,-223.0,b3b2,quiet,7,0.040542,39.0,0
1k6/4q2p/5p1P/p2R2p1/PpN1rbP1/1P6/2P3Q1/1K6 w - - 0 48,245.0,213.0,d5b5,quiet,18,0.030679,32.0,0
5rk1/8/q5pb/3Pp3/p1N1Pn1p/1P3R1P/1PR3PK/3Q4 b - - 0 30,-203.0,-311.0,a4b3,capture,20,0.094074,108.0,0
r4b1r/pp3kpp/4bp2/3p1n2/8/NPq5/P3BPPP/1RBQ1RK1 b - - 1 12,57.0,14.0,f8d6,quiet,25,0.061165,43.0,0
2k1r3/pp6/2p1P3/3p4/1b1P1B2/PPNb3r/1K3R2/6R1 b - - 0 36,-90.0,67.0,b4c3,capture,18,0.221942,157.0,0
2bq1rk1/bp3pp1/3p4/p2n3p/P2P4/5PP1/1P3N1P/R1BQ1RK1 w - - 0 15,77.0,138.0,f2e4,quiet,24,0.079741,61.0,0
3b2k1/3P1rp1/4Q2p/4p3/5n2/P7/1P6/1KR5 w - - 2 30,414.0,527.0,e6e5,capture,13,0.038536,113.0,0
1r4k1/2p2b2/8/3Pp1p1/1b2B3/6N1/P1p2B1P/1R4K1 w - - 0 31,-12.0,349.0,e4c2,capture,16,0.399002,361.0,0
6k1/1p3pp1/p7/2p2P2/2Pnq2P/P1R5/KQ1R4/3B1r2 w - - 5 37,147.0,183.0,b2b6,quiet,18,0.041664,36.0,0
6k1/p2r1q1p/p1b2pp1/5r2/2PB1N2/1Q6/P2R1PP1/6K1 w - - 3 31,-216.0,-253.0,f4d5,quiet,19,0.034825,37.0,0
4k3/pb6/p2PP3/8/7P/6P1/8/2b2K2 b - - 0 37,316.0,339.0,c1a3,quiet,10,0.015153,23.0,0
4r1k1/1p3p1p/2p3p1/5b2/p4P2/P2q3P/1P1Q1PB1/2R3K1 w - - 0 20,-170.0,-194.0,d2d3,capture,19,0.026556,24.0,0
8/1p4k1/p1r4p/6p1/PP4N1/2P2PP1/2R5/2b2K2 b - - 2 35,-83.0,-52.0,h6h5,quiet,15,0.042945,31.0,0
7Q/4k1p1/2p2n2/p1b5/2BpP1q1/1P6/PB1P3P/R3KR2 w Q - 1 18,895.0,1028.0,e4e5,quiet,19,0.003070,133.0,0
r4rk1/pp3pbp/1q1pbn2/8/2BR4/1PN1PPpP/3B2P1/3QK2R b - - 5 15,166.0,212.0,d6d5,quiet,25,0.049894,46.0,0
1k5r/1p3R2/2n2p2/6p1/P5P1/1Pb2P1p/7P/1K1R4 b - - 3 30,144.0,173.0,c6e5,quiet,16,0.034117,29.0,0
rn2k1nr/pp1qppb1/3p2p1/3N3p/3N4/6P1/PPP1PP2/R1BQ1RK1 w kq - 2 9,-39.0,-41.0,e2e4,quiet,27,0.002840,2.0,0
r3kbr1/1p5q/2p1bp2/p3pN2/1P2P1n1/2Q4N/P2B2B1/R4RK1 w - - 0 22,-123.0,-6.0,b4a5,capture,23,0.161335,117.0,0
6k1/2Rb2p1/p3r3/1p6/1P3P2/P2Q2K1/3qPB2/8 b - - 2 41,-5.0,-63.0,d2d3,capture,15,0.082488,58.0,0
8/1p1r1k2/2r5/p1R3p1/4p1P1/4P1K1/1PR2P2/8 w - - 2 33,141.0,212.0,c5c6,capture,14,0.079665,71.0,0
1k2r3/1pnq4/3b4/p2p3p/P5p1/1P1Q2P1/NB3P1P/2R3K1 w - - 4 27,-35.0,0.0,a2c3,quiet,20,0.050199,35.0,0
4kb1r/1p3p1p/6r1/p7/3n2b1/2P5/PP4P1/RN2KB1R w KQk - 0 14,-305.0,-140.0,c3d4,capture,19,0.161437,165.0,0
2kr2nr/pbpp2p1/1p1b1q2/2nP4/P1P3P1/NQ6/1P1B2B1/2KRR3 w - - 5 17,-370.0,-327.0,b3c3,quiet,25,0.025892,43.0,0
1q2r1k1/3bbp2/5npp/8/1P1Q3P/4PB2/2P1N1R1/2KR4 b - - 1 24,-130.0,7.0,b8b4,capture,19,0.188889,137.0,0
1nbqkbr1/1pp2p1p/r3p3/5n2/P1p3pP/4P1P1/1B1PNPB1/RN1Q1RK1 b - - 1 9,98.0,162.0,b8d7,quiet,29,0.080183,64.0,0
6k1/6p1/2q4p/5Q2/2r2BKP/6P1/8/8 w - - 21 54,-155.0,-239.0,h4h5,quiet,10,0.088960,84.0,0
8/1p3n2/4NK1p/2p2P2/1k4P1/7P/8/8 b - - 3 50,-218.0,-278.0,f7d6,quiet,10,0.053911,60.0,0
2r3k1/1B3qn1/1P1pp3/p7/2P5/5Q2/P4PP1/1R4K1 b - - 0 33,-166.0,-194.0,c8c4,capture,16,0.031152,28.0,0
r2r2k1/n1p1b1p1/4p1N1/1pPN3p/p2P1P1R/4B1pP/1P4K1/6R1 b - - 0 31,-9.0,167.0,e7h4,capture,23,0.236337,176.0,0
3r4/2P1k3/3p3p/7r/p1P3p1/B7/2B1PPK1/3R4 b - - 0 35,-381.0,-627.0,d8c8,quiet,15,0.074004,246.0,0
2nrk2r/2q3p1/2p1bn2/p1b1pP2/Pp5P/1P3PPB/2PNQ3/1NKR3R w k - 0 19,-93.0,145.0,f5e6,capture,27,0.328075,238.0,0
r2qk2r/1bpp2b1/1p2P1p1/p5Np/2BnpPnP/P1N5/1PP3P1/R1BQ1K1R b kq - 0 11,123.0,168.0,d7d5,quiet,30,0.054569,45.0,0
1k1rq3/1p3r2/p1p4p/2Nnb1p1/1P1p2P1/P1nP2QP/2P2PB1/2B1R1K1 w - - 0 26,-294.0,244.0,e1e5,capture,26,0.647449,538.0,0
7r/1bpk1pp1/5n1p/5p2/2PP4/B5P1/3N3P/5RK1 w - - 0 21,-59.0,-28.0,d2b3,quiet,17,0.043893,31.0,0
1k3r2/p1ppq1p1/br6/N3p3/QP2P1P1/5NK1/8/4R3 w - - 1 23,-310.0,-464.0,e1e3,quiet,18,0.079041,154.0,0
Q7/8/4b3/4k3/1K6/1P6/8/6n1 b - - 0 70,-373.0,-578.0,g1e2,quiet,6,0.069948,205.0,0
4k3/8/4p1pp/1P2p3/2BbNn2/6KP/8/8 w - - 38 64,-85.0,-215.0,g3h2,quiet,12,0.155212,130.0,0
5r2/8/8/2k3p1/7p/4K2P/8/6R1 b - - 3 56,154.0,110.0,f8f5,quiet,7,0.054949,44.0,0
6Q1/r2np2p/7k/2pNpP2/1pq5/8/P1P4P/1K6 b - - 1 41,729.0,969.0,c4a2,capture,16,0.011060,240.0,0
6r1/2p5/4k2p/p1B1p3/P3b2P/4PP2/PrP4R/3RK3 b - - 0 26,-134.0,311.0,g8g1,quiet,18,0.540775,445.0,0
r3kb1r/pb1q1ppp/5n2/4N3/1P1p3P/4P1P1/1PP2P2/R1BQKB1R b KQ - 1 10,-26.0,61.0,f8b4,capture,26,0.124242,87.0,0
8/4b3/4P3/8/k3P3/ppBK4/8/8 b - - 0 48,231.0,140.0,e7g5,quiet,8,0.099562,91.0,0
1n1k2r1/1ppbnp2/1r2p2p/p3P3/2B1PP2/1P3N2/P5PP/R1BR2K1 b - - 0 14,-326.0,-205.0,b6c6,quiet,25,0.102260,121.0,0
r4r1k/p4pp1/q6n/3pN2P/bRpPp2P/2P5/P3BP2/2Q1K1R1 b - - 3 22,5.0,-33.0,f8b8,quiet,24,0.054544,38.0,0
2k5/2p1q2p/8/p7/3Qb3/p7/P5PP/5RK1 w - - 1 33,96.0,345.0,f1e1,quiet,13,0.244574,249.0,0
2k3nr/ppp3p1/7p/8/Pb4bP/R1q5/4PQP1/2BK1B1R b - - 3 15,83.0,413.0,b4a3,capture,21,0.297864,330.0,0
k1r5/1p1b2pp/8/b2q4/P2Bp3/4Q3/5P1P/1R4K1 w - - 2 36,-361.0,-446.0,h2h3,quiet,16,0.039978,85.0,0
8/4k3/3R4/3p4/5r2/2K5/8/8 w - - 10 57,-131.0,3.0,d6d5,capture,5,0.184388,134.0,0
5rk1/p2p1rpp/3npq2/7P/1p1NB3/5N1R/PPPR1P2/4K3 w - - 1 20,-245.0,-324.0,d2e2,quiet,22,0.062071,79.0,0
8/2p5/1p1bk3/rP5p/p1P1pprP/4B1P1/1P3P2/RR3K2 w - - 0 34,-352.0,-176.0,e3d2,quiet,20,0.149895,176.0,0
2r5/p2ppk1p/4qnp1/1Q6/P4R2/2N1P1PP/P1KP4/8 b - - 6 22,-190.0,-6.0,e6a2,capture,19,0.240449,184.0,0
8/8/8/Bk6/8/8/5p2/5K2 b - - 3 57,-71.0,-1.0,b5a5,capture,4,0.099339,70.0,0
5b2/5b2/2k2P2/p4R2/2p1pP1p/P1NpP2P/7r/R3K3 w Q - 1 28,-83.0,-144.0,a1a2,quiet,18,0.078904,61.0,0
8/p5p1/2pk4/1p6/5r2/PPP2B2/6K1/8 b - - 0 28,507.0,511.0,g7g5,quiet,11,0.001108,4.0,0
1k4r1/p2R1p1p/1pp3p1/2b1P3/5P1P/6P1/q3B2R/4K3 b - - 1 27,606.0,707.0,a2a1,quiet,18,0.012850,101.0,0
r4rk1/p4ppp/2p1b3/Np2p1b1/1P2P1nP/2P3P1/P3B3/R1B2RK1 w - - 0 15,-102.0,177.0,h4g5,capture,25,0.377470,279.0,0
7r/3bp3/3r1k2/R2p4/2qN1Pp1/2PnP3/3P2BP/1Q3RK1 w - - 1 24,403.0,369.0,g2d5,capture,20,0.017281,34.0,0
r3k3/1b2ppb1/p1n5/1pP5/3pB1P1/1P6/PBP2r2/1K2R2R b - - 3 23,268.0,188.0,c6a5,quiet,21,0.076949,80.0,0
r3k2r/pbppbp1p/1pP3p1/4P3/1P2nP2/PK3N1P/5qP1/RNBQ1B1R b kq - 2 12,-130.0,-46.0,b7c6,capture,29,0.113002,84.0,0
2bk4/p1pq2p1/2n1p1P1/r2B2N1/Np3b2/1P6/PBPP1Q2/R2K4 b - - 0 19,-188.0,-62.0,d7d5,capture,23,0.158623,126.0,0
4qr1k/2p3p1/bn1p3p/5n2/2PbNN2/1Q1B1PP1/6KP/2BR4 b - - 1 22,-87.0,-60.0,c7c6,quiet,22,0.037152,27.0,0
rk1q2r1/ppp5/2n4p/2b2B2/5P2/2P2QPP/PP1B2K1/3R4 b - - 4 24,137.0,171.0,d8f6,quiet,21,0.040433,34.0,0
8/5rpk/2b1p2p/2q1Pn2/1pP5/p2R3P/4Q1PK/B1R5 w - - 4 41,-34.0,-9.0,d3b3,quiet,19,0.035825,25.0,0
3qrrk1/3b1pp1/p2P3p/8/2p1PNnP/2N5/PP1Q2P1/R4R1K w - - 2 18,64.0,21.0,d2e1,quiet,23,0.060891,43.0,0
6k1/5p2/6p1/3qP1QP/3P3R/1Pr5/P1r5/K5R1 w - - 0 42,239.0,329.0,h5g6,capture,15,0.070882,90.0,0
3k4/5p2/8/5B2/3P3P/4Q3/1p4K1/q7 w - - 0 53,113.0,261.0,e3g5,quiet,9,0.160819,148.0,0
r2qkb1r/ppp3p1/2b2p2/3np2p/8/4PN1R/PB1P1PP1/RN1QKB2 w Qkq - 0 9,77.0,137.0,a2a4,quiet,27,0.078506,60.0,0
3r1rk1/p4pb1/1p4p1/2p1p2p/q1P1P2P/1nP1QP1N/1P4R1/1R2KB2 b - - 1 20,279.0,297.0,a4a2,quiet,25,0.013931,18.0,0
R2b4/3k4/1p4p1/3K3p/8/4B2p/2r5/5R2 w - - 5 35,-14.0,117.0,a8a7,quiet,11,0.182425,131.0,0
6k1/p5pp/2p2p2/4pn2/P1P4P/1PN3P1/1KP2P2/3rN2b w - - 0 22,-284.0,47.0,c3d1,capture,20,0.404060,331.0,0
8/5n2/4b2p/8/4kNPK/4Pp2/5P2/8 b - - 29 74,353.0,332.0,e6b3,quiet,10,0.012972,21.0,0
r4k2/5p2/4n3/ppbr2Pp/4pp1N/7P/PP3PK1/1RB4R b - - 5 25,116.0,417.0,d5g5,capture,21,0.255862,301.0,0
N2kr3/pp2b1pp/2np4/2p2b1q/2PpnP1P/5N2/PP4BR/R1BQ2K1 b - - 2 14,139.0,128.0,e7f6,quiet,27,0.013705,11.0,0
1r5r/1p2R1Q1/1kppB3/p3n3/3qP3/P7/KP6/6R1 w - - 3 35,-34.0,-101.0,e6b3,quiet,17,0.092616,67.0,0
8/8/5rk1/6b1/4pn2/8/3R4/5R1K w - - 0 42,-248.0,-296.0,d2d4,quiet,8,0.039518,48.0,0
R2b2k1/3r3p/pp4pP/3rp3/1B6/P2p1P2/6K1/3R4 b - - 1 28,393.0,318.0,a6a5,quiet,17,0.043878,75.0,0
r4rk1/1p1bq1pp/2n1pn2/1N3p2/Rbp2P2/4PN2/1B1PB1PP/3Q1RK1 b - - 0 14,71.0,62.0,e7c5,quiet,27,0.012488,9.0,0
5k2/8/5p2/8/p2p1PB1/1p1N1K2/7q/4R3 w - - 0 47,-76.0,-288.0,g4e6,quiet,11,0.232290,212.0,0
r6r/p3bk2/R2p4/1b1Pp1p1/4P2p/4BP2/1P5R/4K1N1 w - - 1 22,4.0,-45.0,a6a7,capture,19,0.070157,49.0,0
r1b1kb1r/ppq1pp2/2p3p1/4N2p/1P1P4/2P1n3/P3QPPP/R3KB1R w KQkq - 0 11,-199.0,-96.0,e2e3,capture,27,0.123951,103.0,0
2rr2k1/1p1nqpPp/4p3/6P1/p2pPPN1/8/5Q2/1R3BK1 b - - 0 31,263.0,324.0,e7d6,quiet,20,0.046244,61.0,0
2q2rk1/2r1ppb1/6p1/2nN1n1p/1R5P/5Q2/2PPNP2/2B2RK1 b - - 9 19,51.0,28.0,c5a6,quiet,22,0.032664,23.0,0
8/8/5kp1/4p2P/6P1/4b3/6K1/8 b - - 2 49,380.0,434.0,e5e4,quiet,7,0.024906,54.0,0
8/1r4pp/p4n2/2kb2P1/P4P2/3R3P/2B5/K7 b - - 0 37,363.0,336.0,f6h5,quiet,14,0.016177,27.0,0
r1b1k1nr/pp4qp/1np1P3/3p4/3PPB2/5P2/P2N2P1/R2QKB1R b KQkq - 0 11,-155.0,-89.0,g7d4,capture,25,0.084003,66.0,0
1kr5/1p6/p3b3/5n2/1P1P1R2/P3p3/4N2P/4KB2 b - - 3 32,-18.0,-17.0,c8e8,quiet,15,0.001435,1.0,0
4Rb1r/1k3P1p/1p5p/2p5/2Pn4/p3N3/6P1/B5K1 b - - 4 32,57.0,0.0,a3a2,quiet,16,0.081301,57.0,0
2r5/1p4k1/1q1b3p/1Pp2Q2/2b2P2/5NPP/6BK/3Rr3 w - - 1 33,-163.0,167.0,d1e1,capture,18,0.442145,330.0,0
5rk1/2pb2p1/p5q1/P2p1pN1/3B1P1p/1Q1P2rP/6P1/4R2K w - - 0 32,-152.0,87.0,b3d5,capture,21,0.328432,239.0,0
4r3/2p2kr1/p1Nq1ppb/1p1Pp2p/4P2N/P5QP/KPP5/5R2 w - - 4 29,-231.0,-203.0,g3g1,quiet,23,0.027913,28.0,0
r1b2k1r/pp2pp2/3p1np1/q2P1n1p/8/2NB1N1P/PPPQ1PP1/R3K2R w KQ - 5 10,-20.0,96.0,e1g1,quiet,28,0.163494,116.0,0
1k1r3r/1bp1qpb1/pp5p/1N1n2p1/1PQ1P3/P4P2/R3B1PP/2B1K2R w - - 0 17,-37.0,-97.0,b5d4,quiet,26,0.083030,60.0,0
r2k1Nn1/2p3R1/1p1p3p/3b1p2/5P1P/p1BP4/2P4P/K7 w - - 4 27,-38.0,-43.0,f8g6,quiet,19,0.007099,5.0,0
8/2pk3p/3p4/6p1/3R2P1/2P1r3/2K4n/2N5 b - - 0 36,248.0,374.0,c7c5,quiet,12,0.089414,126.0,0
8/8/8/q3n1k1/4B3/3PP3/1P2Q3/1K6 w - - 7 65,336.0,421.0,d3d4,quiet,9,0.044889,85.0,0
8/8/8/8/1k6/7p/7K/8 b - - 9 59,98.0,0.0,b4c4,quiet,3,0.137408,98.0,0
8/4k2p/1p3r2/8/1P5Q/P3q3/6PP/3R3K b - - 7 33,-243.0,-378.0,e3h6,quiet,12,0.096072,135.0,0
2kr1br1/1pp2n1p/p1n1b1P1/4pp2/PP2P3/2P1B1N1/1N2BPP1/R3K2R b KQ - 0 17,17.0,50.0,h7g6,capture,27,0.047018,33.0,0
r2qk1nr/pbppp2P/8/3P2p1/Q1p1P3/2P4P/P5PR/R3KBN1 b Qkq - 0 10,-236.0,-187.0,h8h7,capture,25,0.049697,49.0,0
4rrk1/p1p2p1p/2N5/1P6/2NpPqP1/3P4/6PP/5R1K w - - 0 32,-346.0,257.0,f1f4,capture,19,0.694410,603.0,0
5k2/3nbpp1/2q5/2p1p3/4P3/r4PP1/1BQPKN2/3R4 b - - 7 26,112.0,143.0,c6b5,quiet,18,0.039089,31.0,0
1b1q1k1r/1p2npp1/r4n2/1N1pB1Q1/P1P5/6P1/3P2B1/R4RK1 b - - 0 20,-27.0,93.0,h8h5,quiet,22,0.169508,120.0,0
8/6p1/3k2N1/1p1n2RP/r7/3K4/8/8 b - - 0 51,123.0,153.0,a4b4,quiet,9,0.037006,30.0,0
2rq1rk1/4bpp1/3np2p/1p1b4/p1pP1PPP/P1P5/1P1NQB2/R3KBR1 b Q - 0 18,26.0,116.0,e7h4,capture,28,0.123652,90.0,0
8/k1p5/1p6/q7/2P1PR2/1Q1N4/r3n3/2BK4 b - - 2 42,-194.0,135.0,e2d4,quiet,13,0.438446,329.0,0
2kr1b1r/pppbq3/2n4p/3Bpp2/3P3R/4P1P1/PPQBNP2/R3K3 w Q - 1 12,-8.0,85.0,d5c6,capture,26,0.131452,93.0,0
5Q1R/pp1kpp2/2p1bn2/8/5q2/P1N5/1P2BPK1/2r5 b - - 6 24,284.0,890.0,f4g5,quiet,18,0.157248,606.0,0
1k2r3/2pbn3/1p1n4/p2p1p1p/P2P1P2/1KPBN1P1/2P4P/4B1R1 w - - 7 28,148.0,136.0,g1g2,quiet,23,0.014677,12.0,0
k7/7R/2r4p/7P/4K3/8/8/8 w - - 1 68,202.0,173.0,e4f5,quiet,6,0.031597,29.0,0
4Bk2/1pp5/6R1/p2PP2p/P1KP4/5r1P/3r1b1P/2R5 w - - 1 28,344.0,-119.0,c4b5,quiet,18,0.543563,463.0,0
r3kbnr/2pb1ppp/p2q4/n7/PpBPP3/5N2/1P4PP/RNBQK2R w KQkq - 2 9,14.0,18.0,c4f7,capture,28,0.005744,4.0,0
2bq1rk1/r5bp/p4Bp1/1pp5/3p1P2/1PN1P3/P1PPB1P1/R2QK2R b Q - 0 11,-76.0,50.0,d8f6,capture,26,0.179124,126.0,0
2kr3r/p1pq2p1/1bn2p2/1N1b4/Q2p4/3P1NP1/1P1BPPB1/2R3K1 w - - 2 19,-98.0,-71.0,c1c6,capture,24,0.036630,27.0,0
rn1qkb1r/1p3b1p/2p2np1/p4p2/2P2B2/PNNP2PB/1P5P/R2QK1R1 b kq - 0 12,18.0,35.0,a5a4,quiet,28,0.024318,17.0,0
r2qk2r/ppp5/4pnb1/2np2Bp/4P3/N1P2PbN/PPQ3B1/2KR3R w kq - 0 13,-142.0,15.0,c3c4,quiet,27,0.215261,157.0,0
8/8/2p1k3/5R2/2pr4/2NnK3/8/8 b - - 0 62,347.0,230.0,d4g4,quiet,8,0.090689,117.0,0
5b2/p3rk2/5p1n/2p4P/2P1N3/2P2P2/PrP5/3R1K1R b - - 2 25,0.0,204.0,f6f5,quiet,18,0.263925,204.0,0
2kr1br1/1b1nq2p/p1p3pn/1p6/4P3/1P3N1P/PBPNQ1P1/1K1R1B1R b - - 10 12,-183.0,-149.0,h6f7,quiet,27,0.039251,34.0,0
r2qkb1r/1p1b1pnp/p3p1p1/n2pP3/3P3P/P1NB1PP1/4NK2/1RBQ3R b kq - 0 12,-11.0,31.0,f8e7,quiet,29,0.060320,42.0,0
r2qk2r/p1np1pp1/4p2p/2bnP3/Pp2N3/8/1PP1QPPP/RNB1K2R b KQkq - 1 9,-52.0,-53.0,c5e7,quiet,28,0.001407,1.0,0
4r2k/R3P2p/1p6/1P6/4bn2/8/2P4P/6K1 b - - 0 29,266.0,432.0,f4d5,quiet,12,0.101026,166.0,0
3q1rk1/1Q2Bpp1/1p2p3/p5P1/P1r5/4P3/3PKP2/6R1 b - - 0 23,337.0,305.0,c4c7,quiet,18,0.021671,32.0,0
8/6k1/4p1P1/4P2P/3P1K2/1r2B3/8/8 w - - 5 35,304.0,330.0,f4e4,quiet,9,0.017902,26.0,0
1nbq1rk1/r3bppp/p4n2/2pp4/3P4/1PPB1N1P/R4PP1/1NBQ1RK1 b - - 0 10,-10.0,53.0,c5d4,capture,28,0.090074,63.0,0
1k6/8/1pK5/1P3B2/P6p/8/8/8 w - - 11 61,558.0,1601.0,c6b6,capture,7,0.038613,1043.0,0
8/2R2pk1/6p1/7p/7P/6PN/rr3PK1/8 w - - 27 50,-419.0,-374.0,g2g1,quiet,12,0.021794,45.0,0
r3kb1r/p1p3pp/5p1n/3Pp3/P7/2Pn1N1P/1P2NPP1/R1B2K1R w kq - 0 12,35.0,55.0,c1h6,capture,25,0.028297,20.0,0
8/2p1k3/3Rb1q1/8/1p3Q2/8/r4PP1/4R1K1 b - - 0 29,-185.0,138.0,c7d6,capture,12,0.432408,323.0,0
7k/7p/1bp5/p3p3/4Nr2/1P3P1P/2P1K3/6R1 w - - 2 33,-44.0,62.0,g1d1,quiet,14,0.151275,106.0,0
k4r2/ppQn1q1r/2p2n2/6pp/2PP4/1P6/P2K4/4R1NR w - - 0 20,-367.0,-278.0,d2c1,quiet,20,0.060064,89.0,0
8/5p1p/2knr3/R7/6P1/2p2K2/8/R7 w - - 0 47,-98.0,-73.0,a5a3,quiet,10,0.033872,25.0,0
8/1b6/2k5/1p3P2/p3N3/5K2/r7/3R4 b - - 1 39,277.0,228.0,a2a3,quiet,9,0.043327,49.0,0
3rr1k1/6p1/5b1p/1R1b1p2/7P/5N2/1PQ2PP1/6K1 b - - 0 32,-90.0,-111.0,e8f8,quiet,16,0.027821,21.0,0
r3k2r/2pqn1p1/1p1n1p2/p2p3p/5P1N/2BBP1Pb/P1QP1R1P/1R4K1 w kq - 8 14,-17.0,5.0,e3e4,quiet,27,0.031641,22.0,0
r4b2/1p6/3k1pP1/7R/2PN1p2/1K1P3P/5P2/8 b - - 2 33,-322.0,-402.0,a8a1,quiet,14,0.045491,80.0,0
R2bk3/2q4p/8/3pP3/1P1P4/6P1/8/6K1 b - - 0 65,354.0,622.0,c7c1,quiet,11,0.088186,268.0,0
8/p2k2p1/3Np3/3pP3/3n1QP1/3q4/6PK/2R5 b - - 2 34,-307.0,557.0,d3h7,quiet,14,0.815186,864.0,0
2b2bn1/4pk2/2p1np2/8/3qNB1r/PQN2p2/1PP4p/1K1R3R b - - 1 19,122.0,-86.0,d4d1,capture,22,0.289992,208.0,0
8/p3kpp1/1p1p4/3PrP1p/1PP1nR1P/P2K4/4BP2/8 b - - 19 37,-141.0,-97.0,e4f6,quiet,19,0.056386,44.0,0
r1bq1rk1/1pp5/p4n1b/3P1p1p/2P1p3/1P1QP2R/P1N1B1PN/2KR4 w - - 0 16,-2.0,-16.0,d3d4,quiet,26,0.020131,14.0,0
r7/6rk/4Q3/p6P/1p2p3/1P2q3/2P3R1/1K6 w - - 0 33,-126.0,-117.0,g2g7,capture,13,0.011488,9.0,0
r3k1r1/p2p1n2/3bq3/1Ppb1p1p/4p2P/P3P3/1B1N1PP1/R2QKB1R b q - 2 15,74.0,48.0,g8g4,quiet,26,0.036272,26.0,0
4r2k/p6p/2b5/4qp2/3R4/7P/1P3PP1/3Q2K1 w - - 1 29,-173.0,-158.0,d4c4,quiet,14,0.017343,15.0,0
r3kbr1/2pb3p/p3p3/1p2Np1n/2pP3q/PnN1B2P/1PQ1PP2/3RKB1R w Kq - 2 13,38.0,32.0,e5f3,quiet,29,0.008547,6.0,0
8/pp3kp1/1b5p/3r1p1R/P3r3/1P3N1P/6P1/4RK2 b - - 2 26,129.0,269.0,e4e1,capture,17,0.147135,140.0,0
8/2R1pk1p/5pp1/3Nn3/1P6/4P3/r6P/3K4 b - - 10 33,150.0,109.0,f7e6,quiet,13,0.051473,41.0,0
3r4/1kp4n/p1p3r1/8/1PB5/2P5/P1K4P/R3R3 b - - 11 32,-182.0,-105.0,h7f6,quiet,15,0.093660,77.0,0
8/6K1/8/8/8/2k5/2np4/8 w - - 0 62,-797.0,-1295.0,g7f8,quiet,4,0.009493,498.0,0
r6r/2pb2k1/p2q1npp/1p1p1p2/2P5/3BPQ1P/PP2NPP1/1R1R2K1 b - - 0 15,-99.0,-113.0,h8d8,quiet,26,0.018381,14.0,0
r4r1k/p2q4/3b1p1p/3Q1P2/Pppp2P1/8/1PPN1P1P/R1B3K1 w - - 1 16,-173.0,48.0,g1f1,quiet,23,0.298887,221.0,0
1r6/5pR1/3kp3/p4r2/2R4P/5P2/2P1K3/8 b - - 7 33,-140.0,54.0,b8b4,quiet,12,0.268329,194.0,0
rnbqk2r/1p4pp/p2p1n2/3P1p2/3QpP2/P1N1P1PP/1P6/R1B1KB1R b KQkq - 0 9,-9.0,0.0,b8d7,quiet,28,0.012949,9.0,0
2kr3r/pp1b1p2/2n1qnpp/2bN4/6P1/P3BN2/1PP2PBP/R2QK2R w K - 5 10,-67.0,81.0,e1g1,quiet,27,0.209744,148.0,0
2r2kr1/p2bb3/P1p1p1pp/1p2Bp2/3P1P1q/1PN1P2P/1KP1B1Q1/R7 w - - 0 22,97.0,11.0,b2b1,quiet,26,0.120252,86.0,0
r2k3r/pbpp3p/1nn2pp1/2b1p3/p2PP3/2P2N2/1PN2PPP/R1BK1B1R b - - 0 10,-28.0,38.0,c5e7,quiet,29,0.094678,66.0,0
4k2r/1p2pp1p/1qppbn1b/r6p/p2PPP1N/2P3PP/PPNQ2B1/RR4K1 w - - 1 15,124.0,67.0,d2e1,quiet,30,0.075998,57.0,0
r2r2k1/ppq1ppbp/6p1/P1p5/4PP2/1bNPB2P/1P2Q1P1/R4RK1 w - - 1 16,-131.0,13.0,g1f2,quiet,26,0.198770,144.0,0
2k5/1bp2r2/3n1q2/2NP2pp/1r2N3/1P2QP1P/5BP1/4R1K1 b - - 1 36,-254.0,-160.0,d6e4,capture,20,0.096607,94.0,0
2kr4/1p6/p1nb2q1/3p1b2/P2p2P1/N1P2P1R/RP4K1/2BQ4 w - - 0 21,-189.0,38.0,h3h6,quiet,21,0.302469,227.0,0
7R/6k1/8/7p/3PK3/5P2/8/7r w - - 7 54,84.0,129.0,h8c8,quiet,7,0.058976,45.0,0
8/p5R1/Pp1k4/5q2/3B4/4K1PP/8/8 w - - 4 51,-29.0,67.0,g7a7,capture,10,0.136881,96.0,0
8/6k1/p2r4/Pp1p2P1/1P6/1KPR3R/8/4r3 w - - 8 50,266.0,250.0,h3h4,quiet,13,0.013867,16.0,0
r1b1k2r/ppp1qpb1/P1n1p1p1/1B5p/1n1P4/2N2N1R/1PP2PP1/R1BQK3 b Qkq - 2 9,73.0,69.0,e6e5,quiet,29,0.005523,4.0,0
r6r/1p1n1kpp/p1b1pp2/P7/4P3/2P1B2P/2PN1KP1/RR6 w - - 0 19,40.0,79.0,f2g3,quiet,22,0.054459,39.0,0
2kr1b1r/1p2qppp/p1n4n/2PB2N1/8/2N1BQ2/PPP2PP1/R3K3 b Q - 4 10,44.0,-88.0,e7f6,quiet,25,0.186986,132.0,0
r1b1kb2/4pp1p/3p1nr1/p2P4/6P1/B1N2P2/3PK3/1R1N3R b q - 1 18,43.0,88.0,f8g7,quiet,21,0.062434,45.0,0
r7/6bR/p1q1P1k1/1p4r1/4pp2/1QN5/PP2PP2/1K5R b - - 2 26,-188.0,-44.0,a8e8,quiet,19,0.183928,144.0,0
6k1/8/6p1/P1Q4p/5P1P/8/1q2BK2/8 b - - 0 37,-443.0,-551.0,b2d2,quiet,10,0.032178,108.0,0
r2qk1nr/p1p2p2/2p1p1n1/6pp/3P4/Q1P3PP/PP3P2/R1B1K1NR w KQkq - 0 9,6.0,72.0,a3a5,quiet,26,0.093524,66.0,0
2r5/1r4pp/3pk1n1/1p2p1PN/1B2P3/3K1N2/8/5R2 w - - 6 41,-343.0,-235.0,f1f2,quiet,16,0.083508,108.0,0
4kbQ1/8/p4p2/1p2p3/1P4bq/2P5/P2RN1K1/8 b - - 12 42,98.0,114.0,h4h3,quiet,15,0.021006,16.0,0
2kr3r/1ppqbppp/6n1/p1n5/P2NP3/3PBN2/1PQ3PP/3RK2R b - - 8 12,144.0,117.0,d7a4,capture,26,0.033841,27.0,0
6Q1/4b1n1/bpk2p2/p1p1p3/3pP1q1/1P1P1P2/PBPN4/2KR4 b - - 0 29,-125.0,-229.0,g4g2,quiet,22,0.116377,104.0,0
6nr/1N1kb1pp/1n6/3bpp2/p7/P3P3/5PPP/R1B1KB1R w - - 0 19,65.0,-13.0,b7a5,quiet,22,0.111166,78.0,0
2k2b1r/ppp1qpp1/2n2n1p/8/P6P/2BrPN2/1P3PP1/RNQ1K2R w KQ - 0 9,-144.0,-71.0,c1c2,quiet,26,0.095351,73.0,0
4r3/Q7/1pkb4/2p2pB1/2q4P/8/5P2/3K2R1 b - - 3 26,341.0,576.0,d6h2,quiet,13,0.088112,235.0,0
r2qk2r/1p1nnpp1/2p1p3/p2pN2p/Pb1P1P1P/2N1P3/3P2P1/R1BQK2R w KQkq - 2 9,-99.0,-145.0,e1g1,quiet,29,0.058607,46.0,0
1k1rn3/p4p2/7p/3N4/r6P/4B2K/P4PBP/2R5 b - - 7 28,-328.0,-362.0,a4a2,capture,16,0.020782,34.0,0
6k1/p4p2/1p3n2/3p2p1/3P2Pp/P2RPP1P/r2BK3/8 b - - 3 33,109.0,72.0,g8g7,quiet,18,0.049754,37.0,0
r3k3/pp1b2r1/2pR1n2/P4p1p/2B2N1P/4PP2/1P5K/R7 b - - 4 22,-94.0,-290.0,e8e7,quiet,20,0.209422,196.0,0
2r1k2r/p1pn4/1p2p2p/3pP3/1P1P4/4P1PP/P1Q5/q1B1KBR1 b k - 0 19,87.0,14.0,c7c5,quiet,23,0.102513,73.0,0
8/p2k2p1/4p1r1/3pP3/2Nn1QB1/q6P/6PK/2R5 b - - 0 32,-135.0,-358.0,a3d3,quiet,16,0.201976,223.0,0
4r3/5k2/p1q4p/8/2P2B2/5b1P/P6K/6Q1 w - - 0 47,-276.0,-552.0,g1a7,quiet,12,0.129536,276.0,0
2r3k1/p2b1npp/8/8/4p2P/NP2P3/2P1BPP1/5RK1 b - - 1 21,-107.0,-156.0,f7h6,quiet,18,0.061245,49.0,0
3r2k1/1pR4p/p5p1/P2b1p2/1nBP4/4rN1P/6P1/5RK1 b - - 0 19,-14.0,50.0,d5c4,capture,19,0.091600,64.0,0
r3k2r/pbqn1pbp/4p3/1P1p2P1/1Bpn4/2N2N1R/P4P2/1RQ1KB2 w kq - 0 14,-154.0,-89.0,f3d4,capture,26,0.082815,65.0,0
r4k2/1p5p/6p1/5bP1/1p2B3/1P6/PB1PP3/1K6 w - - 2 23,28.0,-47.0,e4f5,capture,15,0.107437,75.0,0
Rnb1r2k/6pp/5b2/1pBB4/5P2/2P3P1/1P4KP/1N6 b - - 1 22,-368.0,-256.0,b8d7,quiet,18,0.079064,112.0,0
r3kb1R/ppp1qpp1/2n5/3pp1N1/5P2/PP2P1p1/1BPPN1P1/2KR4 b q - 1 17,44.0,59.0,f7f6,quiet,26,0.021116,15.0,0
8/4Bp2/6kp/4P3/r5P1/5K2/8/8 b - - 64 80,366.0,272.0,a4a1,quiet,8,0.064391,94.0,0
1k1r3r/1pp5/p2p2Rp/3Pq3/4Q2P/1PP5/PK6/4R3 b - - 0 25,-29.0,-76.0,e5e4,capture,18,0.066023,47.0,0
rn2kb1r/pp2n2p/2pq1p2/3P1b2/3N4/1PN5/P2BB2P/R2QK2R b KQkq - 2 13,-7.0,49.0,f5g6,quiet,25,0.080125,56.0,0
8/5p2/1PN2kp1/R1pP4/2P1p3/4P1K1/4b3/1r6 b - - 2 38,-106.0,16.0,e2c4,capture,14,0.170993,122.0,0
rnb1k2r/pp1pb2p/4p3/2pn4/5B2/3P1N1P/PPP1B1P1/RN1K3R w kq - 1 10,5.0,0.0,f4e5,quiet,26,0.007195,5.0,0
r1q3k1/1p3rpp/p2p4/2nPp1b1/P3Pn2/R3BP2/1P1NN3/3K1Q1R b - - 5 19,143.0,160.0,f4e2,capture,25,0.020343,17.0,0
5r1r/1kp5/4p3/RPb1p2p/3BP1pP/3P2N1/1Q3qP1/3K3R b - - 0 32,-119.0,132.0,e5d4,capture,21,0.346180,251.0,0
8/4rkpp/5n2/8/6P1/8/6KP/2B2R2 b - - 0 32,45.0,10.0,f7g6,quiet,10,0.050013,35.0,0
8/4kp2/1p1qp3/1P5p/5P2/2Q3K1/8/8 w - - 0 51,-296.0,-257.0,c3e3,quiet,10,0.031562,39.0,0
1k1r2nr/pbpp2pp/1p1b1p2/1P1Nnq2/Q1P1pN2/4P3/1B1P2PP/R4BKR b - - 1 12,323.0,187.0,b8c8,quiet,30,0.119396,136.0,0
8/8/6B1/4b3/8/8/1p6/2k4K w - - 20 60,-387.0,-397.0,g6f5,quiet,5,0.004940,10.0,0
4k3/p6p/1r4p1/N1pp4/P3q2P/2P1Pr2/3Q4/R1K1R3 w - - 0 25,72.0,-34.0,c3c4,quiet,18,0.150932,106.0,0
2r3k1/5R1p/p1b3p1/P5rn/3B4/2Nn2P1/1p2N2P/5RK1 w - - 0 27,-186.0,-318.0,f7a7,quiet,19,0.117097,132.0,0
r1b1kr2/p1q1n1p1/1ppp1p1p/4p3/P1B1P2P/1QP1NPP1/3R2K1/R7 b q - 3 16,202.0,152.0,f6f5,quiet,26,0.056061,50.0,0
r3k2r/1bq2pR1/p3p2p/2bnP3/8/2PB1N2/2Q2PPP/2BR2K1 b kq - 0 17,-177.0,-74.0,d5c3,capture,23,0.129844,103.0,0
r2k2r1/1bppq3/1b5Q/3PP3/4PP2/p2B2P1/3NK2P/B6R w - - 0 24,-71.0,105.0,d2c4,quiet,21,0.247447,176.0,0
r1bk1br1/1p1p1p1R/p1n5/1Np1p3/P3P1n1/3P2P1/1PPB4/R3KBN1 w Q - 0 12,-29.0,-30.0,b5c3,quiet,26,0.001429,1.0,0
r4rk1/3qbp1p/n4npP/2pp4/4p3/1P2P3/1BP1NPP1/RN1QK2R b KQ - 3 12,-7.0,-2.0,f6g4,quiet,26,0.007194,5.0,0
8/kp4r1/p7/b1pNp3/2P1P3/P7/1r4BP/1N3RK1 w - - 4 32,126.0,-192.0,f1f2,quiet,17,0.425017,318.0,0
1rbqk2r/2pp1ppp/p3p3/P1b1n3/2P1P3/2N4P/RP2BPP1/2BQ1RK1 b k - 0 9,-7.0,-30.0,d7d6,quiet,28,0.032994,23.0,0
r7/5r1k/6bP/2QpppP1/5P2/3B4/pq2P1K1/R6R b - - 1 36,192.0,296.0,e5e4,quiet,18,0.094804,104.0,0
8/6p1/4kb1p/1r5P/R4PK1/6P1/8/8 b - - 21 80,222.0,276.0,b5b3,quiet,10,0.048347,54.0,0
6k1/8/2b2pr1/2n5/1P5R/7P/4R1PK/3r4 w - - 0 48,-310.0,-245.0,b4c5,capture,12,0.052434,65.0,0
r4rk1/1bpp4/2N4p/p1qn1pp1/P7/1R3PP1/4B1KP/3Q3R w - - 0 24,-65.0,-121.0,c6d4,quiet,22,0.074952,56.0,0
1k1rqb1r/p1n5/bppp1npp/4pB2/3PP3/P1N2NP1/1PPB1P2/2KRQ2R w - - 0 15,-3.0,24.0,f5h3,quiet,30,0.038801,27.0,0
4r3/6k1/2p2p2/p1Pp4/Pp1r2nP/1P2P1P1/3BR1N1/1K6 w - - 0 55,-166.0,-125.0,g2f4,quiet,19,0.049725,41.0,0
1r5r/p3p3/5p1k/8/2B1N1Qp/b3q3/2R1N1PP/5R1K w - - 1 25,793.0,1011.0,c2c3,quiet,18,0.007344,218.0,0
5bk1/p2r4/1p4p1/2pnN2p/P2p3P/1R4P1/3B1P2/1R4K1 b - - 2 37,-100.0,-260.0,d7d6,quiet,19,0.177014,160.0,0
8/6k1/8/4K3/6p1/2pr4/6R1/8 w - - 0 54,-392.0,-152.0,g2g4,capture,6,0.199431,240.0,0
8/8/2b5/5PpN/4k3/4P3/5K2/8 w - - 1 55,30.0,4.0,f5f6,quiet,7,0.037310,26.0,0
4r2r/p1k1b1p1/2pn4/1p5p/4bB1P/P3PNP1/1PPRB3/4K2R w - - 2 18,-77.0,69.0,e1f2,quiet,23,0.207046,146.0,0
5k2/5p2/pp1r4/8/4bP2/P3nPP1/1P3K2/R7 w - - 0 29,-347.0,-125.0,f3e4,capture,14,0.208024,222.0,0
4rk2/3p1b1p/3P1qr1/1N3p2/P4P2/1P3P2/2KQ4/3R2N1 b - - 2 26,-4.0,0.0,e8c8,quiet,18,0.005756,4.0,0
R1b1r3/3k4/2N3pp/2qP4/2p5/6Q1/5PPP/5BK1 w - - 3 30,651.0,873.0,g3g6,capture,16,0.016508,222.0,0
2k4r/pp2r1pp/2b1n3/8/6P1/2P1p3/PP2B2P/2KR1RN1 b - - 3 19,72.0,157.0,h8d8,quiet,20,0.109564,85.0,0
2k5/2p4R/K7/3r4/1P6/8/8/8 w - - 2 73,156.0,125.0,b4b5,quiet,6,0.038030,31.0,0
8/8/8/8/4kn2/2b5/5P2/6K1 b - - 9 60,620.0,688.0,c3d4,quiet,5,0.008713,68.0,0
rn3rk1/pR1pqppp/4pn2/2p5/Q1PP4/3B1P1P/P2B1PP1/5RK1 w - - 0 13,165.0,225.0,a4c2,quiet,26,0.063948,60.0,0
6k1/1pB2pp1/2p2b1p/p4N2/P7/1K6/3r1PPP/3r1B1R w - - 5 26,-255.0,-407.0,c7a5,capture,19,0.099629,152.0,0
4B3/8/1k6/2p4P/P7/8/3r1r2/2R4K b - - 0 61,313.0,398.0,f2h2,quiet,9,0.049770,85.0,0
q4rk1/4bppp/7n/2p5/4p3/4P1PP/r1Q1NP2/1RB2RK1 w - - 6 24,-103.0,-110.0,b1b2,quiet,21,0.009183,7.0,0
r3kb2/pp3p2/n1pP2pn/7p/2P1PPb1/2N3PP/PP1R4/2K2B1R b q - 0 13,51.0,-42.0,g4e6,quiet,25,0.133022,93.0,0
r2q1bnr/pkp2bp1/1p6/3P3P/4p3/2N1BB2/PP3P1P/R2QK2R w KQ - 0 12,186.0,199.0,c3e4,capture,25,0.013964,13.0,0
8/5Rp1/p7/P3P1k1/7p/8/7K/2r5 b - - 7 40,254.0,134.0,c1c2,quiet,9,0.128044,120.0,0
2B5/2p5/1p6/p2k4/P2B1n1P/1P6/5P2/2b2K2 w - - 2 52,97.0,121.0,d4e3,quiet,13,0.031342,24.0,0
1r4k1/p1b2rp1/b1p2p2/p1Pq4/3P1P1p/1PB4P/P1Q1N3/2K3RR b - - 0 19,145.0,266.0,d5f3,quiet,24,0.124840,121.0,0
1k1r4/2pq2p1/4b3/n3P2P/pp2Q3/b2pPN2/5PP1/B2RK2R w - - 1 29,54.0,32.0,f3d4,quiet,22,0.031171,22.0,0
2r2rk1/1q2b1p1/4pn1p/8/Qp1Bp3/2P3P1/1P3NKP/1R2R3 w - - 1 22,-233.0,-271.0,g2f1,quiet,21,0.033657,38.0,0
8/5k2/r5p1/5p1p/5P1P/6P1/4R3/5K2 w - - 0 47,-31.0,22.0,f1g2,quiet,10,0.076113,53.0,0
1r6/3rqk2/P1Q5/1P3ppN/8/4P1P1/3p1P2/1R4K1 w - - 0 43,-1.0,83.0,b1d1,quiet,16,0.118664,84.0,0
3rk1nr/ppp1ppb1/8/5bN1/1P1n3P/8/PB4P1/2R1KBNR b k - 4 12,132.0,188.0,f7f6,quiet,23,0.065591,56.0,0
r3kb1r/2pq1ppp/bp2p3/p1n1P3/3N4/2NPQ3/PP1P1PPP/R1BR2K1 w kq - 4 10,-129.0,-56.0,d4f3,quiet,29,0.097661,73.0,0
8/8/5p2/2R5/5k1p/5P1K/1r5P/8 w - - 6 44,-41.0,-90.0,c5c4,quiet,8,0.067968,49.0,0
8/1K6/1p6/1Pk2B2/3p4/7r/2P5/8 b - - 37 68,198.0,240.0,h3g3,quiet,8,0.041601,42.0,0
1k1r2r1/1ppq4/4bp2/p5pp/7P/2PBNPQ1/P1PB4/4RK2 w - - 3 18,-106.0,-26.0,f1f2,quiet,22,0.110636,80.0,0
1k2r3/1pp5/2n5/pnq2p2/3p4/PP1Pr3/2PNBQPP/R1K1R3 b - - 10 21,217.0,405.0,b5c3,quiet,23,0.134289,188.0,0
6r1/1R6/8/1P6/k2N1K2/4P1n1/8/8 b - - 2 56,-351.0,-430.0,a4b4,quiet,8,0.039456,79.0,0
6k1/3R2b1/b3p1p1/8/2n3P1/7R/3NKP2/r7 w - - 2 35,-174.0,-195.0,d7d8,quiet,13,0.023076,21.0,0
r1b1k2r/p4qb1/p1P2pnp/3p3Q/4pP2/1P2P1P1/PBP1N2P/R3K2R b KQq - 3 14,106.0,113.0,g6e7,quiet,27,0.009136,7.0,0
3rk1r1/1p3p2/4p3/2q1P2R/4B1P1/2Nn1P2/3Q4/1R3K2 b - - 0 28,-264.0,-175.0,d3e5,capture,17,0.087988,89.0,0
2r1r1k1/1p3bp1/3n4/pP6/q2N2R1/2PPp3/1Q4B1/1KR5 w - - 0 27,-174.0,-161.0,c3c4,quiet,19,0.014954,13.0,0
1r2kb1r/3b2pp/B2qpn2/3pN3/P2p4/7P/3BQPP1/2R1K2R b k - 6 20,-44.0,70.0,d7a4,capture,23,0.162382,114.0,0
8/8/8/4nk2/1R4p1/7p/4rN2/7K w - - 2 68,-421.0,-539.0,f2h3,capture,8,0.038406,118.0,0
r1b4R/2p3p1/4nk1p/p1p5/2P3P1/P4N2/P7/2K4R w - - 0 22,169.0,73.0,c1d2,quiet,17,0.122149,96.0,0
3r4/p3r1kp/Pp3np1/1Bp2p2/1b1p1P1P/1N3K2/1PP2P2/R6R b - - 1 24,412.0,231.0,e7e6,quiet,23,0.123843,181.0,0
2r1k2r/pR1bnpp1/4p2p/3pPP2/3b3q/P1PBB3/2P3P1/3Q1RK1 w k - 0 14,-46.0,192.0,c3d4,capture,25,0.317056,238.0,0
r7/1p2q1k1/p4n1p/P3r1p1/5p2/2N4P/1PQB2P1/5RK1 b - - 3 26,265.0,291.0,e5a5,capture,19,0.020917,26.0,0
4B3/p5pk/3r2q1/5p1p/5P1P/P7/KB2Q3/2Rn4 b - - 3 29,-165.0,-359.0,g6e6,quiet,16,0.166533,194.0,0
r2qk1nr/1pp2ppp/p1nb4/3N4/2p4P/6P1/PP2PP2/RNBQ1RK1 w - - 1 10,-101.0,-7.0,a2a3,quiet,27,0.131318,94.0,0
2bq1r1k/R6p/1r1b4/2p1n3/3p1p2/3P1N1B/5P1P/Q3RK2 w - - 4 26,-223.0,-423.0,h3g2,quiet,20,0.136379,200.0,0
8/8/R1bk4/8/P6r/1rp1B3/1PK2P2/1R6 b - - 1 41,-177.0,-235.0,b3b2,capture,12,0.059825,58.0,0
r2qkb1r/pp1N1pp1/2p1p2p/3n4/2NP4/2PQ2PP/PP3P2/R1B1K2R b KQkq - 0 9,-46.0,-48.0,d8d7,capture,27,0.002826,2.0,0
5Q2/1p6/p1p1R1r1/6k1/2Pq4/1P3b2/P2p1P2/1K6 w - - 8 52,-444.0,-604.0,e6g6,capture,15,0.042057,160.0,0
6k1/2p4p/4R3/r5p1/1p6/1P2Pp2/1BP2P2/3K4 w - - 0 32,218.0,282.0,d1d2,quiet,14,0.057104,64.0,0
r1bqk2r/1np3p1/1p2pn2/5p1p/2P5/b3PN2/2Q2PPP/RN2KB1R w KQkq - 0 12,-123.0,-71.0,a1a3,capture,26,0.069191,52.0,0
r1bq1k1r/1p3pp1/p1n2n2/3pp2p/2P5/1P2PP2/P1NNB1PP/R2QK2R w KQ - 0 9,-90.0,-5.0,c4d5,capture,28,0.119504,85.0,0
6k1/3b1p1p/3p1qpQ/3P4/2Pp4/pr1P3P/5PP1/R4BK1 w - - 0 27,-60.0,-71.0,h6c1,quiet,20,0.015280,11.0,0
8/7r/2k5/8/3B4/8/6K1/8 b - - 5 71,224.0,213.0,c6d5,quiet,4,0.010914,11.0,0
7k/1p5q/5p2/1N2b3/P1p1P3/1P6/2P5/1K1QB2r w - - 0 32,60.0,-90.0,d1d8,quiet,15,0.212198,150.0,0
4r1k1/1qb2p2/3p2p1/1P1R3p/2B1P3/2P4P/4QPP1/6K1 w - - 0 34,299.0,279.0,e2f3,quiet,18,0.015418,20.0,0
1r1q1rk1/1p2bpp1/p1npbn1p/2p1p3/P3P3/2NPB2P/1PPNBPP1/R2Q1RK1 b - - 0 10,46.0,15.0,c6d4,quiet,32,0.044242,31.0,0
6rk/r4Qp1/7p/7P/3q1p2/5P2/5RR1/6K1 w - - 7 46,6.0,-145.0,f7g6,quiet,13,0.205979,151.0,0
5r1k/4n1p1/pP5p/3B4/P1P1p1b1/2P1P1q1/3Q2P1/RN4K1 w - - 0 24,239.0,176.0,d5e4,capture,20,0.064681,63.0,0
r1br2k1/1p3pp1/p1n4p/8/P4p2/2RB4/1P1N2PP/5R1K b - - 2 16,257.0,377.0,c6e5,quiet,20,0.083057,120.0,0
r1bqkbr1/1pppp2p/8/1P3p2/1n4n1/P3P2N/1B1PB1P1/RN1QK1R1 b Qq - 0 9,30.0,56.0,b4d5,quiet,27,0.036833,26.0,0
rq4k1/5pp1/2Rb1n2/p2p3p/1p6/3B1PP1/PP3B1P/4Q1K1 b - - 0 21,141.0,68.0,a5a4,quiet,21,0.095834,73.0,0
8/1b2k3/8/1p3r2/p3n3/2PN4/1P6/1BK1R3 w - - 12 40,57.0,93.0,d3b4,quiet,12,0.049429,36.0,0
8/1P4pk/P2N4/3b1n1p/8/3K3P/5r2/R7 b - - 0 37,-326.0,-181.0,f2f3,quiet,12,0.128001,145.0,0
7r/p1Q5/N2Pbpk1/1P2r3/7p/6p1/3P4/2R3K1 w - - 3 35,217.0,384.0,a6c5,quiet,15,0.124034,167.0,0
r7/1k5p/6p1/2p1qp2/1p2b3/1P2P2P/P2Q1PP1/2RR2K1 w - - 0 30,270.0,610.0,d2d7,quiet,19,0.145486,340.0,0
r3r1k1/2pb2b1/p7/2pq2Pp/3ppB1N/7P/PPP1QP2/3RK1R1 w - - 0 19,-125.0,-70.0,e2h5,capture,24,0.073113,55.0,0
8/1p3k2/4rpRp/5n1P/5P2/1P1K4/1B6/8 b - - 12 42,54.0,-11.0,f5e7,quiet,12,0.092917,65.0,0
r1b2rk1/5pbp/p5p1/1p2P3/2PP4/4P3/1R2B1PP/2BR2K1 b - - 0 17,-124.0,-114.0,b5c4,capture,21,0.012826,10.0,0
r1bqk2r/p1n1ppbp/3p1np1/PPpP4/2B2P2/2N4P/1P1B2P1/R2QK1NR b KQkq - 2 11,-33.0,20.0,e8g8,quiet,30,0.076099,53.0,0
8/1p6/p3k3/8/3KP3/Pr6/1P4R1/8 b - - 6 44,-141.0,-179.0,a6a5,quiet,9,0.044531,38.0,0
8/k7/1p2pR2/pB1p3b/Pb1P3r/1P6/2K5/2B5 w - - 0 42,-94.0,-67.0,c1f4,quiet,15,0.036827,27.0,0
2kr1b1r/p7/1q1p2pP/4p1P1/1np1b2N/2B5/PP4BK/R2Q1R2 b - - 1 21,-6.0,-52.0,e4g2,capture,23,0.065646,46.0,0
4r1k1/2p2ppp/1p6/8/5P2/r3pQPP/1q2R3/6KR b - - 1 24,641.0,515.0,b2c3,quiet,17,0.024686,126.0,0
r1b1k2r/pp1p1ppp/3p1n2/3Pp3/2P5/3BB2P/PP3PP1/R3K2R b KQkq - 0 13,-10.0,11.0,b7b5,quiet,25,0.030212,21.0,0
8/7k/5Q2/8/6PK/8/3q1P2/8 w - - 15 54,319.0,392.0,f2f4,quiet,6,0.042701,73.0,0
r2qkbn1/1p6/2p1n1p1/p3p3/N2pP2r/P4P1B/1PPBQ3/R3K2R b KQ - 3 15,77.0,109.0,b7b5,quiet,25,0.042879,32.0,0
2R5/1p4rk/1p1P4/4n3/p2Rpr1P/8/P3P2K/8 w - - 2 34,-331.0,-386.0,h2h3,quiet,15,0.031707,55.0,0
1k5r/2q2pp1/p3b3/3r2N1/PpNp4/1P1P3p/2P2Q1P/1K1R1R2 b - - 0 24,-173.0,142.0,d5g5,capture,22,0.423933,315.0,0
8/3r4/8/8/8/pR6/k1B1K3/8 b - - 19 62,34.0,-41.0,d7d6,quiet,6,0.107506,75.0,0
r7/2b1pk2/1pP1b1p1/6B1/1n2B1p1/pPR4p/P2R1P2/7K b - - 4 28,46.0,144.0,c7e5,quiet,20,0.130314,98.0,0
5rk1/6p1/2pq1pn1/Bbb5/3pP1Pp/1P1P1Q1P/2P3B1/4K1NR b - - 0 17,260.0,195.0,c5b4,quiet,23,0.062625,65.0,0
4rrk1/p2b2pp/2nq1n2/2p1p3/P1Pp4/3B1NBP/5PP1/R2QR1K1 w - - 4 19,-123.0,-62.0,d1e2,quiet,25,0.081679,61.0,0
2r3k1/4bp2/5npp/4qb1P/1P1N4/4PB2/1QP3R1/2KR4 w - - 5 28,38.0,148.0,h5g6,capture,19,0.146508,110.0,0
1n1k1bnr/1pq1p1p1/4b2p/3pPp1Q/r1pP1P2/1P3N2/P1PB2PP/R3KB1R b KQ - 0 10,-31.0,-14.0,a4a7,quiet,30,0.024358,17.0,0
2b1kbnr/1pp2pp1/2n1p2p/3q4/2PP1P2/5NP1/1B1N3P/r2QKB1R w Kk - 0 11,-273.0,-7.0,d1a1,capture,26,0.317927,266.0,0
8/Br1n4/B3k1p1/3b3p/5p2/5P2/6PP/R5K1 w - - 0 39,-133.0,327.0,a6b7,capture,14,0.550453,460.0,0
2k1r3/1p6/3b1nq1/1PpP2p1/Q5b1/4PN2/1P3PB1/R1B1K3 w Q - 1 23,70.0,61.0,a1a3,quiet,20,0.012502,9.0,0
3r1Bnr/p2P1kpp/5p2/3p4/8/P4P2/1P3P1P/RN2KB1R b KQ - 0 12,-380.0,-384.0,f7f8,capture,21,0.002069,4.0,0
5rk1/p1p1r1p1/3p1p1p/p2P4/2P3qP/1PB1pRP1/4Q3/5K2 b - - 1 21,675.0,563.0,f8e8,quiet,21,0.017534,112.0,0
2kr1b1r/1bqpn3/p1n2p2/1p2p1p1/Pp2P3/2PP1PN1/3B1NBP/R2Q1RK1 w - - 0 14,-75.0,22.0,a4b5,capture,29,0.137906,97.0,0
r2q1rk1/1p2bppp/p1p2n2/2Pp4/1P1Q2b1/P1N2N2/4PPBP/R4RK1 b - - 5 10,207.0,182.0,a6a5,quiet,27,0.026696,25.0,0
8/8/8/4k3/8/3K4/7r/6R1 b - - 1 68,38.0,9.0,h2h3,quiet,4,0.041520,29.0,0
8/4k1p1/2p1p3/p2r2P1/1pN1K3/1P4R1/P7/8 w - - 4 36,371.0,257.0,e4e3,quiet,13,0.079836,114.0,0
4r1k1/4R2p/p1b3p1/r6n/3B2P1/2Nn4/1p2N2P/5RK1 w - - 1 29,-302.0,-189.0,e7e8,capture,18,0.102491,113.0,0
1R6/5ppk/2p4p/2P2r1r/3P1Pq1/3PP3/6P1/2R1Q1K1 b - - 4 34,-371.0,-310.0,h5h3,quiet,18,0.038068,61.0,0
r1b1k3/1p3r2/2n3Qp/p1Pp4/5B1q/P1P5/4BPP1/RN2K3 w Qq - 4 21,47.0,0.0,g6g8,quiet,21,0.067229,47.0,0
8/5rk1/4r3/2Qpb1p1/3p2P1/1P1P4/2P2RK1/8 w - - 2 45,212.0,540.0,f2f7,capture,14,0.185113,328.0,0
8/5k2/R5pp/P3pp2/2r5/P7/6KP/8 b - - 0 35,73.0,189.0,c4a4,quiet,11,0.144463,116.0,0
8/4n1k1/2p3Pp/3b4/3P2K1/8/p1B5/B7 w - - 30 68,-235.0,-434.0,a1c3,quiet,11,0.129441,199.0,0
5k2/3R1b2/2rn4/5p2/5K2/8/8/3B2R1 w - - 20 60,327.0,299.0,d1f3,quiet,9,0.019601,28.0,0
1r3rk1/2pp1q2/1nn1pP2/1bb4p/p7/P1B2NP1/1PQ2PB1/3RR1K1 w - - 1 22,37.0,231.0,f3g5,quiet,25,0.237751,194.0,0
4r1nr/pp3k1p/n2q1p2/2pp2pP/3P4/P1PB3N/1PQN1PP1/R4K2 b - - 1 12,-46.0,-15.0,a6c7,quiet,26,0.044242,31.0,0
2r1r1k1/p6p/Q1B1p3/8/3q3b/B6P/P1K3P1/1R6 b - - 2 26,599.0,956.0,d4e4,quiet,16,0.026768,357.0,0
8/6p1/2k5/4RP2/1P6/1K6/r7/8 b - - 2 68,-204.0,-151.0,a2g2,quiet,7,0.059340,53.0,0
r1b1k2r/ppp2q1p/3b4/3n1pp1/PP1P4/1Q2Pp2/3NB1PP/R1B2RK1 w - - 0 13,-42.0,13.0,d2f3,capture,27,0.078850,55.0,0
r2qkb1r/pp1n1ppn/2p1p2p/3p4/3P1BP1/P1N1PN1P/1PP2P2/R2QK2R w KQkq - 0 9,-41.0,14.0,d1d3,quiet,30,0.078868,55.0,0
r5k1/3p3p/1pbqpp2/n4p2/2P2P2/4N3/1Q2B1PP/1N1R2K1 b - - 0 19,-103.0,34.0,d6f4,capture,21,0.192808,137.0,0
q5k1/1p3pp1/1R3n1p/P1p2P2/2N5/3r2P1/3B3P/4R1K1 b - - 1 24,183.0,280.0,d3d2,capture,18,0.092229,97.0,0
r1b1r3/1p5p/p1nk2p1/3p1p2/P2P1N1P/2P5/1P3PP1/RN3K1R b - - 2 14,-109.0,19.0,e8e4,quiet,23,0.179228,128.0,0
4qrk1/r1pb1npp/3p4/3Qn2B/p4N2/2PP2P1/PP5P/R1B2RK1 b - - 6 17,40.0,-33.0,d7c6,quiet,25,0.104660,73.0,0
4rrk1/pp1b2pp/1n3q2/2pPbp2/3n1N1P/1PNQ1PP1/PB1P4/R2K1BR1 w - - 3 18,0.0,-69.0,a1c1,quiet,29,0.098014,69.0,0
8/8/p1k5/4b3/8/4B3/6p1/3K4 w - - 0 49,-446.0,-471.0,d1e2,quiet,6,0.008957,25.0,0
1k6/3B4/8/4p3/4p3/2b1Pb2/3N4/4K3 b - - 69 76,247.0,224.0,b8c7,quiet,9,0.021574,23.0,0
r3r1k1/p4pb1/1p2qn2/3pBp2/7P/3N1QP1/PP6/R4RK1 b - - 3 22,237.0,122.0,f5f4,quiet,21,0.127760,115.0,0
r3k2r/p2q1nbp/1p3pp1/1P2p3/1QN5/3P2BP/4PP2/R3K2R b KQq - 0 16,110.0,84.0,a8d8,quiet,23,0.034633,26.0,0
8/8/8/2kb4/p7/Np6/8/K7 b - - 1 73,500.0,535.0,c5b4,quiet,6,0.009288,35.0,0
k1r1b2R/8/1p1Bp3/pP1pPp2/P1pr4/8/2B5/4K3 w - - 0 47,-260.0,-365.0,h8h7,quiet,17,0.073932,105.0,0
4r3/3pqp2/2p3pk/4Pp2/3P1P1p/2P2N1P/Q5PK/4R3 b - - 4 30,-468.0,-480.0,h6g7,quiet,19,0.003976,12.0,0
8/p5k1/6p1/pr3nPp/2p1K3/3p4/R7/6R1 b - - 1 41,517.0,478.0,h5h4,quiet,13,0.011479,39.0,0
4r1k1/1p3ppp/p1n5/4nb1P/4pB2/1P4P1/P4PB1/3R2K1 b - - 2 22,394.0,424.0,f5g4,quiet,20,0.013686,30.0,0
k2r1r2/pp1q1p2/2p1p1p1/2PnP1Np/3P4/PQ5P/5PP1/1R1R2K1 w - - 5 20,41.0,107.0,b3c2,quiet,24,0.090564,66.0,0
r3kbnr/pp6/2p5/P2bnp2/1P1B3p/N1P3P1/4N2P/R2K1BR1 b kq - 1 13,93.0,30.0,d5b3,quiet,24,0.087664,63.0,0
5rk1/1bpq1ppp/3b4/1r2p3/4n3/1PBN4/3P1NPP/1R1Q1RK1 w - - 0 18,-270.0,-290.0,d1c2,quiet,23,0.015966,20.0,0
r5kr/1bpnqpb1/p5pp/2nPp3/P1B1P3/B1P1QN2/3N3P/R3K1R1 w - - 6 18,-37.0,64.0,a4a5,quiet,27,0.144122,101.0,0
8/8/Q7/2PPN3/4kp2/1p2p3/6K1/1r6 b - - 2 60,-362.0,-184.0,e4e5,capture,10,0.146787,178.0,0
5k2/8/4p2p/1P5p/4B2P/3Q3K/8/6q1 w - - 6 57,405.0,475.0,d3d8,quiet,10,0.027580,70.0,0
6k1/8/1R6/8/4K3/8/8/6r1 b - - 3 56,-18.0,-2.0,g8g7,quiet,4,0.023003,16.0,0
8/7k/1P6/P1K4p/2P2q2/8/5r2/8 b - - 6 50,1249.0,1460.0,h5h4,quiet,8,0.000530,211.0,0
2b1k2r/2r2p2/pp6/2pBP1R1/3b1P1p/3N4/P3KP1P/2R5 b k - 5 25,-31.0,-76.0,e8d8,quiet,20,0.063166,45.0,0
2R5/8/1k1P3p/p5rP/5p2/Bp6/1P3r2/7K b - - 7 60,637.0,556.0,f4f3,quiet,13,0.014224,81.0,0
1n3rk1/2p5/4b1p1/2q3p1/2NpP3/P2P2PP/2PQ2B1/3K1R2 b - - 1 20,-45.0,-70.0,f8f1,capture,20,0.034996,25.0,0
r2q1rk1/1b1pbppp/4pn2/p7/1nNp4/1P2PN1P/1B2BPP1/R2Q1RK1 w - - 0 11,-116.0,-68.0,f3d4,capture,28,0.064370,48.0,0
r4bk1/pp3rpp/n1n5/3N1p2/2P5/B4NP1/P5KP/3RR3 w - - 11 24,160.0,80.0,a3f8,capture,21,0.102116,80.0,0
4R3/p1pk3p/1pNb4/1P1P1P1r/5p1q/3Q1PrP/6P1/R6K w - - 14 32,69.0,197.0,e8d8,quiet,21,0.158567,128.0,0
r1bqr1k1/pp3ppp/8/2Pp1n1P/3b1P2/P3P3/1BPQ1P2/R3KB1R w - - 0 16,-155.0,31.0,b2d4,capture,26,0.253849,186.0,0
Q7/2kb2rp/3p2p1/1P3p2/2P5/2q2P2/P5PP/4R1K1 w - - 9 29,180.0,1007.0,b5b6,quiet,17,0.258863,827.0,0
1k1r3r/nbp3bp/1p3qp1/p1nPN3/P3N3/8/3R1PPP/BB1QR1K1 b - - 6 25,80.0,-96.0,c5e4,capture,26,0.247880,176.0,0
3rkb2/1b4p1/p3pp2/2pq4/Pp2nP2/1P2PN1r/1BQPB2P/2K2RR1 b - - 3 20,68.0,74.0,e8f7,quiet,26,0.008284,6.0,0
4kb1r/5p1p/4p3/3pP3/1nbP1NpP/1qN1Q3/1P1B1PP1/1K5R b k - 9 18,23.0,64.0,b4c2,quiet,23,0.058024,41.0,0
5rk1/R2Q4/5p2/2P1p1p1/2qp4/5PK1/7P/8 b - - 1 41,88.0,28.0,f8f7,quiet,13,0.083794,60.0,0
rnbqkb2/ppp1p3/6N1/3r1p1p/5P2/NP2P2P/P2P2P1/R1BQ1KR1 b q - 0 9,-74.0,-162.0,d8d6,quiet,27,0.112679,88.0,0
1k4rr/1pN5/p7/q2ppQ1p/4n3/b3P1PP/2R1B1K1/1R6 b - - 0 25,236.0,248.0,g8g3,capture,20,0.011008,12.0,0
8/6p1/5k1p/r7/5NKP/6P1/8/8 w - - 4 56,-341.0,-308.0,f4h5,quiet,8,0.022023,33.0,0
r4k1r/1pp2pbp/3p2n1/pN1P4/4nP1p/4B2B/PP3P2/R3K2R b KQ - 1 14,52.0,75.0,g7b2,capture,24,0.032008,23.0,0
2k3r1/1rn5/2pQp3/1p2Bb2/7p/1P3BPq/5P1P/5RK1 w - - 2 26,-159.0,124.0,d6c6,capture,19,0.385319,283.0,0
r1b4r/1p2k1pp/2n2n2/3p4/1p6/5NP1/P2NPPBP/R3K2R w KQ - 4 12,-101.0,-4.0,e1g1,quiet,22,0.135634,97.0,0
N1k4r/pp4pp/3b1n2/1B1P4/6PP/2N5/PPbK1P1R/n1B5 w - - 1 15,149.0,48.0,h2h1,quiet,22,0.133541,101.0,0
r1bq1rk1/5ppp/2p1p3/3p4/3P3n/1PN5/P2QNPPP/R3K2R w - - 0 12,-59.0,-74.0,h1g1,quiet,24,0.020812,15.0,0
8/2k1p3/2p5/1p6/1P6/2b1R3/3NKPP1/2r5 w - - 0 31,-46.0,-26.0,e3e7,capture,12,0.028468,20.0,0
7r/1p3k2/4pp2/1P1n3p/q2b3N/6PP/1Q1P1PB1/4R1K1 w - - 4 30,9.0,133.0,b2b1,quiet,19,0.169621,124.0,0
1n2kb1r/1b3ppp/3qp3/1Pp5/1pP2P2/3P4/1B4PP/Q3KBNR w Kk - 1 13,84.0,62.0,b2g7,capture,24,0.030294,22.0,0
n7/P3kp2/4p3/Q1p5/3q4/1P2N3/4K3/8 w - - 13 53,144.0,115.0,e3c4,quiet,11,0.036421,29.0,0
8/5k2/8/n2K2b1/8/5N2/8/8 b - - 1 58,195.0,296.0,g5c1,quiet,5,0.091591,101.0,0
r2q1k1r/4npp1/p7/1p1n1b1p/P1p5/2P2PPN/1P4KP/RN1Q1B1R w - - 0 14,-138.0,-164.0,d1d2,quiet,26,0.031145,26.0,0
4r1k1/5qp1/3p3p/3B1P2/p1p3P1/P1r5/1PP5/2KR4 w - - 0 29,-615.0,-69.0,d5f7,capture,17,0.373797,546.0,0
r1bqk2r/ppp3pp/4pp2/1P6/1b1n1P1P/2NP4/1PP2PB1/R1BQK2R w KQkq - 3 10,17.0,24.0,c1d2,quiet,28,0.010038,7.0,0
4r1k1/5pb1/3p4/1q1P4/p1R1n3/BP1QPbPp/P4P1P/2R3K1 w - - 0 27,8.0,103.0,b3a4,capture,22,0.132523,95.0,0
r4rk1/1Np4p/P2q1p2/P2p2pb/3Pp3/2Q1P3/2P2PR1/4KB2 b - - 4 28,146.0,24.0,d6e6,quiet,22,0.164075,122.0,0
4r3/6kp/1P3bp1/3Q4/3P3q/2B4b/1R3PBP/7K b - - 0 34,-373.0,-280.0,e8d8,quiet,16,0.061741,93.0,0
8/p7/1pk2p2/3p4/1P1P4/Pb2K3/8/5B2 w - - 20 50,-141.0,-165.0,f1d3,quiet,11,0.028615,24.0,0
8/5k2/N5p1/8/7p/6P1/2p4P/2B1K3 w - - 0 45,287.0,656.0,g3h4,capture,9,0.138429,369.0,0
k6r/3b4/P2qpR2/P2p1Q2/1p1P4/2P3p1/4B1K1/1R3N1r w - - 0 28,281.0,441.0,c3b4,capture,19,0.092345,160.0,0
1nkr1b1r/pppn1p2/4b1pp/4P3/4P3/P1N1BN1P/1PP3P1/R3KB1R b - - 4 10,-151.0,2.0,f8g7,quiet,27,0.207463,153.0,0
8/5k2/8/4n3/p7/2N5/2K5/8 b - - 5 75,122.0,63.0,a4a3,quiet,5,0.079011,59.0,0
r3kbn1/pbpp1pp1/2n1p3/1p6/3PP2q/2P2NN1/PP3PB1/R1BQK3 b Qq - 7 9,98.0,20.0,h4g4,quiet,27,0.108658,78.0,0
r1b2r1k/1p4pp/p7/2PQN3/4p3/q6P/6PK/1R2R3 b - - 1 23,-53.0,-59.0,c8f5,quiet,18,0.008414,6.0,0
8/2pk4/5rp1/2KP2R1/PP3r2/7p/8/7R b - - 2 46,212.0,146.0,f4f3,quiet,12,0.073570,66.0,0
3r3k/1p4p1/p1bq1p1p/3p4/P2R4/3Q3P/1P4P1/4R2K b - - 0 27,88.0,37.0,d6c5,quiet,18,0.070955,51.0,0
r1b2rk1/1pp2q2/3b1np1/pN1p2B1/P2n4/3N4/1P2BPPP/R2QK2R b KQ - 3 11,-71.0,45.0,d4e2,capture,26,0.165179,116.0,0
8/1pN2k1p/2b5/r1p5/p1n2BP1/7P/PP2R3/6K1 b - - 2 30,52.0,-6.0,a4a3,quiet,16,0.082914,58.0,0
1rb3k1/1np1qppp/B2p3n/3Pp3/1Q2P3/4PNP1/2PN4/4R1K1 w - - 2 20,-1.0,15.0,e1e2,quiet,23,0.023012,16.0,0
k1b3r1/1pP5/1n1P3p/p7/1q2BB1P/5N2/2Q4K/8 b - - 1 32,27.0,216.0,g8g4,quiet,16,0.237376,189.0,0
r7/5rpk/2pB3p/2Pb4/p2PpP2/Q3P2q/2P2R1P/6RK w - - 0 27,49.0,36.0,d6e5,quiet,21,0.018429,13.0,0
2r3r1/1p1k3q/p1nbpn1p/3p1pp1/P2P4/1PPB1NPP/1BR1QP2/5K1R w - - 2 22,87.0,82.0,b3b4,quiet,28,0.006786,5.0,0
2k2r1r/1p6/5P2/p2p3p/3PbR1B/2P5/P2Q1Kpq/6R1 w - - 10 28,-32.0,-42.0,f6f7,quiet,19,0.014228,10.0,0
2k5/8/R7/2N4K/8/1P3n2/8/6r1 b - - 0 51,-87.0,239.0,g1g5,quiet,7,0.420965,326.0,0
5r2/1p1k4/8/pP1p1q2/P1pPpNnQ/N1P1PbP1/3K4/5R2 w - - 9 29,-189.0,-92.0,a3c2,quiet,21,0.118611,97.0,0
2r5/Rp3p2/4b2p/1P4pP/2Pk2P1/3B1P2/3K4/8 b - - 6 35,-224.0,-94.0,b7b6,quiet,15,0.151984,130.0,0
r3k2r/1p3p2/4b3/p3p2p/K5nR/P1P3q1/1P1B4/3R1BN1 w kq - 0 21,-883.0,-966.0,h4h3,quiet,20,0.002332,83.0,0
8/4rk2/8/8/8/8/3K4/1R6 w - - 8 70,-10.0,13.0,b1b8,quiet,4,0.033087,23.0,0
8/pk6/1p6/8/P1KN3r/1P6/8/8 w - - 23 61,-379.0,-331.0,c4d5,quiet,8,0.028094,48.0,0
3k4/3P1p2/8/1B3p2/5P1p/7K/5b2/8 w - - 14 47,113.0,-60.0,b5a4,quiet,9,0.242617,173.0,0
8/2kr2p1/2npb1pp/1p6/1P2P2P/2P2P2/3R1KP1/3R4 b - - 4 42,-53.0,-28.0,c6e5,quiet,18,0.035479,25.0,0
r5n1/ppq2kp1/2bbpp2/2p5/2P2PPN/2NPB3/PP1KP3/R2Q4 w - - 5 12,91.0,95.0,d2c2,quiet,25,0.005363,4.0,0
8/8/8/8/6p1/7p/5k2/7K b - - 1 57,504.0,958.0,h3h2,quiet,4,0.048080,454.0,0
4Q3/3K2k1/8/2b3p1/6P1/8/2P5/8 b - - 0 67,-877.0,-1026.0,c5a3,quiet,7,0.003663,149.0,0
r3kbr1/1bppq3/ppn1pn1p/5p2/P1NP1N1P/2PBP3/1P1B1P2/R2QK2R b KQq - 3 10,45.0,153.0,c6b4,quiet,30,0.142575,108.0,0
r2r4/2k2pp1/4b2p/3Pp3/p3Pn1P/5P2/P1KN1bP1/1R1R1B2 b - - 0 23,337.0,262.0,e6d7,quiet,22,0.055551,75.0,0
8/8/1p1kbpp1/1P5p/r1PK3P/2R2PP1/3N4/8 w - - 0 40,184.0,141.0,d2e4,quiet,15,0.050072,43.0,0
5r1k/2p4p/1pq2np1/2b1Q3/1p3pP1/1B3N2/P1P2PKP/5R2 b - - 0 22,165.0,91.0,c5d6,quiet,21,0.093033,74.0,0
1q2k2r/R3p2p/2p5/6p1/2n1B1P1/8/8/4K2R w Kk - 0 24,-375.0,-495.0,e4c6,capture,13,0.048814,120.0,0
8/1pB5/p3k3/2p3p1/PPP5/2K2n2/8/8 b - - 0 37,182.0,172.0,c5b4,capture,11,0.011218,10.0,0
r5k1/2r1b1pp/1pn1p1n1/p2pPp2/3P1P1q/1PPB1Q1P/R4P2/1NBK3R w - - 3 16,-20.0,40.0,c1e3,quiet,28,0.086062,60.0,0
8/8/2k1N3/p7/p1NPp3/2P1P3/5r2/2K5 w - - 7 49,59.0,131.0,e6c5,quiet,11,0.095970,72.0,0
r1br2k1/1p2npp1/2nqp2p/3p4/p2P4/4NNP1/PRQ1PPBP/1R4K1 b - - 0 14,43.0,177.0,a4a3,quiet,27,0.173189,134.0,0
2R5/4kp2/8/3P4/3n1PK1/3P4/3r4/8 b - - 3 38,166.0,241.0,e7d7,quiet,9,0.077928,75.0,0
1r6/2r1kpQ1/bq1p1p2/3PpB2/p3P2P/1P4P1/3R1P2/3R2K1 b - - 0 32,-114.0,-89.0,b6b3,capture,21,0.033063,25.0,0
8/3N2R1/4k3/3p4/7r/5P2/2b3K1/8 w - - 0 43,-79.0,-41.0,d7f8,quiet,8,0.053039,38.0,0
8/2p5/6R1/4p2k/4B3/3K2P1/5r2/3n4 b - - 13 57,-89.0,-10.0,d1b2,quiet,9,0.110964,79.0,0
r3kb1r/ppp3p1/3nP3/1P6/2p1N3/4B2p/P3PP2/R3K2B b Qkq - 0 21,363.0,302.0,d6f5,quiet,21,0.039398,61.0,0
5rk1/p4ppp/1p1r3q/6P1/8/2P2NP1/PP2P3/R3KB2 b Q - 0 13,506.0,607.0,h6h1,quiet,19,0.022047,101.0,0
k6r/8/1B6/3pPbp1/4n3/P4p2/P4P2/3K2R1 w - - 0 26,-156.0,-202.0,d1e1,quiet,14,0.051302,46.0,0
r3k1nr/pp3pbp/n1p1p1b1/3p2P1/RPP3P1/1P1P1N1P/4P3/1NBK1B1R b kq - 2 9,-52.0,4.0,g8e7,quiet,29,0.080036,56.0,0
5rk1/p2b1r2/Bp1b3p/3N2p1/1P1Pp1P1/P3Bp1P/5Pn1/2RK3R b - - 0 28,192.0,164.0,g2e3,capture,24,0.031322,28.0,0
2k1r3/5pp1/p1b5/2N4p/4N1PP/4KP2/P1PR3q/1R6 b - - 1 23,288.0,119.0,h2h4,capture,18,0.175093,169.0,0
2r1rbk1/2qn1p1p/p2p1np1/8/1PN2P2/2QP1P2/1B2B2P/R3K2R b - - 0 19,134.0,239.0,d6d5,quiet,24,0.114498,105.0,0
2b2rk1/2qp1pp1/3n1b1p/p1pPN2P/1rP1P3/2NB1PP1/8/R2Q1RK1 w - - 1 19,-35.0,-52.0,f3f4,quiet,26,0.024081,17.0,0
2kr3r/1b1q2p1/Bp1bpp2/3p1n1P/3P3P/2P2N2/PP2QP2/R1B1K1R1 b Q - 0 13,-99.0,-99.0,d7f7,quiet,26,0.000000,0.0,0
1Q6/4qpk1/6p1/r7/P7/7P/6PK/5R2 w - - 19 55,0.0,52.0,b8f4,quiet,11,0.074280,52.0,0
7R/8/8/2pB2rp/2P1K3/8/1k6/8 w - - 10 58,412.0,397.0,h8c8,quiet,8,0.006987,15.0,0
r4k1r/p1p2p1p/5np1/1Qp5/2Pqp3/4R2P/P4P1P/3RKB2 b - - 3 16,84.0,127.0,d4e5,quiet,22,0.056456,43.0,0
r1q1r1k1/1p1n1ppp/3bpn2/pPpp1b2/P1PP3P/B3PN2/3NBPP1/R2Q1RK1 b - - 3 9,87.0,94.0,e6e5,quiet,32,0.009420,7.0,0
r1b2rk1/1p2bppp/p1n1pn2/1q6/N1p2B2/PP3NPP/4PPB1/R2Q1RK1 w - - 0 12,-43.0,81.0,b3c4,capture,29,0.176069,124.0,0
r1b1kbnr/pp4pp/2p1N3/3p4/P5p1/4P3/1PPP2BP/R1B1K1NR b kq - 0 10,-61.0,97.0,c8e6,capture,26,0.222972,158.0,0
8/5npk/4N3/3q4/p6P/4Q1P1/5P1K/8 w - - 16 54,69.0,75.0,e6f8,quiet,11,0.008274,6.0,0
3qkb1r/prpp2pp/5n2/5p2/QPP2P2/P4PP1/7P/R1B1K2R b KQ - 0 12,160.0,178.0,d8e7,quiet,24,0.020625,18.0,0
6k1/3r1p2/pq4b1/3B2Q1/2p5/P7/1P6/2K5 w - - 0 30,-433.0,-579.0,a3a4,quiet,12,0.041926,146.0,0
3rr1k1/ppp1bpp1/2q2n2/8/6Pp/2N1BN1P/PP2QP2/2RR2K1 b - - 7 15,-200.0,-126.0,d8d1,capture,24,0.085971,74.0,0
r4k2/q5p1/2Q5/1p2p1P1/2n1p1b1/8/5PP1/5RK1 b - - 1 25,418.0,514.0,f8f7,quiet,15,0.033380,96.0,0
8/1rp1kp2/3p2p1/p2P4/7P/5R2/P4PK1/8 w - - 13 47,25.0,-118.0,g2g3,quiet,13,0.199490,143.0,0
8/3rk1p1/7p/PR6/5P2/4P3/2rpK3/3R4 b - - 0 35,-23.0,-51.0,c2a2,quiet,12,0.039821,28.0,0
1k1rr3/p1p5/1p6/3p4/5qPP/3Q1P2/1P1R4/1BK4R b - - 4 27,-125.0,-161.0,e8e3,quiet,17,0.043914,36.0,0
rnbqr1k1/1p4b1/2p2pB1/p2p3n/3P1P2/P1N1P2P/1P4P1/R1BQ1RK1 b - - 0 10,-19.0,-188.0,h5g3,quiet,27,0.219597,169.0,0
r5k1/1bp1bp1p/3p1np1/1PqP1p2/2PN1P2/2NQP3/1B4PP/5RK1 w - - 4 17,-45.0,81.0,f1d1,quiet,25,0.178902,126.0,0
8/2p3b1/1p1p4/1P1P2k1/8/3K1B1P/8/8 b - - 14 68,35.0,94.0,g5f4,quiet,10,0.081871,59.0,0
r3r1k1/1pp2pb1/p1n2qp1/3Npb1p/2P5/3PP1P1/PB3PBP/R2Q1RK1 b - - 3 12,-67.0,-3.0,f6d6,quiet,28,0.090926,64.0,0
2r5/8/pkn1p2R/2np4/8/Pq6/1P3R2/1K2Q3 b - - 3 34,217.0,303.0,d5d4,quiet,14,0.074068,86.0,0
4r1k1/1p6/p2p2p1/P2P1b1p/1PPb4/8/3B1PR1/5BK1 b - - 2 34,-8.0,16.0,h5h4,quiet,18,0.034520,24.0,0
3R4/2P5/8/6p1/5pK1/P1r5/4kp1P/8 w - - 4 77,-105.0,-261.0,d8e8,quiet,10,0.171269,156.0,0
r3r1k1/1pqn1pp1/p2b1nb1/6B1/3pN3/1Q4P1/PP2N1BP/2R1K2R b - - 0 17,169.0,224.0,c7c1,capture,25,0.058368,55.0,0
3r1rk1/2pnqp2/p3p2p/1p5Q/3R3N/2P3PP/PP5K/5R2 b - - 2 21,100.0,28.0,g8h7,quiet,21,0.099857,72.0,0
1k6/1p3p1p/6p1/Q1p3P1/3b1PK1/P3q2P/1PPr4/R4B2 w - - 7 27,-67.0,0.0,a5d8,quiet,19,0.095243,67.0,0
4k3/2R4P/K4R2/4r3/p4p2/P7/7r/8 b - - 0 57,-151.0,-180.0,e5h5,quiet,10,0.033524,29.0,0
rnk1Bb2/1bp1n2r/1p1pP1p1/pP6/2P2q1p/4NPR1/PB1Q4/1K4R1 w - - 0 27,-129.0,-168.0,e8g6,capture,26,0.046978,39.0,0
8/8/2k2r1p/3pp2R/8/4K3/3N4/8 b - - 1 38,-64.0,45.0,c6d6,quiet,8,0.155476,109.0,0
3b4/1p1k1p2/p1p1b1p1/P1P5/2P2K2/2BB4/5P2/8 w - - 2 41,-103.0,-84.0,f4e3,quiet,15,0.025450,19.0,0
1k1r1r2/p1p5/1p2p2p/8/2q1P3/P3R2P/1P1BQnKP/R7 b - - 11 21,73.0,192.0,f2d3,quiet,20,0.147704,119.0,0
2kr2nr/pbqp2p1/1pn1pp2/8/1bP1P3/2N1BNPp/PP2BP1P/2RQ1RK1 b - - 4 10,-25.0,-20.0,b4c3,capture,30,0.007165,5.0,0
6k1/4nppp/1r6/pp2PP2/3rBB2/7P/PP3P2/4R1K1 w - - 3 20,120.0,18.0,f4g5,quiet,19,0.140258,102.0,0
R7/6p1/6k1/p5r1/2pB4/P1P1K3/7P/3b4 w - - 10 40,192.0,175.0,a8a7,quiet,12,0.018734,17.0,0
6k1/8/8/1p1P4/2b4r/4P1K1/1Q1R2P1/5r2 b - - 4 48,-205.0,-277.0,h4e4,quiet,11,0.066293,72.0,0
1rr3k1/p5p1/4q3/7p/Q2PpP1R/4N1P1/P4PK1/2R5 b - - 0 25,-327.0,-10.0,c8c1,capture,18,0.353495,317.0,0
8/1R6/3p1k2/6p1/4rb1p/p6P/P4KP1/5N2 b - - 4 49,432.0,341.0,e4c4,quiet,13,0.046358,91.0,0
r2qk1nr/pbp4p/3p4/3P2P1/1p1pp3/7P/PPPQ1NP1/R3KB1R w KQkq - 0 10,180.0,325.0,d2d4,capture,26,0.128448,145.0,0
2kr1br1/ppqn1p2/2p1pnp1/6B1/3P4/1QP3N1/PP3PP1/2KR1B1R w - - 4 14,64.0,100.0,f1c4,quiet,26,0.048989,36.0,0
3kn3/8/n1K1P3/P1P5/3N4/8/8/8 w - - 5 53,396.0,403.0,d4f5,quiet,8,0.003338,7.0,0
1r2qrk1/1bppb1p1/np3n1p/p2N2P1/2PpP2P/P2B4/1PQBN3/1K1R3R b - - 0 15,-62.0,-24.0,f6d5,capture,29,0.053806,38.0,0
4R1bk/8/8/8/P7/8/6PP/1q4BK b - - 12 50,141.0,76.0,b1d3,quiet,9,0.084802,65.0,0
5r1k/1b4pp/1p1bp3/1P1p4/3PpP2/1P2P2P/1B4P1/R5K1 b - - 0 20,277.0,254.0,f8a8,quiet,20,0.019394,23.0,0
r2q1rk1/1b2ppbp/1ppp1np1/p7/Pn1PP3/1NN1B1PP/1PP2PB1/R2QR1K1 w - - 6 10,0.0,128.0,e4e5,quiet,32,0.176302,128.0,0
5bk1/1r3bpp/5n2/3p1P2/1N1q1NP1/B3R3/8/2R3K1 w - - 0 29,-286.0,-731.0,f4g2,quiet,17,0.146945,445.0,0
r1b1k2r/3n1pb1/p2qpnp1/1p1p3p/1P5P/P1N1PP2/1BPQ2P1/1K1R1BNR w kq - 3 12,67.0,44.0,e3e4,quiet,30,0.032258,23.0,0
r2k3r/p5p1/n4p2/2p1bn1p/1pP5/3K1P1N/PPN2BPP/1R5R w - - 0 14,-27.0,-17.0,c2e3,quiet,24,0.014333,10.0,0
1k5r/1p2R3/3pP1r1/p3q1B1/2Q4P/8/P1P5/6K1 b - - 0 23,33.0,357.0,g6g5,capture,15,0.339109,324.0,0
rnb1kbnr/pp3q1p/2pp4/4p1B1/2N1PNp1/2Q4P/PPP2PP1/R2K1B1R b kq - 0 10,-172.0,-130.0,g4h3,capture,30,0.050293,42.0,0
r3b1k1/5pp1/1p5p/3pN3/3Pn3/3BQ2P/1q3PP1/2R3K1 w - - 4 27,104.0,83.0,c1b1,quiet,19,0.028127,21.0,0
8/6pp/1p1r4/pBkn2Q1/P4n1P/4p3/1P6/1K6 w - - 3 34,-212.0,-10.0,g5g7,capture,15,0.257741,202.0,0
5k2/2r1p2p/5bp1/3b3P/P2p4/3B1Pq1/1P1Q2P1/4RK1R b - - 2 25,-160.0,-179.0,f6g5,quiet,19,0.021742,19.0,0
2kr3r/pppn2p1/5n2/1Pbqp1Np/P3p3/3P4/1NP2PPP/R1BQ1RK1 w - - 1 13,-277.0,-61.0,d3e4,capture,28,0.244359,216.0,0
rn2k2r/pp1q2pp/3p1n2/2p2p2/3p1P2/PR2PN2/P1PB2PP/3QK2R w Kkq - 0 9,-131.0,-56.0,d1e2,quiet,27,0.100171,75.0,0
6R1/2p5/2p4k/p1P3R1/K7/5q2/5P2/8 b - - 1 59,60.0,6.0,f3d1,quiet,10,0.076865,54.0,0
8/2K2k2/2P5/1r6/8/1P2R3/2r5/8 w - - 41 67,-40.0,-137.0,c7d6,quiet,7,0.130227,97.0,0
5rk1/pB1bq1pp/2p2n2/2p1p3/P1P2pP1/3P1P1P/P3P3/1R1QK2R w K - 2 15,47.0,197.0,e1g1,quiet,25,0.189352,150.0,0
1kbr1r2/pp6/P6R/6Pp/3qP3/3p3P/1P1Q2B1/R6K w - - 1 25,-84.0,-8.0,a6b7,capture,19,0.107073,76.0,0
8/2k2p2/8/4P3/p7/5bR1/7P/6K1 b - - 1 47,-16.0,-101.0,f3d5,quiet,8,0.118381,85.0,0
r1bqkbr1/1pn2ppp/2p4n/3p4/3Pp3/PQp1N1P1/4PP1P/RNB1KB1R w KQq - 0 9,-173.0,-115.0,e3c2,quiet,30,0.070537,58.0,0
8/1pk4r/6R1/4N3/P3K1Pp/1r6/8/8 w - - 2 49,-234.0,-280.0,g4g5,quiet,10,0.040022,46.0,0
4k3/5p2/3b1r2/p1pN1p2/2P4p/4PP1P/6P1/6K1 w - - 0 28,-358.0,-149.0,d5f6,capture,15,0.184853,209.0,0
br4rk/4q1p1/p3p2p/P1p1Pp1Q/2PNpP2/B3P2P/6PK/5R2 w - - 7 25,-38.0,-11.0,h5g6,quiet,24,0.038644,27.0,0
7r/kp6/p7/1P3b2/2P2Ppp/2K1b3/P5R1/7R w - - 0 32,-364.0,-309.0,g2e2,quiet,15,0.034909,55.0,0
8/3R4/5r1p/R3pk2/5n1P/3p4/5P1P/5K2 b - - 3 31,39.0,-18.0,f5e6,quiet,12,0.081772,57.0,0
r1bq1k1r/p3npp1/1pnN3p/3p4/8/B4P2/PP1QN1P1/2KR1B2 b - - 3 14,152.0,151.0,c8a6,quiet,24,0.001197,1.0,0
2R2b2/5k1p/5p2/8/2P4N/6PK/5r1P/8 w - - 4 34,178.0,166.0,c4c5,quiet,11,0.013643,12.0,0
k1r5/pp6/6p1/1b1Q4/8/7P/P4R1K/1q6 w - - 0 37,-267.0,-462.0,d5e6,quiet,12,0.111569,195.0,0
r4b1r/pbpq1kp1/1pn2P2/5p2/8/2N2N2/PPPBQ1PP/R3K2R w KQ - 1 13,-27.0,192.0,f3g5,quiet,25,0.290019,219.0,0
2b1qk1r/1p3npp/3b1p2/Q2N3P/2Pp4/1P3PP1/1P4K1/4R3 b - - 4 21,317.0,396.0,c8e6,quiet,21,0.046029,79.0,0
1QQ5/2p1k1p1/p7/4bp2/8/P2K4/8/4q3 b - - 2 47,79.0,-80.0,e1d1,quiet,11,0.224907,159.0,0
4q1k1/2Q2pr1/7p/3p2P1/P6P/4PR2/2pr2PK/5R2 w - - 0 31,-74.0,-20.0,c7c3,quiet,17,0.076162,54.0,0
r3k2r/1b1p2pp/2pb1n2/4nN2/1P2P3/P1N5/2K3BP/1RB4R b kq - 0 19,29.0,-66.0,d6e7,quiet,22,0.135493,95.0,0
4B3/p1k3rp/2P5/3pp3/7P/B1P3P1/P2P1b2/3K4 b - - 6 24,74.0,219.0,g7g3,capture,16,0.174228,145.0,0
r4r2/pp1b1k2/7p/2R5/P4B2/N1P1n3/6PP/4R1K1 b - - 0 24,-203.0,-244.0,e3g4,quiet,17,0.040024,41.0,0
8/2Nkq3/6p1/3p4/P2P4/1P4Qp/1KPB4/5b2 b - - 0 33,-237.0,-296.0,e7e2,quiet,14,0.049590,59.0,0
2k5/8/8/1B6/PP6/8/1K6/3r4 b - - 6 52,-46.0,-78.0,d1e1,quiet,6,0.044587,32.0,0
1r4k1/Q4p2/3q2p1/3p3p/2p1r2P/P1P2NP1/KPP2P2/5B1R b - - 0 23,-80.0,-130.0,b8b6,quiet,21,0.065680,50.0,0
8/5p1k/5Qp1/3q3p/7P/6PK/7R/1r6 b - - 15 59,270.0,336.0,d5d7,quiet,11,0.048184,66.0,0
rn1q1rk1/1p2npb1/p5p1/2ppp1N1/2P5/2BPP3/PP2KP2/RN4QR b - - 1 10,144.0,218.0,d5d4,quiet,27,0.082020,74.0,0
8/8/5pk1/6p1/7p/r1P2P1P/3KR1P1/8 b - - 0 51,-48.0,-5.0,g6f5,quiet,11,0.061446,43.0,0
r1bk1b1r/2qp2p1/p1n2nPp/2p2p1P/1p3P2/3P2N1/PPP1R3/R1BQKBN1 w Q - 4 12,-46.0,-21.0,g1f3,quiet,30,0.035631,25.0,0
2r2rk1/Bp3p1p/6n1/5p2/5Pp1/P1b5/1PP1N1PP/2K2B1R w - - 0 16,48.0,128.0,e2c3,capture,21,0.107660,80.0,0
r4rk1/pbppqppp/np3n2/P7/2P5/4PN2/1P2BPPP/R1BQK2R w KQ - 3 10,31.0,9.0,a5b6,capture,28,0.031545,22.0,0
8/2k5/4bn2/2p1p3/3rPp1p/pPP2BrP/3NR1P1/1K1R4 b - - 0 40,61.0,170.0,e6b3,capture,20,0.139935,109.0,0
rn2k2r/pppb1p2/4p3/3pP3/1b1P2pq/2N2P2/PP1Q3P/R2K1BNR w kq - 1 10,-226.0,-141.0,a1c1,quiet,27,0.093533,85.0,0
1r1q1r1k/6b1/p7/2p2bpN/P3p3/2P1BnP1/Q4N1P/R4R1K b - - 3 26,216.0,115.0,g7c3,capture,22,0.116447,101.0,0
r1bqr2k/p6p/6p1/2p2p2/1n1n1P2/1PNB3N/2PP1QPP/R4RK1 w - - 6 16,-28.0,31.0,a1e1,quiet,25,0.084703,59.0,0
2kr1br1/1p5p/p1n1b3/2pNpp2/P3P1nP/2P4N/1P1B2P1/R1K2B1R w - - 0 13,-150.0,-33.0,h3g5,quiet,26,0.156036,117.0,0
5k2/8/6R1/5N2/7P/rp5K/2r3P1/8 w - - 1 53,-198.0,-268.0,g6f6,quiet,9,0.066222,70.0,0
2kr3r/ppN2pp1/2p1bn1p/2b5/4P3/1P3n1P/PBPQB1P1/2KR3R b - - 0 11,-291.0,142.0,f3d2,capture,26,0.535947,433.0,0
r1bq1r1k/pp4bp/6p1/3p4/QRn2p2/P1P2N2/4PPBP/2BR2K1 b - - 5 14,-82.0,19.0,d8f6,quiet,25,0.143180,101.0,0
3k4/3r1p2/1q5p/4Q2P/1P2B3/2K5/8/8 b - - 7 45,92.0,109.0,b6e3,quiet,10,0.022523,17.0,0
r5k1/1p1b2pp/1b1B1n2/1NPP3q/nP1NrP2/5R1P/4P1B1/3Q1RK1 b - - 0 23,-307.0,-170.0,d7b5,capture,25,0.127283,137.0,0
8/5k2/6R1/1r3p1P/3K2p1/8/8/8 w - - 5 79,-144.0,-132.0,d4e3,quiet,7,0.014807,12.0,0
2R5/6k1/p5pp/8/4r2P/P2b1N2/5K2/8 w - - 0 30,-44.0,-182.0,c8c3,quiet,11,0.177344,138.0,0
8/4pk2/4b3/B3Pp1p/Pp5P/r4Pr1/1KP2R2/3R4 b - - 0 33,2.0,175.0,a3a4,capture,17,0.229629,173.0,0
8/1k5p/2p3p1/p3p3/qp6/1r3PP1/1BR4P/1K1Q4 w - - 0 37,-175.0,66.0,d1d7,quiet,16,0.326363,241.0,0
r2qkb2/ppp2pr1/4pn1p/3p1b2/PnPP1N2/N3P3/1P2B1PP/R1BQ1RK1 b q - 6 9,-28.0,10.0,d5c4,capture,30,0.054595,38.0,0
7r/ppR3pp/4k3/5p1P/3n3P/1P3PKB/P7/8 w - - 0 29,184.0,237.0,h3f1,quiet,16,0.053919,53.0,0
2R5/8/8/p6k/8/5P2/6K1/r7 b - - 9 51,14.0,14.0,a5a4,quiet,6,0.000000,0.0,0
7R/1pR5/2b1p2P/3pP3/p1kP4/P7/2r4r/1KB5 b - - 1 40,116.0,211.0,c2c3,quiet,16,0.110115,95.0,0
r3kb1r/2p4p/1pPp1np1/p3q3/4P1P1/2P3Q1/1P3PBP/R1B1R1K1 w k - 4 16,210.0,264.0,g4g5,quiet,25,0.050399,54.0,0
2b2rk1/3qn2p/r1p1pppP/1p6/1P1P4/p2B1N2/P1P2PP1/2KRQ2R b - - 1 15,-140.0,-65.0,d7d5,quiet,26,0.098770,75.0,0
4Q1r1/3R4/3N4/1p1k4/1P6/5K2/8/8 b - - 0 46,-1467.0,-779.0,g8e8,capture,8,0.010944,688.0,0
1b6/1k2rp2/p1p1b3/Pp4RR/1P6/2P1P3/2K2P2/8 w - - 1 38,-144.0,-36.0,h5h6,quiet,16,0.144505,108.0,0
2k3rr/p1nqpp2/5n2/3p3b/P4P2/2RQ4/1PP1P1BN/2B2RK1 w - - 0 17,85.0,118.0,d3a6,quiet,23,0.043633,33.0,0
r4rk1/pp1bqn1p/5p2/3Q2pP/2B2P2/P3b3/1P1B2P1/R3K1NR w - - 0 16,-14.0,16.0,d2b4,quiet,24,0.043146,30.0,0
r1b2rk1/ppq2pb1/2p2np1/4p2p/2P1P3/P1N1B2P/1P2BPP1/R2Q1RK1 w - - 0 12,-72.0,-45.0,b2b4,quiet,28,0.037758,27.0,0
2k2r2/p2bp3/2p5/1p6/4B3/1P1P4/1B1NPP2/n2K4 b - - 1 20,-81.0,-35.0,a1b3,capture,16,0.064302,46.0,0
1rr3k1/3n2pp/R7/R1pb1p2/4p3/1P2P1P1/1BK1BP1P/8 b - - 0 31,-21.0,96.0,d5b3,capture,20,0.164928,117.0,0
7r/4p2p/1pk1np2/p1p5/P1P2P1n/2P5/4KP1P/4RNR1 w - - 10 27,55.0,242.0,e2e3,quiet,20,0.222584,187.0,0
8/8/8/3kp3/1b3r2/8/2R5/7K w - - 0 51,-594.0,-568.0,c2c8,quiet,6,0.004930,26.0,0
8/8/1p6/8/1Q6/4k3/2P1p3/2K2n2 w - - 5 51,252.0,363.0,b4b6,capture,7,0.079793,111.0,0
3r4/7R/4kp2/2R2p1p/1p1p1P1P/1r1P4/8/5K2 w - - 0 44,-366.0,-266.0,h7h5,capture,14,0.069384,100.0,0
2kr4/pp3pnp/2n1b3/b1B5/5r2/2NP1N2/P2K1RBP/5R2 b - - 6 22,77.0,376.0,f4c4,quiet,21,0.287977,299.0,0
2k3r1/1pp1n3/p4p1r/P3pn2/2P1P3/P1B1P3/5K1p/2R2B1R b - - 0 25,223.0,421.0,f5g3,quiet,21,0.135522,198.0,0
6k1/5p2/4qb1p/1p1r4/r2pn1pN/1Q3PP1/1P2P2P/2RRN1K1 b - - 0 28,82.0,12.0,g4f3,capture,22,0.098602,70.0,0
2kr1b1r/p1p2pp1/1pn1p3/3q1n1p/1P2NP2/P2P1NP1/2P4P/R1BQK2R w KQ - 0 9,-91.0,-47.0,e4c3,quiet,28,0.060816,44.0,0
8/p1pp1rk1/6p1/3Pq2p/1P6/P2RP2P/6B1/6K1 b - - 5 29,698.0,892.0,g7h6,quiet,16,0.011817,194.0,0
8/8/4k3/8/2b2p2/8/5N2/4K3 w - - 14 56,-227.0,-248.0,e1d2,quiet,5,0.019564,21.0,0
7r/1p2pk2/2n1bp1P/p1q1P3/5Bp1/2P5/2PQB1P1/5K1R b - - 0 24,-21.0,86.0,f6e5,capture,20,0.151481,107.0,0
2b1kb1r/p3n1p1/1p6/2p3B1/3nB3/2NP4/PP1KPPpq/R2Q2R1 b k - 0 14,18.0,-70.0,c8h3,quiet,24,0.125278,88.0,0
r2q1rk1/5ppp/pp1bp3/6P1/2pNnP1P/4P3/PBQP4/R3K2R b Q - 1 15,82.0,39.0,e4c5,quiet,25,0.059973,43.0,0
2rq1r2/3b2kp/6p1/1p1P3n/p3p3/1B2N2P/PPPQ1P2/1K1R3R w - - 0 21,22.0,-92.0,d5d6,quiet,23,0.161007,114.0,0
4k2r/q3bppp/2n1p3/2Pp3n/3P3P/5P2/1P1RN2B/3QK3 b - - 2 18,286.0,339.0,e7h4,capture,21,0.037207,53.0,0
1R6/8/b1kPp3/P2p1n2/8/4P3/3N1PP1/4K3 b - - 0 28,-533.0,-480.0,c6d7,quiet,13,0.014913,53.0,0
4rr2/1pq3kp/p1nR2p1/2P2b2/PPB5/2P2P2/5KPP/3Q3R b - - 2 19,266.0,274.0,c7e7,quiet,22,0.006633,8.0,0
2RR1bk1/1p3r1p/p7/7p/r2NKP1P/6P1/8/8 w - - 12 41,150.0,46.0,e4e5,quiet,15,0.137570,104.0,0
5R2/8/8/2B2np1/5rk1/8/3K4/8 b - - 17 59,123.0,217.0,g4f3,quiet,7,0.107184,94.0,0
8/1b2bp2/4p1p1/k1p1P2p/ppP1PP1P/P3B1P1/1P2B3/2K5 w - - 29 47,-101.0,133.0,e2d3,quiet,21,0.323960,234.0,0
7Q/3r2p1/4kB2/p1p4B/PnP1p3/1P2q3/8/1K6 b - - 0 35,548.0,1131.0,e6f6,capture,15,0.039427,583.0,0
3Q4/8/6k1/8/8/8/3K4/8 b - - 2 62,-703.0,-924.0,g6f7,quiet,3,0.012304,221.0,0
4r1k1/1pq1rpb1/p2np1p1/P2p2Pp/3P3P/2PNN1Q1/1P2RP2/4R1K1 w - - 5 27,108.0,49.0,d3c5,quiet,26,0.080552,59.0,0
r4rk1/pb2b1p1/1qn4p/1p6/2PpBR2/P5P1/1BPPQ1KP/RN6 b - - 0 16,56.0,119.0,f8f4,capture,25,0.084958,63.0,0
2rq1bk1/1p3p2/2p1pnpn/7p/3P1P1P/3BP3/P5PN/2R1Q1KR b - - 3 18,-81.0,-7.0,d8c7,quiet,24,0.104429,74.0,0
8/8/p1k2p2/5R2/P4P2/2b1P3/3p3r/3K2R1 w - - 2 41,155.0,208.0,d1c2,quiet,12,0.058697,53.0,0
8/8/2k3p1/6Rp/2P1b2P/7r/4K3/8 w - - 3 37,-424.0,-530.0,g5e5,quiet,9,0.034941,106.0,0
4R3/8/8/5k2/2K4P/8/1r6/8 b - - 0 64,-155.0,-48.0,b2h2,quiet,5,0.140713,107.0,0
6k1/p2rbpp1/2p1q2p/3rP3/P1NpR2P/1P1Q2P1/2P3K1/5R2 b - - 0 26,104.0,49.0,e7d8,quiet,22,0.075300,55.0,0
8/3r3p/2N5/8/5k1P/8/6K1/8 w - - 1 45,-302.0,-370.0,h4h5,quiet,6,0.043284,68.0,0
Q7/8/8/5k2/7p/1p6/8/6K1 b - - 0 46,-391.0,-676.0,b3b2,quiet,5,0.075274,285.0,0
5r2/1R3p2/p4k1p/3P1npP/P7/8/7K/1R6 b - - 0 44,-178.0,-182.0,g5g4,quiet,13,0.004451,4.0,0
1r6/5pkp/6p1/8/3qR3/5P2/4BPK1/8 w - - 0 34,-748.0,239.0,e4d4,capture,11,0.785005,987.0,0
8/8/4k2p/6p1/1PP5/3r2B1/1K5P/8 w - - 1 58,-39.0,-11.0,b4b5,quiet,9,0.040066,28.0,0
8/k7/8/8/2N5/2K4B/8/8 w - - 1 60,574.0,694.0,c3b4,quiet,4,0.017352,120.0,0
r4rk1/1pp1q1b1/p2pPnp1/P4p1p/4pPnP/R3P3/BPPBN1P1/3QK2R b K - 2 15,131.0,179.0,a8d8,quiet,30,0.056924,48.0,0
r1bqk2r/ppp3bp/2n1P1p1/1B2n3/4N2P/P2p4/1PPPQPP1/R1B1K1NR w KQkq - 0 9,57.0,44.0,c2d3,capture,30,0.018317,13.0,0
8/1k3p2/3q4/P1n5/2P5/2Q2P2/1KB5/8 w - - 7 68,232.0,210.0,c3e3,quiet,10,0.021652,22.0,0
r2q3r/1p1b2k1/3b2p1/Pp1PN3/1p2RPp1/1P5P/5P2/R1BQ2K1 w - - 0 18,69.0,300.0,e5d7,capture,23,0.251007,231.0,0
8/2p3p1/1b4k1/3pp2p/3Pb1nP/1NP3P1/3Br3/R4BK1 b - - 3 29,301.0,297.0,e2f2,quiet,19,0.002963,4.0,0
r3r1k1/pp1n1qp1/2p1b2p/4B3/3P4/1PP3P1/P1B4P/R2QR1K1 w - - 1 21,47.0,78.0,d1d3,quiet,23,0.043174,31.0,0
8/6k1/1p6/5R2/p1b1BKP1/P7/1r6/8 w - - 0 47,-47.0,-13.0,e4d5,quiet,10,0.048529,34.0,0
8/1pk5/8/2K5/P7/2P4n/4R3/3r1q2 w - - 0 47,-1362.0,-1435.0,e2e7,quiet,9,0.000135,73.0,0
3rk1nr/ppp3pq/4bp2/PPb1p1p1/8/2N4P/1P1BBPP1/R2Q1RK1 w k - 1 12,119.0,-18.0,a1a4,quiet,27,0.190739,137.0,0
8/3b4/3P2k1/4Q1p1/8/p4R2/P4P1K/5q2 w - - 3 39,453.0,1327.0,e5f6,quiet,11,0.068165,874.0,0
r6r/2Q1qkn1/p2pp3/1p1b1p2/1P1N4/B1PB4/P2P1P1P/1R2K3 w - - 0 20,104.0,-177.0,c7e7,capture,23,0.380110,281.0,0
2b2rk1/p4p1p/2p2q2/5p1Q/3P3R/r2nN1P1/5PBP/5RK1 b - - 4 23,131.0,47.0,f6g6,quiet,21,0.112842,84.0,0
8/5bk1/4rn1p/p5p1/2B3P1/2P4P/PP6/2K2R2 b - - 1 31,89.0,223.0,e6e3,quiet,15,0.157726,134.0,0
r1q2rk1/p3p2p/1p2Pp1b/1P1Q1p2/8/4PPP1/PB1NN1KP/2R5 b - - 2 16,-333.0,-278.0,c8d8,quiet,24,0.039733,55.0,0
r7/2bnkp2/P1p1pn2/3p2Bq/3P3P/2NB4/7P/5RQK w - - 3 23,-26.0,153.0,g1f2,quiet,20,0.244323,179.0,0
6q1/8/6kp/6p1/6P1/2Q2P2/8/6K1 w - - 16 64,168.0,154.0,c3d3,quiet,8,0.016372,14.0,0
2kr1b1r/1bppq2p/1p1n4/p2Pnp2/3N1B1p/P1N5/1PP1BPP1/R2QK2R b - - 1 12,-17.0,103.0,f8g7,quiet,29,0.168479,120.0,0
r2qk2r/np1b2p1/3b4/p2P1ppP/1p1P4/1P1BBP2/3N2P1/R2QK2R w KQkq - 3 14,-106.0,-26.0,d2c4,quiet,26,0.110636,80.0,0
r1bq1rk1/3nbppp/8/1p1n4/p1p5/4PP2/PBNPBNPP/R2QK2R b KQ - 1 14,-45.0,133.0,a4a3,quiet,28,0.246971,178.0,0
8/5B2/8/6r1/p7/1p6/8/1K1k4 w - - 0 66,-567.0,-629.0,f7e8,quiet,6,0.010767,62.0,0
r1bqr1k1/p4pp1/1p1p1n2/7p/2P4P/B1N2P2/P3N1P1/2KR1B1R b - - 0 15,294.0,310.0,c8d7,quiet,24,0.011713,16.0,0
1k2r3/1p3p1p/p3q3/5rp1/3Pn3/BP1QP2P/2R4K/5R2 w - - 0 27,-247.0,-136.0,f1f5,capture,19,0.119327,111.0,0
3r4/PP6/2R3pk/8/8/8/1K1p2p1/3Rr3 b - - 0 47,144.0,508.0,g2g1q,promotion,11,0.252905,364.0,0
6R1/7p/3pk2P/p7/P1PK4/8/6p1/5b2 b - - 0 41,283.0,13.0,e6f5,quiet,11,0.317344,270.0,0
r1b1kn2/1pq1bp2/p1pp3r/4p1pn/3PP3/1BN1BP2/PPPQNR1P/R6K b q - 1 13,25.0,38.0,f8h7,quiet,30,0.018553,13.0,0
3rk1r1/pp1nbp1p/1qp1p1b1/8/3PPQ1P/P1NR3B/1PP4B/2K2R2 w - - 7 21,50.0,159.0,h2g1,quiet,26,0.142616,109.0,0
3b1R2/6k1/1Q4p1/1p1b4/2p1P3/1P1n4/7P/5RK1 b - - 0 33,-656.0,274.0,d8b6,capture,14,0.806422,930.0,0
3k1r2/1pp3p1/1n1b2q1/1P5p/1r1Pp3/Q3P2P/P1RNBPP1/3R2K1 b - - 0 30,-262.0,-52.0,g6f5,quiet,24,0.244513,210.0,0
rnq2r1k/pbppn1bp/4ppp1/8/R2P1NN1/1QP2PP1/1P2B2P/2B2RK1 w - - 9 13,-131.0,17.0,g4f2,quiet,29,0.204516,148.0,0
8/8/5k2/1N1n3Q/P7/1P1q1r1p/KR6/8 w - - 9 43,-58.0,-59.0,b5d4,quiet,11,0.001399,1.0,0
2rq2k1/3p1rb1/1p4Q1/4p1P1/1RP2p2/P7/5P2/2B1K2R w K - 1 21,186.0,167.0,h1h6,quiet,18,0.021343,19.0,0
r2r2k1/4pp1p/2p3p1/p5P1/P7/4B2P/1b4P1/3R1RK1 b - - 2 21,211.0,190.0,b2g7,quiet,18,0.022031,21.0,0
2r5/4bk2/2r2n2/p6q/3pp3/P5R1/4PP2/1R1Q1K2 w - - 0 27,-700.0,-780.0,f1g1,quiet,16,0.006376,80.0,0
1rb1k2r/Qp1np2p/5ppb/1NnB4/5P2/P1B3P1/3RP2P/2q2NK1 b - - 0 22,135.0,111.0,e7e6,quiet,25,0.030540,24.0,0
8/k1p5/pp2n3/4B2p/PP2b3/3Q2P1/1KB3q1/8 w - - 1 44,-54.0,393.0,d3e4,capture,15,0.482798,447.0,0
1r5k/P1R3pp/8/8/2p5/6P1/1p4KP/R7 b - - 0 34,-434.0,-567.0,b8a8,quiet,12,0.039147,133.0,0
1k1r4/1p4p1/2n4p/4p3/1BQ4P/KR1P4/P6q/8 b - - 1 28,90.0,155.0,h2f2,quiet,15,0.082656,65.0,0
3r2k1/p3qpb1/1p1rb1p1/P1p1p2p/2P1P3/2B1P2P/1RQ1BPPK/5R2 w - - 1 23,87.0,20.0,f1b1,quiet,26,0.093900,67.0,0
2r1k3/p1pq1n2/1pn2p2/8/3PPB2/2P5/P3NK2/6RQ b - - 3 19,-19.0,-84.0,c6e7,quiet,18,0.091268,65.0,0
3Q4/7k/3p3p/3Pb3/4P2P/1r4PK/4R2N/7q w - - 33 55,190.0,202.0,d8d7,quiet,14,0.012759,12.0,0
8/8/8/1p5k/4n3/8/1KP1b2P/3R4 w - - 20 59,-93.0,45.0,d1d4,quiet,8,0.195131,138.0,0
k7/2K5/P6q/1p2P3/8/2P5/8/8 b - - 0 56,563.0,1212.0,h6e6,quiet,7,0.036723,649.0,0
3b2k1/p2r3p/2R5/2B2pp1/8/2P4P/2P2P2/6K1 b - - 0 29,-90.0,-38.0,d7d2,quiet,14,0.072230,52.0,0
7k/1p5p/p7/P1R5/q1p5/P3R3/4K3/8 b - - 1 42,9.0,51.0,a4c2,quiet,11,0.059923,42.0,0
1r1q2rk/1p3n1p/pNp2p2/P2p4/3P2Q1/2P3b1/1P4R1/R1B3K1 w - - 1 25,-67.0,-160.0,g2g3,capture,22,0.120010,93.0,0
4kb1r/r2b1ppp/p3p3/2p5/1nP2B2/3P2P1/1q2B2P/1R1QK2R b k - 1 17,331.0,401.0,b2d4,quiet,23,0.039065,70.0,0
1k6/3R4/8/1P6/1K6/8/8/2r5 w - - 3 72,156.0,233.0,d7e7,quiet,5,0.082156,77.0,0
5rk1/2b2pp1/8/1B1p1b1p/1B2nPq1/4P3/1Q3P1K/R4R2 b - - 6 24,156.0,255.0,f8b8,quiet,19,0.102198,99.0,0
6r1/1P1Q4/3pPk2/8/7P/pP3p2/4p1rP/2R1R2K w - - 2 46,1059.0,1562.0,d7f7,quiet,16,0.002122,503.0,0
8/8/3p1kp1/2p3R1/5BK1/r7/5P2/8 b - - 23 46,-42.0,-50.0,a3d3,quiet,9,0.011313,8.0,0
1kb2rQ1/2q4p/8/p6r/P1P5/8/KP3P2/4R3 w - - 0 36,-476.0,-226.0,g8f8,capture,14,0.153354,250.0,0
8/1p5k/3K4/4N3/3B4/p5R1/8/3r4 w - - 4 52,465.0,453.0,d6c5,quiet,8,0.004287,12.0,0
1kn1RQ2/8/2q5/1pPp3p/6p1/P1b5/5PPN/6K1 w - - 9 34,345.0,253.0,f8e7,quiet,16,0.068338,92.0,0
r1b2rk1/1p4p1/3Rp1Bp/4qP2/5B2/8/5PPK/8 w - - 2 33,-722.0,-141.0,f4e5,capture,16,0.292111,581.0,0
7r/3P2p1/5qk1/p2Q1p2/P4P1p/4R2P/2r3P1/7K w - - 0 33,-131.0,145.0,e3e6,quiet,16,0.377416,276.0,0
8/Q2Nk2p/1pp3pb/8/P2KnP2/8/7P/4q3 b - - 2 30,640.0,553.0,e1b4,quiet,14,0.015295,87.0,0
2bq1rk1/5pbp/2p2np1/P1Ppp3/8/P1P1PP2/6PP/RNBQ1RK1 b - - 0 12,-189.0,1.0,d8a5,capture,26,0.249439,190.0,0
6R1/1pp2B2/p1b3pk/8/2PK3p/4P3/r6P/8 b - - 3 35,403.0,371.0,a2g2,quiet,14,0.016188,32.0,0
r1bn3r/ppp1kp2/8/3Pp2p/7R/P1P5/1P3PP1/RN2KB2 w Q - 1 15,71.0,119.0,b1d2,quiet,22,0.064080,48.0,0
2k5/pp6/5NR1/8/2b5/Pr2P3/2K5/8 b - - 2 29,39.0,168.0,b3e3,capture,10,0.168647,129.0,0
2r5/5P2/1p6/3pN3/k2P4/8/8/1K6 b - - 0 62,-17.0,157.0,c8f8,quiet,8,0.236168,174.0,0
8/1b2k3/8/1p3r2/pN2n3/2P5/BP6/2K1R3 w - - 8 38,19.0,57.0,a2b1,quiet,12,0.053986,38.0,0
r5k1/3p4/6p1/8/1p1BP3/3P1N2/P1r3PP/R5K1 b - - 4 22,-159.0,-126.0,a8a2,capture,15,0.040303,33.0,0
r2qr1k1/3b3p/3P1np1/pp3p2/1n1PpN1P/4N1PB/PP1Q1P2/2R2RK1 w - - 1 16,-11.0,125.0,g1h2,quiet,27,0.188335,136.0,0
8/1p6/3q1b1k/3p1B2/2r2n1P/P3Q3/K5R1/4R3 w - - 3 43,78.0,1674.0,g2g6,quiet,14,0.389532,1596.0,0
5Q2/8/8/8/6N1/6K1/1k6/8 w - - 1 61,1131.0,1328.0,f8f1,quiet,4,0.001007,197.0,0
R1bq1rk1/4b2p/3np1p1/4N3/3P1B2/8/2Q3BP/6K1 b - - 0 29,-94.0,138.0,f8f4,capture,17,0.320844,232.0,0
2k4r/p1p3p1/1bn2p2/3b3r/QPNp2q1/3P1NP1/3BPPB1/2R3K1 w - - 1 22,-59.0,157.0,c4b6,capture,24,0.295823,216.0,0
7r/1p2k3/8/PP3p2/2PrpPp1/2R5/R6P/4K3 w - - 2 37,46.0,170.0,a5a6,quiet,15,0.161015,124.0,0
6r1/6P1/2p1k3/4pbRp/1Pp1N2P/r1P1K3/8/2R5 b - - 3 39,-179.0,-214.0,f5h7,quiet,16,0.037153,35.0,0
r1bq1rk1/2p3b1/p5p1/3pP3/P1n5/2P1P1Pp/4NN1P/R1BQ1RK1 w - - 1 17,-156.0,-120.0,e2f4,quiet,25,0.044401,36.0,0
r3r1k1/1pp2ppp/2n3b1/p7/2Pqp1PN/1P1P3P/P3QPB1/R3R1K1 b - - 0 15,17.0,39.0,g8f8,quiet,26,0.031445,22.0,0
r4r2/1p2ppkp/2pn3p/3p1b2/3P3N/4P2P/1QP2PP1/6KR b - - 6 18,52.0,41.0,f5g6,quiet,22,0.015549,11.0,0
3B4/8/8/p5p1/r4pk1/8/2R2K1P/8 w - - 4 48,89.0,97.0,d8b6,quiet,9,0.010726,8.0,0
rn3rk1/pN2qp2/2p1p1p1/P6p/1p1P4/1PP2Q1P/5PBb/R4R1K w - - 0 18,122.0,151.0,c3b4,capture,25,0.035890,29.0,0
8/2k2PBb/8/3p4/2P5/3P4/p6P/K7 b - - 0 44,-337.0,-806.0,h7d3,capture,10,0.116088,469.0,0
1n3b2/3p2k1/r1b1r2p/p6Q/1pPp4/8/PP1N1PPP/5RK1 w - - 9 27,16.0,20.0,f1d1,quiet,21,0.005741,4.0,0
r3k1nr/ppp2ppp/8/3p1b2/1n1PP3/5P1P/PPPK1N2/RN3B1R b - - 0 10,106.0,6.0,f5e6,quiet,26,0.139349,100.0,0
2r3k1/1p3qp1/7p/1b1p4/1P1P1Pp1/r7/3QN1PP/4RRK1 w - - 0 22,-45.0,-78.0,f4f5,quiet,20,0.046002,33.0,0
5k2/4rp1p/3Q4/pR6/2b5/8/PPq2PP1/5RK1 w - - 1 27,436.0,822.0,b5b8,quiet,15,0.066439,386.0,0
8/1p6/2pk4/P7/6b1/2P1B2p/2B4K/8 w - - 5 46,243.0,256.0,c2g6,quiet,10,0.011616,13.0,0
r2qr1k1/ppp2pb1/2n2n1p/3p1bp1/P7/N1P1BNP1/1P2PPBP/R2Q1RK1 w - - 2 10,-135.0,-104.0,a3b5,quiet,30,0.039707,31.0,0
rr3n2/2b2qpk/p1p1bn2/1pPp1p1p/1P1Pp3/PN2P1PP/K1Q1BP2/1NB3RR w - - 0 19,-212.0,-151.0,c1b2,quiet,32,0.067544,61.0,0
8/6b1/1p2b1k1/1p6/1P3R1P/3KN3/8/8 b - - 10 51,-261.0,-303.0,g7h6,quiet,10,0.033283,42.0,0
1q4k1/1b3ppp/4pn2/1B6/1BPr3P/1Q6/5PPb/R4R1K w - - 0 21,176.0,110.0,b3h3,quiet,20,0.080417,66.0,0
1n6/7p/Pk4p1/3K4/8/6P1/3B3P/8 w - - 5 44,263.0,252.0,d2e3,quiet,9,0.009551,11.0,0
6k1/pb1q1rb1/6pp/1P6/PBRp1p2/3P3P/4BQP1/6K1 w - - 2 30,-73.0,35.0,e2g4,quiet,20,0.153736,108.0,0
8/8/1B5p/P6k/2P5/2r4b/4R3/K7 b - - 0 51,-156.0,-138.0,h3g4,quiet,9,0.021766,18.0,0
4Q3/1pk5/p2p4/3p4/3Pn1P1/8/5r2/6K1 w - - 6 55,116.0,55.0,g4g5,quiet,11,0.082502,61.0,0
3q4/1k6/1p1RQ1p1/p1p2p2/2P1pP1P/1P6/P2R2K1/8 b - - 0 39,-1154.0,-1783.0,d8c7,quiet,17,0.001267,629.0,0
r2q1rk1/P2bppb1/2p5/2B5/3PpNp1/1Q2P1P1/7P/R4RK1 b - - 0 21,-104.0,-205.0,d7f5,quiet,22,0.119609,101.0,0
r1bqk2r/1p4pp/n6n/p1p5/1NPpp3/1PN1P3/PB3PPP/R1Q1KB1R b KQk - 0 10,-25.0,-44.0,a5b4,capture,29,0.027069,19.0,0
r2qk2r/1b3pp1/ppnbpn1p/3p4/8/1P1B1P2/PBPQNNPP/1K1R3R b kq - 5 12,-9.0,51.0,b6b5,quiet,29,0.085821,60.0,0
r1b2rk1/ppq1bppp/8/8/1PN1PPnP/5N2/P2BQ3/2R1KB1R b K - 2 12,-179.0,-102.0,h7h6,quiet,25,0.094282,77.0,0
3r4/pp3pkp/3q4/3Nr1p1/3p4/P5PQ/1PP3BP/3K3R w - - 0 21,-51.0,-166.0,h1f1,quiet,20,0.149362,115.0,0
4b3/4k1K1/4P3/8/p5p1/8/8/8 w - - 2 74,-555.0,-1624.0,g7h8,quiet,6,0.039273,1069.0,0
2bqkbnr/p1pp1p2/2n1p1p1/8/1rPPP3/2N2N2/PPQ2PBP/R1BK3R b - - 6 11,-144.0,-50.0,b4c4,capture,29,0.124666,94.0,0
r5qr/1bp1n1k1/ppnbpp2/P5p1/3PB1P1/1PPN3p/3NQP1P/R1B1R1K1 b - - 0 14,194.0,114.0,a8c8,quiet,30,0.094972,80.0,0
5k2/1p2pp2/7p/4P2P/3q4/1K2Nn2/1P3Q2/8 b - - 5 37,321.0,354.0,f3e5,capture,13,0.020836,33.0,0
r1bq1r1k/pp2b1pp/2p1n3/3ppp2/PP1P1P2/2P1N3/4N2P/1RBQ2RK w - - 0 15,-295.0,-185.0,f4e5,capture,28,0.101659,110.0,0
3r3r/p5k1/2q3p1/1p1Nnp1p/2BQ1P2/1P6/P2B4/R2K3R b - - 0 24,-331.0,-299.0,b5c4,capture,20,0.022219,32.0,0
2r1k3/p4q2/1p2pb2/2pn1p2/8/1P1P1N2/P2B2PQ/4RK2 b - - 8 24,114.0,94.0,e8d7,quiet,19,0.026345,20.0,0
2kr2r1/ppp5/2n2b1B/3pnN2/8/1PP2PN1/PK5P/R6R w - - 0 26,-27.0,-67.0,a1d1,quiet,21,0.056465,40.0,0
8/3R1p2/4k3/2p2p2/5P2/r7/P1PPN3/4bK2 w - - 12 44,217.0,-37.0,d7d8,quiet,13,0.330200,254.0,0
4k3/1B6/4p3/8/1b2p3/4Pb2/3N4/4K3 w - - 17 38,-45.0,-209.0,b7a6,quiet,9,0.204675,164.0,0
1b3k2/1P6/6K1/8/8/8/8/8 w - - 9 70,102.0,-266.0,g6f6,quiet,4,0.464898,368.0,0
8/4R3/1pr5/p4p2/P2k4/1P4P1/3K4/8 b - - 3 61,-34.0,28.0,c6d6,quiet,10,0.088983,62.0,0
5kr1/pp2p2p/1q1p1p2/1B2nb2/P4P2/BP6/2PQ2P1/2K1R3 b - - 0 21,-141.0,-63.0,e5f7,quiet,21,0.102780,78.0,0
r3k1r1/2p5/2pbpq2/p2pNpp1/3P2n1/PPB1P1P1/5PK1/R2Q3R w - - 2 18,-28.0,27.0,e5g4,capture,25,0.078986,55.0,0
3r2k1/6pp/B7/1p3p2/2b2P1P/3pr1P1/P6R/1K1R4 w - - 3 28,-233.0,-280.0,a2a4,quiet,17,0.040966,47.0,0
r2k3r/pbp1b1p1/1p2p1p1/2ppP3/1P6/4BN2/P1P2K2/R2Q4 w - - 0 21,-34.0,47.0,b4c5,capture,22,0.116003,81.0,0
r4rk1/7R/p2p3p/P2Pp3/4Bb2/3QNP1b/1PPK4/q7 w - - 2 40,-223.0,-297.0,h7b7,quiet,20,0.063716,74.0,0
4k2r/p2bP3/8/2N5/6pp/5r2/PP1R4/2K1R3 w - - 0 39,152.0,882.0,d2d7,capture,14,0.288020,730.0,0
r2qk2r/1bpn3p/p4n2/1pb1p1p1/4P1P1/N2R1QN1/PPPP1PB1/R1B1K3 b Qkq - 5 9,9.0,12.0,d8e7,quiet,29,0.004313,3.0,0
r1bq1rk1/1pp1b1pp/3pp3/p4p2/2PPnP2/PPB1PNP1/2Q3BP/R3R1K1 w - - 7 12,-49.0,35.0,a3a4,quiet,30,0.120252,84.0,0
1k3r2/2p4Q/p2b4/1b1pPr1p/7P/1PP1B3/3K2P1/R7 b - - 0 32,26.0,-6.0,f5e5,capture,18,0.045981,32.0,0
r2k2r1/2p1bq2/2p1b1pp/3nB2N/4N3/1P1P1P2/2P1Q3/2K2R1R w - - 0 21,88.0,-10.0,h5g3,quiet,22,0.138389,98.0,0
r1b1k2r/ppbnq3/2p3p1/5p2/P2P4/NPPNpRP1/R3P1B1/3Q2K1 b kq - 0 16,59.0,12.0,d7f6,quiet,26,0.066838,47.0,0
r3k1nr/1pp3pp/p1n5/4Pp2/2Pq1P2/1P1pN1P1/P2P3P/R2QKB1R b KQkq - 0 11,-15.0,18.0,e8c8,quiet,27,0.047454,33.0,0
8/3k4/2b2B2/8/1p2P3/b3R3/8/1K6 b - - 2 50,-171.0,-103.0,b4b3,quiet,8,0.083938,68.0,0
8/8/8/7n/8/1K2k3/8/1N6 w - - 1 72,-37.0,3.0,b1c3,quiet,4,0.057364,40.0,0
3q2k1/1bp3p1/1P1p4/5Q1p/1nP2PnP/6P1/4N3/rNB2K1R b - - 0 19,110.0,320.0,b7h1,capture,21,0.209976,210.0,0
3k2r1/2p5/1p3qP1/p2N4/6Q1/8/PbP5/1K2R3 b - - 0 34,-251.0,-289.0,f6g6,capture,14,0.031515,38.0,0
8/8/4p3/4P2p/2k3p1/4BbP1/3R1K2/1r6 b - - 20 57,344.0,280.0,f3d5,quiet,11,0.045042,64.0,0
1r1qk1n1/2p1pp1r/p5p1/2NP2B1/3Q2bN/1p4p1/P5B1/4R1K1 w - - 0 20,122.0,142.0,a2b3,capture,22,0.024993,20.0,0
8/8/pp6/2k5/P1n5/1R6/3p4/3K4 w - - 10 51,-136.0,-69.0,d1c2,quiet,8,0.088286,67.0,0
5rk1/2p2ppp/R4B2/3q4/1b6/3BP2P/2P2PP1/Q5K1 b - - 0 18,-248.0,-334.0,g7f6,capture,18,0.065907,86.0,0
r4k2/1bp5/p1n2nrp/8/B3pP2/2P4N/PP3B2/2KRR3 w - - 0 22,56.0,172.0,f2c5,quiet,20,0.149210,116.0,0
r2q1rk1/pbpp2pp/np1bp3/5p2/Q1PP4/2B1PN1P/P3BPP1/R4RK1 b - - 2 10,-31.0,-9.0,d8f6,quiet,29,0.031545,22.0,0
8/5pk1/r2pn3/2p1rp1R/2P4P/4P1P1/4BP2/3R1K2 w - - 2 37,-73.0,108.0,e2d3,quiet,17,0.254141,181.0,0
r1b1kb1r/pp4p1/2n1pn1p/3p1p2/3P1B1P/1qP1P2N/2N2PP1/R2QKB1R w KQkq - 0 9,12.0,-70.0,d1d3,quiet,29,0.116659,82.0,0
q3nrk1/3b3p/3pp1pb/5P2/pN1P4/Pp3P2/1P2B1PP/R2Q1RK1 b - - 0 19,-67.0,1.0,f8f5,capture,25,0.096682,68.0,0
r1b1k1nr/ppq3pp/1bp1np2/8/2BPP3/2N5/1P3NPP/R1BQ1RK1 w kq - 2 10,54.0,97.0,c1e3,quiet,27,0.058984,43.0,0
8/6kp/p7/8/P3KPP1/6rP/8/R7 b - - 2 34,-241.0,-242.0,g3h3,capture,10,0.000919,1.0,0
r3k3/pp3npb/n1pq4/4p3/2P1p1p1/2Q1N3/PP1NBP2/R3K3 w Qq - 2 16,-175.0,-131.0,e3g4,capture,23,0.052437,44.0,0
8/1k6/8/4p3/8/6K1/8/8 w - - 0 51,-25.0,-192.0,g3f3,quiet,3,0.215325,167.0,0
r4b1r/p1n1kNpp/2B1p1q1/1pp5/8/3PQ1P1/PPP4P/R4RK1 b - - 0 16,-148.0,-526.0,g6h5,quiet,24,0.252841,378.0,0
4q3/1Q6/6pk/P1p5/3pB2P/4n1P1/2P1K3/8 b - - 0 35,-313.0,-132.0,e3f5,quiet,13,0.177043,181.0,0
1n3rk1/r3p1bp/2pq1np1/p2p1bN1/3P1P2/4P3/P1PNB2P/1RBQ1RK1 b - - 4 12,72.0,56.0,h7h6,quiet,28,0.022258,16.0,0
6br/6p1/2p4k/p3RnNp/P1p1BP1P/6r1/1P1R1K2/8 w - - 2 32,-91.0,721.0,e4f5,capture,19,0.612531,812.0,0
1k1r1b1r/ppqn1p2/2pnp2p/5bp1/3P4/NQN1P2P/PP1BBPP1/R4RK1 b - - 10 14,19.0,97.0,d6e4,quiet,30,0.108761,78.0,0
2k4r/ppp2pb1/4b3/4p3/8/2P1P1B1/PP3PB1/R3K1N1 b - - 0 18,-119.0,-160.0,h8h5,quiet,19,0.050395,41.0,0
4r3/1k6/1P6/1P2pp1p/8/3pB3/6PP/4K3 w - - 0 34,-199.0,-208.0,e1d2,quiet,12,0.009357,9.0,0
3r2k1/1p2qpp1/p1n4p/P1bb1P2/4p1PP/2B1P2K/1P2B3/2RQ1R2 w - - 4 24,97.0,71.0,c3d2,quiet,24,0.035299,26.0,0
8/2p2kpp/P2b2p1/1P6/8/7P/R4KP1/7r b - - 0 31,272.0,192.0,d6c5,quiet,13,0.075937,80.0,0
8/5pk1/6p1/7p/2R5/8/5PK1/r7 w - - 4 50,-222.0,-264.0,c4d4,quiet,8,0.038397,42.0,0
3Q1rk1/2r4R/p1P1bq2/7Q/4B3/P3bp2/7P/5R1K b - - 0 37,-352.0,-382.0,f8d8,capture,17,0.016629,30.0,0
4k3/p4p2/5B2/1rp1Pq2/5b2/2PN4/PPK1Q3/8 w - - 0 25,-123.0,197.0,e2g2,quiet,15,0.426550,320.0,0
4rbk1/5bp1/5p2/7p/3B4/1q2NQ1P/5PP1/3R2K1 w - - 3 43,118.0,32.0,d1c1,quiet,16,0.117652,86.0,0
r6r/4nk2/1pPqbp2/1P2p3/1b2P2p/4B2P/2QN1P2/3RKBR1 b - - 2 29,-71.0,-73.0,a8a2,quiet,23,0.002758,2.0,0
3r3r/1R6/2nk1p2/2b1pP1p/2p5/3n3P/3P1PB1/B4KNR b - - 0 26,382.0,384.0,c6a5,quiet,20,0.001030,2.0,0
6k1/5rp1/2P5/8/8/1P2r3/7P/3RR2K b - - 0 33,-347.0,-265.0,e3b3,capture,10,0.059192,82.0,0
8/4kp2/6p1/3b1p1p/1K1b1B2/8/2p3PP/r1N2B1R b - - 3 35,393.0,486.0,a1b1,quiet,16,0.036843,93.0,0
3nk3/2p2p2/4b1p1/p2p2q1/Pb1Q4/2N1PR2/1PP2P1r/R3KB2 w Q - 0 15,-3.0,114.0,e1d2,quiet,22,0.162732,117.0,0
5b1r/p1pk3p/1p4p1/5p2/2N2P2/4BK1P/PPP3P1/R7 w - - 2 19,226.0,448.0,e3d4,quiet,19,0.143494,222.0,0
1b4r1/p4k2/1p3p2/P2p3r/1P2n2p/3N1K1P/2P3P1/1R1RB3 w - - 1 28,78.0,-40.0,a5b6,capture,20,0.167714,118.0,0
r1bq1rk1/3n1pp1/p1pb4/4p1Np/p2PP3/3B4/2P1QPPP/1RB2RK1 b - - 1 11,-58.0,-38.0,e5d4,capture,27,0.028233,20.0,0
2bN2nr/7p/p4k2/1p6/5bp1/6P1/PP3K1P/3R3R b - - 0 26,411.0,234.0,f4c7,quiet,17,0.120550,177.0,0
8/8/p5k1/P3p1P1/2RbN3/3r4/7r/2K2R2 b - - 9 45,102.0,214.0,d4e3,quiet,12,0.131435,112.0,0
6k1/p4p1q/1p3Q2/3pN1p1/3P4/3rP1P1/P4P2/5RK1 b - - 0 24,-302.0,-472.0,d3d2,quiet,17,0.087535,170.0,0
r2qk2r/p1p1bpp1/1pnp3p/7n/2PP2bP/P1NB1N2/1PQB1KP1/R6R w q - 8 12,70.0,49.0,f2g1,quiet,29,0.029344,21.0,0
3r4/p5k1/1p3qp1/2pp3p/P6N/1PP3P1/3P3P/1K2Q3 b - - 0 28,282.0,312.0,g6g5,quiet,18,0.022410,30.0,0
2r4r/p4k1p/4ppp1/1R2b3/1B2n3/8/P1P1B1PP/1K5R w - - 1 26,-80.0,-83.0,h1d1,quiet,19,0.004088,3.0,0
4Q3/6pk/8/2q2p2/1p2p2p/1P2N2P/P5PK/8 b - - 0 41,-296.0,0.0,c5e3,capture,14,0.346045,296.0,0
7r/8/ppkp4/2p1r1R1/P2p4/1P3P2/2KPP1RP/8 b - - 0 31,-147.0,-30.0,e5g5,capture,17,0.156703,117.0,0
r2qkbr1/1pp2p2/p1n1b3/3pp3/8/2NPBN1B/PPP1PP1P/R2QK2R b KQq - 0 9,-141.0,3.0,e6h3,capture,28,0.196781,144.0,0
r2r1bk1/2q2ppp/8/2p1pB1P/1nN1P3/pR1PP1P1/P3QR2/7K b - - 48 47,196.0,86.0,g7g6,quiet,24,0.134222,110.0,0
r4k1r/p3npp1/8/2p5/1p6/P4PP1/1PPNR1K1/R7 w - - 2 19,45.0,88.0,a3b4,capture,18,0.059601,43.0,0
8/3n4/4bk1p/1p3p1P/B2K1P2/8/8/1R6 w - - 0 54,131.0,388.0,b1b5,capture,11,0.223148,257.0,0
3qr1k1/1b3pp1/4n2p/1p1n4/3P4/1P4PN/1B3PBP/3QR1K1 w - - 0 21,-40.0,4.0,h3f4,quiet,21,0.063068,44.0,0
r4rk1/pp4p1/2p1pn2/7p/1P1n1P1P/P1N2P2/1B3K2/3R3R b - - 1 15,144.0,106.0,a8d8,quiet,21,0.048146,38.0,0
1r2k2r/1bq2pb1/3Rp3/p2pP1p1/P2P2N1/1P2R1P1/5P2/3Q1BK1 b k - 4 24,-97.0,-119.0,b8d8,quiet,23,0.028781,22.0,0
2k5/8/2n5/p7/5P2/2NK4/1pr5/R7 w - - 0 51,-148.0,-151.0,a1b1,quiet,9,0.003607,3.0,0
r2q1r1k/2p1b1pp/p2pQn2/1p4N1/8/1PPBP3/PB4PP/R2K3R b - - 2 15,-180.0,-135.0,d8e8,quiet,25,0.053049,45.0,0
1Q1R4/4k3/p2b2q1/p2p4/P2P2P1/5P2/2b1r3/R5K1 w - - 4 32,-73.0,-166.0,b8c8,quiet,16,0.118698,93.0,0
r1bq2nr/pp3kpp/5p2/2bpp3/2P3PP/P2BP3/1P1B1P2/R2QK1NR b KQ - 0 10,-89.0,-15.0,f7e8,quiet,28,0.103778,74.0,0
8/8/8/5ppk/1r6/8/2RBPK2/8 b - - 1 40,-247.0,-265.0,b4d4,quiet,8,0.015714,18.0,0
1r1q2k1/5p2/2p1rppp/2Q5/3P4/1P3N2/P1K2PPP/R2R4 b - - 1 17,-367.0,-331.0,e6e2,quiet,20,0.021624,36.0,0
5rk1/2pq2p1/bp3p1p/p2p1n2/P2P1BN1/2P2Q1P/1P3PP1/4R1K1 w - - 6 22,68.0,98.0,f4c7,capture,24,0.040779,30.0,0
1r3rk1/3Q2p1/4p2p/2pp3q/Pp6/4RN2/3N1PPP/6K1 w - - 0 21,-60.0,48.0,d7e6,capture,19,0.154140,108.0,0
8/8/8/6n1/2pk1b2/8/4R1K1/1B6 b - - 11 69,138.0,93.0,f4e3,quiet,7,0.058043,45.0,0
5bk1/p7/1p5p/8/4r1p1/P1B3PP/1P1R2K1/8 b - - 0 30,-40.0,-18.0,h6h5,quiet,14,0.031431,22.0,0
8/2p5/5k2/3R2pp/7n/2rB4/5K2/8 b - - 1 43,404.0,449.0,c7c6,quiet,9,0.018891,45.0,0
8/1p2r2p/6k1/5pP1/1p3B2/1P1PP3/PK6/8 w - - 3 29,-228.0,-179.0,d3d4,quiet,13,0.050932,49.0,0
4r3/1p3k2/P2p2p1/P2P1b2/2Pb3p/8/3B1PR1/5BK1 b - - 0 36,-152.0,68.0,b7a6,capture,17,0.302411,220.0,0
2r2rk1/pp2ppb1/2nqb2p/6p1/3Pp1P1/PP2PN1P/1B3P2/2RQKB1R w - - 0 13,-7.0,-36.0,f3d2,quiet,28,0.041551,29.0,0
4Q3/2k5/4K3/1P2p3/5q2/3p4/8/8 b - - 2 48,288.0,272.0,f4e4,quiet,7,0.012773,16.0,0
2k5/5pp1/p1p1p2r/4b3/2K1P2P/5B2/PRPr4/7R w - - 2 32,-12.0,-224.0,c4b3,quiet,17,0.266791,212.0,0
8/4kp2/2R4P/1r6/3b1PK1/8/8/8 b - - 0 54,113.0,198.0,b5b1,quiet,8,0.100520,85.0,0
r2q4/3PR3/p4pk1/1RQ2b1r/P1P2P1p/5p2/1P5P/6K1 w - - 0 29,105.0,-77.0,b5a5,quiet,19,0.255701,182.0,0
r1b1r3/2k3p1/pp6/P1pp1n1p/3n3P/2R5/1PPN1PP1/3K1BNR w - - 1 18,-4.0,-97.0,c3d3,quiet,24,0.130321,93.0,0
r6k/p4ppp/3N4/3R4/P7/2q2n2/5QKP/8 b - - 1 28,257.0,138.0,f3e1,quiet,14,0.125710,119.0,0
8/8/1k6/5p2/8/2p1N3/5K2/8 w - - 0 54,18.0,154.0,e3d5,quiet,5,0.182285,136.0,0
r2q1rk1/pbp2pb1/np1pB1p1/4p1Pp/2P1P2P/2NPBN2/PP3P2/R2QK2R b KQ - 0 10,-122.0,-60.0,f7e6,capture,31,0.083196,62.0,0
3r4/5qpk/1p5p/2p2p2/P4P2/2Q3PP/3n1BB1/R5K1 b - - 2 27,-132.0,-120.0,d2e4,quiet,18,0.015182,12.0,0
r2qk2r/1pp1p1bp/1n1nbpp1/pP1p4/P2P3P/2N3P1/2PNPPB1/R1BQ1RK1 b kq - 4 9,24.0,65.0,e8f7,quiet,32,0.057982,41.0,0
1b2rrk1/3qn1pp/P1p1p3/1p1n4/3P2P1/8/1PP2PB1/R1BQR1K1 w - - 1 18,-8.0,-9.0,c1g5,quiet,24,0.001438,1.0,0
r3k2r/p1qnppb1/b2p1np1/2pP2B1/2N1P1p1/P1NB4/1PP2P1P/R2QK2R w KQkq - 4 9,-93.0,-3.0,d1e2,quiet,30,0.126413,90.0,0
8/8/8/4BK2/5p1p/1k2r3/8/R7 b - - 1 71,-59.0,-180.0,f4f3,quiet,7,0.154008,121.0,0
1r4k1/6p1/5n2/Rb6/3P4/Br4P1/1P3P2/2R3K1 w - - 1 44,128.0,-21.0,a3d6,quiet,14,0.206486,149.0,0
6k1/2p2rpp/1p6/p2Q4/8/1PN4q/PBPP3P/R2K4 w - - 4 21,521.0,575.0,d1e2,quiet,18,0.012235,54.0,0
2R3bk/4q1bp/5p2/2p2P1P/3pNB2/3P1Q1K/r7/8 b - - 0 40,26.0,-36.0,e7d7,quiet,17,0.088971,62.0,0
r1b1k2r/ppp1qpb1/8/3Pn2P/3QN1np/P1Pp4/1P3P2/R1B1KBNR b KQkq - 3 10,130.0,195.0,c8f5,quiet,28,0.075637,65.0,0
4kb1r/rb4pp/p1n2p2/1p1q4/3ppP1N/1P4N1/PB1P2PP/2RQR1K1 w k - 2 16,-93.0,125.0,g3e4,capture,27,0.303240,218.0,0
8/p1p4q/2p4k/2P1Pr1p/P3Qbb1/8/1B6/1K3R2 b - - 4 31,339.0,583.0,f4e5,capture,16,0.090698,244.0,0
8/5pK1/5p2/4nk2/2r5/7P/8/6R1 b - - 7 57,633.0,585.0,c4f4,quiet,8,0.007841,48.0,0
1r1qkb1r/p1pp1ppp/n7/4Pp2/3P1N2/Pp1P1Q2/1P5P/R1B1K1R1 b Qk - 0 14,159.0,133.0,d8h4,quiet,26,0.031509,26.0,0
r3k1nr/3b1pp1/pqn1p2p/3pP3/N7/p5P1/1PPN1P1P/R2QKB1R b kq - 0 12,104.0,123.0,b6d4,quiet,27,0.024617,19.0,0
2k1r3/8/pp3pp1/2b2n1p/2P4P/P2p2PB/2bK1P2/R1B3N1 w - - 0 25,-178.0,-327.0,g3g4,quiet,21,0.132005,149.0,0
8/2r4k/8/8/4R2p/4K3/8/8 b - - 1 56,98.0,116.0,c7c3,quiet,5,0.023591,18.0,0
6k1/P4rp1/2pq4/4p3/2P4b/8/3PP2P/3K2R1 w - - 0 32,-377.0,-171.0,a7a8q,promotion,14,0.169569,206.0,0
r5k1/1p1b1pp1/p2b3r/2pp2q1/P7/1Q1PPB1P/1B3PP1/R4RK1 b - - 4 19,32.0,49.0,d7h3,capture,24,0.024131,17.0,0
1r3rk1/p1q3p1/p6p/2p1b3/3pP3/1P5P/P1P1NPP1/R2QK2R b - - 0 20,108.0,96.0,d4d3,quiet,23,0.015861,12.0,0
br2r1k1/4qpp1/p1nb1n1p/2B5/1P4P1/5N1P/2Q1NPB1/2RR2K1 b - - 2 19,-232.0,172.0,d6c5,capture,24,0.520859,404.0,0
8/8/8/5p2/R7/4p2P/4krP1/6K1 b - - 2 46,223.0,327.0,f2f1,quiet,8,0.084805,104.0,0
rk6/1pp1p2R/p2q4/3P2r1/2P3p1/1B6/PR3P2/3K4 w - - 1 25,-449.0,-531.0,b2e2,quiet,17,0.025203,82.0,0
r2qk1r1/p2n3p/2p1p1bQ/Pp1p1p1n/1b4P1/2NPPN1P/1BP2P2/R3KB1R b KQq - 0 13,77.0,-21.0,h5g7,quiet,30,0.139217,98.0,0
r1br2k1/7p/p1p4p/5p2/8/P3PPPP/P5B1/R4K1R w - - 0 15,-5.0,21.0,h1g1,quiet,19,0.037380,26.0,0
r1q1kb1r/1b1p1ppp/4p3/p7/3B1n1P/5N2/PPP3P1/R2QKB1R b kq - 1 11,52.0,168.0,c8c6,quiet,25,0.150258,116.0,0
8/pp2bk2/4bp2/1q2n3/3BB1r1/4Q3/2R2K2/R7 w - - 4 34,-152.0,8.0,c2b2,quiet,15,0.217292,160.0,0
1bk5/8/P7/P7/4Kp2/2P5/3B2r1/1R6 w - - 7 47,343.0,642.0,d2f4,capture,10,0.097680,299.0,0
r4rk1/1QB2n2/2p5/3p1bpp/3P1P1q/P1PN4/P2K1n2/R4BR1 b - - 0 20,121.0,197.0,a8a3,capture,23,0.089162,76.0,0
r4k2/2p3p1/npP1p2p/8/2PBp3/pP5P/6P1/3R2K1 w - - 0 29,-94.0,-203.0,d1f1,quiet,18,0.130815,109.0,0
1r4k1/p3pp2/3b2p1/2p2b1p/P1R1p2P/2B1P3/1P2BPP1/4K3 w - - 1 22,75.0,-24.0,a4a5,quiet,21,0.140772,99.0,0
2k3r1/1pp1n3/p4p1r/P3p3/2P1P3/P1B1P3/5KBp/7R b - - 0 27,429.0,463.0,e7c6,quiet,19,0.012967,34.0,0
1n1q1b1r/1r3k1p/1p2ppp1/pB1p1n2/P2P1B2/2P2P1P/1P5P/RN1Q1KR1 w - - 2 12,12.0,-27.0,b1a3,quiet,28,0.056041,39.0,0
r3k2r/p2qnp2/1p5b/2p5/2QpP1p1/3P4/PP2NPPP/R1BK3R b - - 2 15,65.0,20.0,a8d8,quiet,25,0.063716,45.0,0
5rk1/2p2pp1/2p1p3/2P3Pp/3Pn2P/4Bqb1/PQ3P2/R4K1R w - - 0 16,12.0,-8.0,h1h3,quiet,22,0.028773,20.0,0
2r2b1k/1bqp1pR1/1p2nn1p/r4N1P/P1B2p2/2NPP3/1BP1Q3/R3K3 b Q - 0 19,0.0,288.0,f8g7,capture,26,0.339951,288.0,0
r1bq1rk1/pp4pp/2p2P2/2bp4/5N2/2P2P2/PP5P/R1BQKB1R w KQ - 0 10,153.0,143.0,f4d3,quiet,25,0.012066,10.0,0
r2qk2r/1bp2pb1/1pn1p2p/p2n2p1/3P4/P1NBPN1P/1PQB1PP1/R3K2R b KQkq - 1 9,14.0,56.0,d5c3,capture,30,0.059763,42.0,0
6k1/3b4/p2p4/r5pp/4p3/4P2P/5PP1/2R2NK1 w - - 0 34,-73.0,-28.0,f1g3,quiet,15,0.063328,45.0,0
r2qkb1r/3p1pp1/p1n5/p2N3p/4PBn1/8/1P3PB1/R2Q1RK1 b kq - 1 16,65.0,47.0,g4e5,quiet,23,0.025237,18.0,0
r3k3/5p2/b3p2p/p7/1p3P2/4N3/P4KPP/2RR4 w q - 4 27,400.0,430.0,c1c5,quiet,16,0.013300,30.0,0
r2r2k1/1N3p2/5np1/p3n3/8/4Bp1P/PPP5/R3K2R b - - 0 19,347.0,220.0,d8d5,quiet,18,0.100404,127.0,0
8/p7/P4kp1/3B1p1p/2Pp3P/3PqP2/2r1P3/4RK1R w - - 2 30,-273.0,-256.0,h1g1,quiet,18,0.014387,17.0,0
1kr5/1p2Bp2/p1r1p1q1/1p1pP2p/1P1P2pP/R1PQ2P1/3N1PK1/8 w - - 15 48,73.0,122.0,e7d6,quiet,24,0.065159,49.0,0
8/1pk5/3b2N1/2p5/2q1nPN1/B3P3/3P4/4K3 w - - 2 37,-636.0,-710.0,g4e5,quiet,13,0.008549,74.0,0
r4rk1/2ppn1q1/pp2p1p1/8/5P2/3B2P1/P1PQ2K1/1R5R w - - 2 20,13.0,-32.0,h1h4,quiet,20,0.064622,45.0,0
8/5Bpk/5bp1/r7/6R1/7P/2K5/8 b - - 3 48,159.0,194.0,g6g5,quiet,9,0.039307,35.0,0
8/8/8/8/1P6/6Kp/8/3k4 w - - 0 62,-29.0,747.0,b4b5,quiet,4,0.528252,776.0,0
r2qk2r/pp3ppp/2nbbn2/8/P7/3N1N2/1BPP1PPP/R2QKB1R w KQkq - 4 9,21.0,101.0,f1e2,quiet,27,0.111205,80.0,0
r1bq1knr/5p2/ppn5/3pb3/1P4Pp/P1P2P2/4BN1P/RNBQ1RK1 w - - 2 14,66.0,66.0,f3f4,quiet,27,0.000000,0.0,0
8/1k5r/p7/p7/8/8/1B1KN3/8 b - - 1 47,31.0,135.0,a5a4,quiet,7,0.140565,104.0,0
1r2k2r/5p2/2p1p1p1/pb1pP1P1/4qP1p/2P2B2/P3P2P/2RQ1R1K b - - 4 21,104.0,45.0,e4f4,capture,24,0.080952,59.0,0
7k/8/3P1np1/5n2/1K5p/2R2Q2/8/4q3 w - - 0 51,-166.0,-210.0,f3c6,quiet,10,0.047862,44.0,0
r3k2r/ppp1n1p1/1q3p1p/nN1P4/8/1P1B1P2/P2Q1P1P/2KRR3 b q - 0 14,-111.0,-152.0,e8d8,quiet,24,0.051261,41.0,0
8/2bB1k2/7p/4p1pP/1pb1P1P1/1N6/1BP5/1K6 w - - 3 36,476.0,348.0,b3d2,quiet,15,0.058213,128.0,0
4k3/4npp1/p1p5/3p4/6B1/3r4/Pr5P/2R1RK2 b - - 3 22,441.0,368.0,b2h2,capture,15,0.034127,73.0,0
r3kbnr/pp1b3p/2q1ppp1/8/nPB1P3/5N2/P3QPPP/RNBR2K1 b kq - 0 11,-76.0,8.0,a8c8,quiet,28,0.119172,84.0,0
8/7r/7P/3k4/8/8/8/7K w - - 2 52,-320.0,-527.0,h1g2,quiet,4,0.090879,207.0,0
8/8/8/4p1k1/4p1p1/4N1P1/5P1K/8 w - - 1 48,304.0,412.0,h2g2,quiet,8,0.062692,108.0,0
8/5k2/7p/3p2p1/2n4P/P7/6K1/2B5 b - - 0 41,213.0,238.0,g5h4,capture,9,0.024246,25.0,0
6k1/2p1B1p1/p1n1rn2/3p4/Q2p4/2P5/P4PP1/R4K2 b - - 1 23,-113.0,-139.0,c6e7,capture,17,0.032888,26.0,0
r2q1r2/pp3pkp/5np1/3p4/b2Q4/1P2PP2/P3B1PP/R4RK1 w - - 0 16,-87.0,13.0,b3a4,capture,23,0.141350,100.0,0
1r1nkb1r/pbppnpp1/4p1q1/8/1p1PP1P1/2PBNP1p/PP5P/R1BQ2RK w k - 4 13,-75.0,-100.0,a2a3,quiet,31,0.033777,25.0,0
8/5p2/4p1k1/r6p/5P2/p3RKP1/P7/8 b - - 11 51,277.0,223.0,g6f5,quiet,11,0.048176,54.0,0
r4k2/ppp4p/4q1pb/1P2N3/3PP2P/2P5/P1Q1K3/7R w - - 0 21,267.0,171.0,h1f1,quiet,19,0.095053,96.0,0
r2qk2r/1p1b2pp/p2b1n2/3pnp2/8/1P1BPP2/P1N3PP/1RBQK1NR w kq - 0 10,-17.0,-144.0,a2a4,quiet,28,0.171683,127.0,0
b2q1rk1/5ppp/1pp2n2/4n3/1b1p4/2N1P3/2PP1NPP/2BQKB1R w - - 0 10,-270.0,-338.0,e3d4,capture,25,0.049449,68.0,0
5q2/1k5P/1pp3K1/5p2/2P5/p3P3/6Q1/8 b - - 10 51,149.0,53.0,f8e8,quiet,11,0.126496,96.0,0
8/3k1pp1/4p3/b6p/P2P1n2/Br6/2RP1PPP/3R2K1 w - - 5 30,426.0,282.0,a3c5,quiet,18,0.085473,144.0,0
r4r1k/2ppq1pp/b1pb1pn1/8/N2QP3/P3B3/1PP1BPPP/R3K2R b - - 6 16,-135.0,24.0,a6e2,capture,27,0.219544,159.0,0
1r1qk2r/8/2pb2p1/1p2pbPp/4p2P/P1N5/1PPQ1P2/1RB1K2R w Kk - 0 15,51.0,5.0,d2e3,quiet,24,0.065677,46.0,0
3q1rk1/Q1p2pb1/1n1p1npp/1P2p3/2B1P3/B1N2P2/2PP1P1P/4K2R w K - 3 12,124.0,106.0,c4e2,quiet,25,0.023258,18.0,0
r4k2/1bq5/4p2r/pBP5/3QnN2/6Pp/7P/RR4K1 b - - 0 23,-45.0,116.0,e6e5,quiet,18,0.225400,161.0,0
r2nqrk1/1bppb1pp/4pn2/1p3p2/3P3P/2PBPN2/3NQPP1/R1B1K2R w K - 0 12,-102.0,-39.0,a1a8,capture,29,0.086822,63.0,0
r3kb1r/7p/n1p1PppP/pp1q1b2/2p1N1n1/5N2/PPQBPPP1/3RKB1R w q - 2 12,-79.0,-158.0,f3g5,quiet,30,0.101132,79.0,0
8/1kp5/2p5/2PpK3/8/2P5/3rp3/6R1 w - - 0 58,-586.0,-461.0,g1e1,quiet,10,0.032619,125.0,0
6k1/2q2rp1/2b4p/4p3/2p1PpQP/2B5/6P1/R6K w - - 0 41,-191.0,-128.0,a1e1,quiet,16,0.073862,63.0,0
2rq1rk1/pp2ppbp/3p1np1/n7/P2PP1b1/2N1BN2/1Q2BPPP/R4RK1 w - - 5 12,-33.0,19.0,b2b4,quiet,29,0.074664,52.0,0
5k2/1pR5/p5pp/n7/8/1PN5/1KPN2Br/4r3 w - - 3 34,75.0,240.0,d2f3,quiet,15,0.192952,165.0,0
5b1r/4n2p/1k3B1P/n6R/b1p5/P3P3/4BPP1/4K3 b - - 2 24,242.0,297.0,h8g8,quiet,17,0.045712,55.0,0
4r1k1/2qn2p1/1ppb1p2/p2p1b1p/P6P/1P1N1PP1/1BPQ1PB1/2R3K1 b - - 1 17,32.0,-20.0,f5d3,capture,26,0.074672,52.0,0
1k1q4/pp2bRpn/2n5/4p1rb/1P1p3P/P2P2Q1/2PB2B1/R5K1 w - - 0 23,46.0,92.0,h4g5,capture,23,0.063573,46.0,0
6k1/p4p2/6p1/6Pp/r4p1P/5N1q/3Q1K2/6R1 b - - 9 53,96.0,6.0,h3f5,quiet,14,0.126109,90.0,0
5Q2/6pk/p1P1b2p/4Np2/P2p1P2/B5P1/1KPn3P/7q w - - 0 27,434.0,-751.0,a3d6,quiet,19,0.910938,1185.0,0
8/p1k1r1Rp/8/2ppr3/8/P2QN2P/2P1KP2/2qN4 w - - 2 45,253.0,221.0,d3h7,capture,17,0.029864,32.0,0
8/p2r4/1pk5/P1p5/2P5/1P6/2K5/6R1 b - - 1 37,-8.0,21.0,b6a5,capture,10,0.041696,29.0,0
r3k2r/2pn1p2/1p2p2p/p3n3/2PpNbPP/BP1P3R/P3BP2/R2K4 w kq - 0 18,139.0,20.0,a3b2,quiet,26,0.161256,119.0,0
6Q1/p2rk3/8/4p3/3b1q2/6p1/PP4PP/3R3K w - - 0 36,-114.0,-188.0,g8g7,quiet,14,0.088498,74.0,0
2k1r3/p2q4/2pb1p1p/2pp4/P7/2PQ1P2/1P4K1/R4N2 b - - 3 22,134.0,380.0,c5c4,quiet,18,0.215301,246.0,0
rnb1kb2/ppp3r1/4pn1p/3p4/3P1Np1/2P5/PP2P1BP/RNB1K2R w q - 1 9,42.0,8.0,a2a4,quiet,27,0.048639,34.0,0
2r5/1p5p/3qb1pk/p4p2/P3p3/1P1pPP1P/3P2P1/Q2B1RK1 b - - 2 20,377.0,203.0,e4f3,capture,22,0.134655,174.0,0
8/7p/8/5kPK/8/8/8/8 w - - 6 60,16.0,0.0,h5h4,quiet,4,0.023010,16.0,0
8/5p2/3np3/2kp4/1p5r/2NB4/2PP4/2K2R2 w - - 0 32,-94.0,75.0,c3a4,quiet,13,0.238358,169.0,0
4r1k1/8/8/8/P3p3/2B3P1/1P5r/2KR4 b - - 0 41,-105.0,3.0,e4e3,quiet,10,0.150986,108.0,0
r3k2r/pp2qpp1/2n1b3/2Q5/3Pp3/7P/PPPB4/2KR1B1R w kq - 3 17,31.0,22.0,c5e7,capture,22,0.012876,9.0,0
5k2/p4p2/2B2n1p/2P5/1P1PpP2/P6P/2r3r1/R4K1R b - - 6 35,76.0,81.0,c2e2,quiet,18,0.006840,5.0,0
r2r2k1/5p1p/4p2n/ppQ5/3PP1Pq/7R/4NPP1/5RK1 b - - 4 21,7.0,-248.0,h4f6,quiet,20,0.316600,255.0,0
5rk1/6pp/3q4/8/pp2Q2P/6P1/PP3P2/2R3K1 w - - 1 29,87.0,111.0,e4c4,quiet,15,0.031870,24.0,0
8/8/2k5/pp1p2p1/3P4/P2NK3/1Pr1B3/8 w - - 10 40,96.0,6.0,e2d1,quiet,12,0.126109,90.0,0
2k5/6Q1/p2q4/1p6/3pP3/3P4/1P6/1K6 w - - 11 38,35.0,100.0,e4e5,quiet,10,0.089866,65.0,0
rn2k1nr/1p1b1pp1/1q1bp3/p1p1P1Bp/2pP4/P4N2/1P3PPP/R2QKB1R w KQkq - 0 9,-75.0,27.0,e5d6,capture,30,0.145066,102.0,0
2kr2r1/1pq2p2/2pbp3/p7/3P2Pp/P1N1P3/1P2QPP1/R4RK1 b - - 2 18,-32.0,67.0,d6h2,quiet,23,0.141165,99.0,0
4r1k1/2R4R/p4p2/8/8/6K1/3r4/8 w - - 26 52,-255.0,0.0,c7g7,quiet,8,0.312738,255.0,0
1r1kq2Q/p1pnb3/8/7p/2B5/1P6/2P3PP/1K1R4 w - - 5 28,45.0,-20.0,h8e5,quiet,16,0.093151,65.0,0
8/1b3rpk/2q1p2p/4Pn2/ppP3Q1/3R3P/1B4P1/2R3K1 w - - 0 38,60.0,61.0,c4c5,quiet,19,0.001396,1.0,0
8/6k1/4nb2/Q7/3P4/P3q3/1P1R4/K2B2r1 b - - 0 50,245.0,308.0,e6d4,capture,12,0.051011,63.0,0
6k1/pp5p/2p1pbp1/2Pr1p2/1PQ5/PR6/4B1P1/q1B2K2 b - - 2 27,108.0,101.0,f6g5,quiet,20,0.009215,7.0,0
r4k2/pR1R4/1p4pp/2p5/4n3/P5P1/P1P4P/6K1 w - - 0 31,514.0,494.0,d7f7,quiet,16,0.005687,20.0,0
8/1p6/2p1b3/P1P3B1/8/5BKp/1k6/8 w - - 17 59,245.0,245.0,a5a6,quiet,10,0.000000,0.0,0
2r5/1p4b1/pR3nk1/3pB1p1/2b3p1/2P5/1PN4P/2KR4 b - - 5 26,132.0,22.0,c8e8,quiet,18,0.149704,110.0,0
r3r3/1pk3B1/2p5/p1bn1b1p/8/1P2P3/P2P1NPP/R3KB1R w KQ - 1 17,75.0,115.0,a1d1,quiet,22,0.053420,40.0,0
4Qb2/1q3pkp/p4pp1/B1p2b2/2P5/1P3r1P/5PP1/1R4K1 w - - 0 35,-206.0,-408.0,g2f3,capture,20,0.146831,202.0,0
4r3/1kp1nr2/p5pp/5b2/5P2/qPQ1B1RP/P4K2/4R3 w - - 0 25,-128.0,-278.0,e3c5,quiet,19,0.155758,150.0,0
r3k2r/1bqpb1p1/pp2pn2/2p1np1p/P2P3P/2N1PPPN/1PP1BK2/R1BQ3R b kq - 0 9,174.0,126.0,e5g4,quiet,32,0.057602,48.0,0
k7/8/7p/PPp1p2p/2P1P1nP/2BKP1P1/8/8 w - - 1 40,573.0,565.0,a5a6,quiet,15,0.001616,8.0,0
r2qkb1r/p4ppp/4pn2/1P6/1n1p2P1/5P2/1BPP1N1P/R2QK1NR w KQkq - 1 9,-47.0,-13.0,g1e2,quiet,26,0.048529,34.0,0
8/6k1/8/R3N3/7p/1P1K1Pr1/2P5/6b1 w - - 0 44,164.0,116.0,e5g4,quiet,10,0.058920,48.0,0
r2b2r1/2p4q/1kP4p/4p2B/p3PpP1/P2Q3P/1P6/K1R5 w - - 1 35,-251.0,-274.0,d3c4,quiet,20,0.019610,23.0,0
8/1kr5/pp2K3/8/3R4/P2B4/8/8 b - - 0 40,-264.0,-316.0,c7c3,quiet,8,0.039956,52.0,0
r1bq2k1/2p1nr2/3p1npB/1p1Pp2p/1P2P2P/P1N2P2/6B1/R2QK2R b KQ - 0 16,18.0,-58.0,c8d7,quiet,26,0.108583,76.0,0
2b1k3/p4pb1/3Bn1q1/3p4/1p1r4/1P2N3/P2N3P/3QR2K w - - 6 25,-115.0,-113.0,e3c2,quiet,19,0.002589,2.0,0
8/2p2R2/3k4/p4p1r/np2pP2/4P3/2P5/2KN4 b - - 2 35,313.0,369.0,a4c5,quiet,14,0.034862,56.0,0
n1bq1rk1/5pp1/3b1n1p/p2Np3/2Pp4/P5P1/1P1BNP1P/R2QK2R w - - 2 14,113.0,51.0,a1c1,quiet,26,0.084246,62.0,0
3R4/8/3b4/p1k2r1p/P1P4P/6P1/6K1/8 b - - 4 72,206.0,284.0,f5f8,quiet,11,0.070836,78.0,0
8/8/8/4k3/6K1/5r2/8/8 b - - 5 80,499.0,552.0,f3c3,quiet,3,0.013512,53.0,0
5k1r/p3np2/Np3n2/4p2p/7R/1P2PP2/P2P4/4KB2 w - - 1 15,-33.0,32.0,a6c7,quiet,18,0.093270,65.0,0
8/2kb2p1/p6p/2K5/7P/6P1/P7/8 b - - 1 52,382.0,493.0,h6h5,quiet,9,0.044535,111.0,0
r1bq1rk1/pp3p1p/2n2npP/8/P1BNp3/1PN1PPb1/R2K2P1/2BQ3R w - - 1 12,-148.0,-7.0,f3e4,capture,28,0.190905,141.0,0
r1b2k2/1pb5/2p1p3/p1P2p2/P2Pp2P/1P6/2N1PpK1/R4R2 w - - 0 22,35.0,178.0,g2f2,capture,21,0.185678,143.0,0
k7/7p/7P/7b/3BK3/8/8/8 w - - 17 66,220.0,92.0,e4f5,quiet,6,0.150741,128.0,0
8/2n5/2k4P/7r/2pB4/2Nb4/R7/6K1 b - - 15 74,92.0,181.0,h5h6,capture,10,0.109832,89.0,0
r5b1/1ppk4/p1nb1Bp1/5pNr/4p2P/1P3PP1/P3P1B1/3RK2R b K - 0 17,88.0,-12.0,c6b4,quiet,24,0.141264,100.0,0
8/pk2q1p1/1pn5/2p5/2PpQ1P1/P2r4/P7/R1B1nK2 w - - 0 24,-297.0,-339.0,e4e7,capture,18,0.028810,42.0,0
8/4rk2/8/B1pb4/P2p4/3P2P1/1K6/4R3 w - - 3 29,174.0,129.0,e1e7,capture,11,0.053817,45.0,0
2r1b3/k3nqr1/1p2pNnR/pP1pPp1B/P1pP4/2P1B3/5Q2/3K3R w - - 7 35,165.0,121.0,f6e8,capture,25,0.053660,44.0,0
r2qk1nr/p2bp3/Q4p2/7p/1Pp1P2R/2N1p3/P4PP1/R3KB2 w Qkq - 0 12,98.0,72.0,a1d1,quiet,23,0.035250,26.0,0
8/1k6/3b4/p2n4/3R4/8/P1K5/8 b - - 3 63,119.0,149.0,b7c6,quiet,7,0.037325,30.0,0
8/pk1b4/1p1p1Q2/3P4/1q4p1/8/P4Pp1/K5R1 b - - 1 32,396.0,350.0,b4c4,quiet,14,0.024832,46.0,0
r1b5/p3k1p1/1pnN3p/8/2r5/8/P4BP1/R5K1 w - - 2 31,-502.0,-189.0,d6c4,capture,15,0.199338,313.0,0
r4rk1/1q1n1ppp/b1pb1n2/p2pp3/N7/3PPNP1/PPQ2PBP/R1B1R1K1 b - - 11 11,-71.0,30.0,b7b5,quiet,30,0.143845,101.0,0
r1b1kbr1/1p3p1p/p7/4q1p1/1n1NN3/4P3/PQ3PBP/3R1RK1 b q - 4 16,71.0,35.0,c8h3,quiet,23,0.050579,36.0,0
4r1k1/2q2p2/4pn2/p4pN1/Pp5P/1Pr3p1/4Q1P1/3R1RK1 b - - 3 29,295.0,386.0,c7c5,quiet,20,0.056914,91.0,0
3q1k2/3n3p/2pN1nr1/3b4/2p4R/4Q2B/3PP3/4K3 w - - 7 22,-9.0,-77.0,d6c4,capture,16,0.096083,68.0,0
r2qkb1r/1pp1npp1/p1n1b2p/4p3/3pP3/P2P1N1P/1PPN1PP1/R1BQKB1R w KQ - 4 9,-52.0,-43.0,f1e2,quiet,32,0.012712,9.0,0
r5k1/1p4p1/p1np2r1/5q1p/2P4R/1PQR1N1P/PB3P2/5K2 b - - 6 25,-166.0,-197.0,a8d8,quiet,21,0.034346,31.0,0
6R1/r7/6p1/6k1/5p2/5P2/5K2/8 b - - 27 77,156.0,214.0,a7a2,quiet,7,0.063608,58.0,0
r1bq1rk1/1pp1bpp1/3p1n1p/pN2p3/2PnP3/P1NP4/1P3PPP/R1BQKB1R w KQ - 6 10,-8.0,18.0,b5d4,capture,32,0.037392,26.0,0
8/5p2/p4P2/5PK1/PP4b1/6k1/3B4/8 b - - 1 44,-646.0,-625.0,g4e2,quiet,10,0.002963,21.0,0
1Q6/p3N3/k2p4/6rp/8/P3p3/1P2P2K/5q2 w - - 2 41,-465.0,64.0,b8d6,capture,13,0.526717,529.0,0
1k6/pP3p2/P7/3PP3/4p3/6p1/6Kp/8 b - - 0 45,44.0,731.0,e4e3,quiet,11,0.422357,687.0,0
8/1r4kp/R4p2/5B2/4PP1K/1r4PP/8/8 b - - 20 47,-120.0,-85.0,b7c7,quiet,12,0.046198,35.0,0
1r3rk1/pbqp1pp1/4p3/2pn3p/2B1N1nP/PP3N2/2KB2P1/R3Q2R w - - 3 20,36.0,-56.0,e4g3,quiet,26,0.131523,92.0,0
N1bk4/1p4pp/2p5/p1b5/2P3P1/1P2rN1P/n2K2B1/R7 b - - 1 27,143.0,192.0,a2c3,quiet,19,0.056331,49.0,0
r4bk1/Nb3pp1/1n2r2p/Q1p4P/P3B2q/RP4P1/1B1N1P2/5K2 b - - 0 21,386.0,503.0,h4h3,quiet,23,0.045416,117.0,0
1R6/5p2/4p2p/k2pP2P/2bP4/5P2/7r/2K5 w - - 6 62,-561.0,-454.0,b8b7,quiet,13,0.030204,107.0,0
r1bqk1nr/6pp/2pbpp2/p7/P1P2PP1/5N2/1PP1QK1P/RNB4R b - - 0 9,-83.0,-58.0,d6c5,quiet,27,0.034523,25.0,0
r6k/8/6KP/5B2/p7/R7/8/8 w - - 5 74,439.0,443.0,g6f6,quiet,7,0.001562,4.0,0
4r3/2k2p2/8/5r1p/P1K4p/2P2P2/1R4P1/R7 w - - 0 29,78.0,109.0,b2b5,quiet,13,0.041510,31.0,0
3rkr2/pbq1n1p1/1Pp1Bp1p/3pp3/4P2P/1QP1NPP1/3R2K1/R7 b - - 0 19,-15.0,86.0,a7b6,capture,25,0.142870,101.0,0
8/1p6/p3r1k1/P2p1p1p/1P3B1P/1qbQ1pP1/8/5B1K b - - 7 54,643.0,449.0,b3b4,capture,18,0.046039,194.0,0
2b2rk1/n1p2p2/3q1n2/3p2p1/3Pp2p/4P2P/1PP1NPP1/2BQKB1R b K - 1 12,-27.0,18.0,g8h7,quiet,25,0.064659,45.0,0
r2qkb2/1p1nnp2/1r2p1p1/pP1pP1Bp/3P3P/2PQ1P2/4N1P1/RN2K2R w KQq - 1 12,96.0,36.0,b1d2,quiet,28,0.083120,60.0,0
8/4k1p1/4n1P1/8/3B4/8/6K1/8 w - - 1 45,28.0,17.0,d4c3,quiet,6,0.015763,11.0,0
8/R7/6p1/p1p1k2p/3nn3/PP1K3P/8/8 w - - 14 44,-401.0,-207.0,a7e7,quiet,12,0.142541,194.0,0
1k6/1pr5/8/8/Q2P2p1/P7/KP6/7q w - - 8 70,-384.0,-411.0,a4e8,quiet,10,0.013003,27.0,0
8/p7/P7/6p1/5p2/5Pk1/4K3/8 w - - 0 57,-273.0,-832.0,e2e1,quiet,7,0.163752,559.0,0
rnbq1rk1/2p3pp/3Npn2/3p1p2/8/p2P1NPP/2Q2PB1/R1B2RK1 b - - 0 10,-32.0,97.0,c7d6,capture,26,0.181999,129.0,0
r1b2rk1/pppn2bp/4pnp1/P7/5P2/6PP/1PP3B1/R1BNK1NR w KQ - 1 11,27.0,35.0,a1a3,quiet,26,0.011421,8.0,0
1n3k2/p3bp2/1p2p3/8/1r6/2B3Pp/r2PBP1P/3RR1K1 w - - 0 23,-107.0,41.0,c3b4,capture,19,0.208026,148.0,0
b2r1nk1/6q1/3pp3/1Np1n2p/2P1P1p1/1N2Q3/4B1PP/5RK1 b - - 0 26,149.0,114.0,g7e7,quiet,21,0.043768,35.0,0
1r3rk1/6pp/8/p1q1p3/P2nQ3/1PN2P2/2P4P/R4RK1 w - - 1 20,23.0,-21.0,e4d5,quiet,19,0.063236,44.0,0
8/2k1r3/3b4/8/P7/8/2K2R2/8 w - - 5 56,-219.0,-229.0,f2f5,quiet,6,0.009746,10.0,0
3N4/5p2/p2b1k2/4pp2/8/1P3P1P/P5K1/8 b - - 0 40,254.0,85.0,d6b4,quiet,12,0.191919,169.0,0
2q4k/p1N1nr2/b1p4p/3pP3/Pr5P/4PP2/1PQN4/R3K1R1 w - - 1 21,214.0,367.0,c7a6,capture,22,0.117976,153.0,0
8/8/8/5kpp/5b2/8/2r5/4R2K b - - 4 57,812.0,948.0,f5g4,quiet,7,0.004999,136.0,0
8/1R5p/P3kp2/2Kn4/8/5pB1/4r2P/6R1 w - - 2 36,734.0,880.0,a6a7,quiet,12,0.008141,146.0,0
5r1k/r1qpn1pp/2b2p2/2R4N/4p3/7P/3Q1PP1/2R3K1 w - - 0 20,-179.0,-308.0,d2d4,quiet,19,0.117834,129.0,0
2k5/7p/r1qp1Q2/nN1Nn3/2P5/4P3/7P/R6K w - - 1 37,157.0,544.0,a1a5,capture,15,0.246452,387.0,0
r3k3/6p1/1B1R1p2/P3p1n1/1p5r/5P2/1PP5/1K2R3 w - - 1 26,259.0,142.0,e1f1,quiet,16,0.122529,117.0,0
r4bnr/1pp2kp1/n2p3p/p2N4/3P4/1P6/P1PBNP2/2KR3R w - - 4 13,67.0,148.0,c1b1,quiet,23,0.105734,81.0,0
8/5k2/2b1p3/bp3p2/p1r4p/P2RPP1P/3PKP2/1B4R1 w - - 2 30,129.0,125.0,f3f4,quiet,19,0.005051,4.0,0
r6k/p4R1p/8/8/8/6P1/4r2P/1R5K w - - 2 27,49.0,133.0,b1b7,quiet,10,0.112518,84.0,0
Qnk2b1r/B3pp1p/5n2/p7/5P2/2P3P1/1qPK3P/1R5R b - - 1 15,-159.0,-693.0,b2a2,quiet,20,0.267744,534.0,0
4R3/7k/8/5bp1/2q5/P1N5/1P6/K2R4 w - - 1 40,229.0,235.0,e8e5,quiet,10,0.005695,6.0,0
8/6kp/4p2p/7P/2pr4/5BP1/5PK1/8 w - - 0 54,-397.0,-658.0,g2g1,quiet,11,0.070201,261.0,0
r4rk1/2b2p1p/B7/1pPp4/3PpP2/P3B1nP/1R4P1/6KR w - - 0 27,-91.0,-197.0,h1h2,quiet,21,0.128536,106.0,0
2kr2r1/ppp1qp1p/2n5/3p4/2nP4/1Q4PP/PB2PPB1/1N1R2K1 w - - 1 18,-171.0,-74.0,b1c3,quiet,24,0.123059,97.0,0
r1bq1kn1/1ppn3r/3p4/3PpPp1/Pp2N2p/5P1P/2PB2P1/R2QKB1R b KQ - 1 11,-208.0,-181.0,d7f6,quiet,28,0.028832,27.0,0
r2q1rk1/1pp1ppbp/2n3p1/8/2pP4/P1NbPNPP/1P1n1PB1/R2QR1K1 w - - 0 12,-88.0,46.0,f3d2,capture,29,0.189817,134.0,0
4rrk1/p5pp/7q/3P4/2PN4/5N2/PPQ3Pb/5R1K w - - 0 23,-67.0,22.0,d4f5,quiet,18,0.126861,89.0,0
3q3r/2p1k3/3pbnB1/2n5/1Q2PP1P/p7/PPP3PR/R3K3 b Q - 2 15,-125.0,-106.0,a3b2,capture,21,0.024527,19.0,0
r2kbR2/ppq5/3p4/n6r/2P1PNp1/2PB2Q1/P2K3P/1R6 b - - 5 23,-132.0,-203.0,h5e5,quiet,21,0.081563,71.0,0
rn2kb1r/p2ppp2/b3q3/2p1P1pp/3P4/PPN5/4NPPP/R1BQ1RK1 b kq - 2 10,-122.0,-13.0,c5d4,capture,28,0.149995,109.0,0
2rq1rk1/1p2ppbp/1nn3p1/p1p5/P2pPB2/NQPP2PP/1P4B1/3R1RK1 b - - 3 16,137.0,131.0,c6e5,quiet,29,0.007468,6.0,0
r2kbb1r/1pq5/p2p1N2/2pPp2p/3n4/PP1Q3P/1BPP1P2/R3KB1R b KQ - 0 13,-98.0,-116.0,f8e7,quiet,27,0.023591,18.0,0
8/1p3r2/pR3pk1/8/3R4/1P4KP/1r1P4/8 w - - 3 27,-20.0,35.0,d4d6,quiet,12,0.078950,55.0,0
4r1k1/p7/1p1q4/6p1/P1PPp2p/4Qb2/R4P2/2B3KR b - - 3 28,-63.0,-214.0,f3h1,capture,18,0.184464,151.0,0
rr6/1bp2q1k/3pp3/n2n1pB1/p2PP1pP/P1RB4/1PQN2P1/4K2R b K - 0 21,12.0,44.0,d5c3,capture,26,0.045722,32.0,0
8/3k4/6p1/3p1p1p/3PnP1B/2P1P3/b1K1B3/8 b - - 11 51,-40.0,32.0,a2c4,quiet,14,0.103234,72.0,0
2r5/p2k4/3p1p2/1b1B4/1P2Pp2/P4P2/1K4P1/3R4 b - - 1 26,-292.0,-215.0,b5c6,quiet,15,0.067869,77.0,0
4r1k1/4R1pp/5p2/3p1P1Q/2pn2N1/2q1B3/6PP/5RK1 b - - 0 24,-417.0,-154.0,e8e7,capture,18,0.208695,263.0,0
r1bqk2r/pp3p1p/3b1np1/3pN3/3P4/P1NpP2P/3B1PP1/R2QK2R w KQkq - 4 9,-128.0,-17.0,e5d3,capture,27,0.151856,111.0,0
r2q1k1r/p3n3/1p5p/2p1Q1p1/8/BP2P1NP/P1b1BP1R/4K3 b - - 0 19,-126.0,-47.0,e7g6,quiet,22,0.106547,79.0,0
8/5R1R/8/8/6r1/6k1/4K1b1/8 b - - 13 48,-148.0,-158.0,g2d5,quiet,6,0.011925,10.0,0
6k1/1b2r3/5bpp/1p1q1p2/p4P2/P2r3P/1PQ3PB/2RR3K b - - 1 34,262.0,435.0,e7c7,quiet,21,0.105633,173.0,0
r5k1/3p3p/8/p2b1r1p/P3q3/2Q1B2P/5PP1/R3N1K1 w - - 1 25,-35.0,-86.0,e3h6,quiet,18,0.071097,51.0,0
2kr1b1r/3n1pp1/pp5p/4Pp1P/3B1P2/2PN1b1N/PPK5/4R1R1 b - - 4 18,11.0,40.0,f3h5,capture,24,0.041487,29.0,0
r1q2rk1/p2pppbp/2n2n2/3N4/2P2B2/3B1pP1/1P3P1P/3Q1RK1 b - - 6 14,311.0,306.0,f6d5,capture,24,0.003565,5.0,0
7r/1b2bk1p/4np2/5p2/3N1N1P/2q1PPP1/5K2/3Q3R w - - 0 21,17.0,79.0,d4e6,capture,18,0.087325,62.0,0
r5qr/p1pkn1p1/1pnbp3/3p2B1/3P2P1/1PPQ3N/P2N3P/2KR3R b - - 0 14,-6.0,37.0,e6e5,quiet,26,0.061681,43.0,0
3R4/8/8/8/8/4kp1p/1r6/6K1 w - - 12 73,-428.0,-428.0,d8e8,quiet,6,0.000000,0.0,0
1r1qk2r/1pp2p2/p2bbn1p/4n1p1/P7/2PQ4/1PN2PPP/R1B1KBNR w KQk - 1 12,-68.0,-67.0,d3e3,quiet,28,0.001386,1.0,0
4r3/1p4k1/2p3P1/5K2/4B2p/3R4/8/8 b - - 1 49,-208.0,-302.0,e8e7,quiet,9,0.082438,94.0,0
6k1/1R6/7R/8/r7/4r3/1KP3PP/8 w - - 7 35,487.0,411.0,h6g6,quiet,9,0.028669,76.0,0
1r1qk2r/p1p1pp2/2n1bnpp/8/R3P3/4N3/1bPB1PPP/1Q2KBNR b Kk - 2 10,10.0,137.0,b2d4,quiet,27,0.173151,127.0,0
8/4k3/2R1p1pp/2P1P3/p3KPP1/1r1B2P1/8/6b1 w - - 0 45,8.0,153.0,c6c7,quiet,15,0.195464,145.0,0
r3k2r/1pq2p2/p2pbb2/2B1p2p/4P2P/2P2NQ1/PP2BPP1/3R1RK1 b k - 0 20,-197.0,-148.0,d6c5,capture,26,0.055603,49.0,0
4Q3/kpp5/3q4/2n5/4pN2/7P/r5PK/5R2 w - - 4 32,-35.0,-116.0,h3h4,quiet,13,0.110800,81.0,0
1r1k4/1bR5/8/R3P3/Pp3pP1/3B4/n4KPP/8 w - - 3 35,625.0,669.0,c7c5,quiet,15,0.005840,44.0,0
8/2rb1rk1/R6p/7R/3N2P1/4KP2/8/8 b - - 2 32,-187.0,-161.0,c7c3,quiet,11,0.029400,26.0,0
r4rk1/5pp1/2Nb1n1p/3p4/3N4/p3P2P/1qb1BPP1/R3QRK1 b - - 1 21,247.0,211.0,f8c8,quiet,23,0.034513,36.0,0
6k1/5p2/ppr1p1p1/1bNp4/1P1P2q1/P3Q3/3K1P2/7R w - - 0 31,-112.0,-90.0,e3e5,quiet,18,0.029121,22.0,0
rn2k2r/p3bppp/2p2n2/B2p4/Q2Pp1b1/3qP1P1/2N1NP1P/R3KB1R b kq - 0 11,137.0,159.0,d3b5,quiet,28,0.026541,22.0,0
1K2k3/2P5/3Q2p1/8/q4p2/8/8/8 b - - 10 54,-311.0,-299.0,a4b3,quiet,7,0.008678,12.0,0
r3k2r/1pp1qp2/p1npb1p1/1Q4B1/Pb6/2N2R2/1PP1PP1P/R3KB2 w Qkq - 0 10,21.0,185.0,b5b7,capture,26,0.213450,164.0,0
r1b1kb1r/3p1ppp/nN2p3/p2n4/8/2PP1P2/P3N1PP/1RB1KB1R b Kkq - 0 9,-121.0,96.0,a8b8,quiet,26,0.302162,217.0,0
r3kbr1/pp1npp1R/2pp4/3b4/q2NN3/2B1PP2/P1PP1K2/6RQ b q - 5 13,54.0,142.0,g8g1,capture,25,0.116595,88.0,0
r3k2r/1pqb1pp1/p4n1p/4p3/1P1b2PP/P1NQ4/1BP2P2/R3KB1R b KQkq - 1 15,101.0,154.0,d7g4,capture,26,0.066776,53.0,0
5r1k/R3Nppp/8/4P3/3N2n1/1P4P1/1r6/6K1 w - - 1 28,-121.0,-204.0,e7c6,quiet,14,0.096506,83.0,0
8/8/r7/5k2/6Rp/3K3P/8/8 b - - 3 56,18.0,194.0,a6a3,quiet,6,0.227505,176.0,0
2kr3r/pppbqpb1/2np1n2/3P3p/4Pp2/1PN5/PB1Q1NP1/1K1R1B1R b - - 0 13,58.0,65.0,c6e5,quiet,28,0.009764,7.0,0
8/4Rpk1/2P5/3B2pp/1B1b2b1/1P4P1/2r5/5K2 b - - 1 38,7.0,66.0,g7f6,quiet,14,0.083783,59.0,0
r1b2rk1/pp2bppp/2n4n/3p3q/3P4/6P1/PP2PPBP/RNBQ1RK1 w - - 1 11,-251.0,-194.0,b1c3,quiet,28,0.055822,57.0,0
2b1kb1r/1pp1n1pp/2nq1p2/r7/p7/P1N1BN2/1PQ2PPP/3RKB1R b Kk - 1 9,3.0,19.0,c8f5,quiet,27,0.022999,16.0,0
8/6K1/8/6kp/8/8/8/8 b - - 1 75,259.0,943.0,h5h4,quiet,3,0.179412,684.0,0
r3k2r/1pp1qb2/2n2n1p/3pbB2/pP4pP/P1N1P3/1BPQNPP1/1K1R3R b kq - 0 15,-23.0,-65.0,e8g8,quiet,29,0.059415,42.0,0
r4k2/8/3K4/8/8/1R6/8/8 w - - 6 78,159.0,36.0,d6d7,quiet,4,0.162455,123.0,0
6r1/8/4k3/P3p3/1PR4N/7K/5r2/8 b - - 0 47,189.0,233.0,f2f1,quiet,9,0.044697,44.0,0
8/8/2Pk3b/7b/KN6/5p1P/8/4N3 w - - 0 66,-154.0,-78.0,e1d3,quiet,9,0.097764,76.0,0
r1bq1r1k/pp1n2pp/3b1n2/1P1p1p2/P2P4/1Q2PpP1/3N1N1P/R1B1KB1R w KQ - 0 11,-80.0,12.0,d2f3,capture,29,0.130399,92.0,0
r1bq1bk1/1p3pp1/p1pp1n1p/7P/2Pp4/3B1Q2/PP3PPN/2B1R1K1 w - - 0 16,-123.0,-137.0,a2a3,quiet,26,0.017569,14.0,0
8/k1b1R3/p2q3p/3P1p2/6bP/1Q4p1/P5P1/1K6 w - - 4 36,33.0,-36.0,b3e3,quiet,15,0.098972,69.0,0
r5k1/1b1nbpp1/4pn1p/2pp2P1/1p3P2/1P1PPN1P/2PN2BK/q1BQ1R2 b - - 0 13,28.0,58.0,h6g5,capture,28,0.042494,30.0,0
4kr2/1qpb3Q/3b2rp/R2P1ppN/1P2p3/2B5/6PP/5RK1 w - - 6 28,150.0,427.0,h7g6,capture,21,0.217760,277.0,0
r1bq1rk1/1p1nbppp/2p5/3n4/p2B4/4PP2/P2PQNPP/RN2KB1R b KQ - 2 9,104.0,162.0,d7b6,quiet,28,0.072239,58.0,0
2b3rk/pR6/2nQ1n1p/2p2p2/3b1B2/7P/P5P1/5R1K w - - 2 26,451.0,640.0,b7f7,quiet,18,0.044882,189.0,0
3r4/1p2pk1p/2p5/2p1B3/n3q3/4P1PQ/P4P2/R5K1 w - - 1 27,-189.0,-126.0,h3h5,quiet,17,0.074223,63.0,0
r1b2k2/pp1r4/2n2p1p/2R3p1/P3B1P1/2P4P/5P1B/4R1K1 b - - 0 30,-53.0,-66.0,c6e7,quiet,20,0.018168,13.0,0
b5r1/6pk/7p/8/8/8/6QP/6RK w - - 1 44,557.0,-115.0,g1c1,quiet,9,0.620781,672.0,0
8/p1Nk4/6R1/1p4p1/6n1/r5B1/8/3b2K1 w - - 4 28,-245.0,-304.0,g6g7,quiet,11,0.048130,59.0,0
2r3k1/5r2/p4q2/4p3/P2p2PN/1P4PK/3Q4/8 b - - 1 39,978.0,867.0,f6f1,quiet,14,0.003178,111.0,0
2rqk2r/pp2b1pp/3p4/3Bp1P1/b2p4/3P3P/1PPBQP2/2KR3R w - - 1 13,26.0,-52.0,d5c4,quiet,25,0.111628,78.0,0
r5k1/1p3rp1/6Qp/p2pPb1P/5N2/qP4R1/2P5/1K1R4 w - - 1 24,139.0,-8.0,g6h6,capture,19,0.201517,147.0,0
r1bqk2r/pp6/2pp1p1b/2n1n1pP/P3P3/2Q1N2P/1PP1BP2/R1B1K1NR w KQkq - 2 10,109.0,58.0,f2f3,quiet,29,0.069210,51.0,0
8/R7/5kp1/P7/6P1/1bP4K/8/6r1 b - - 2 46,154.0,239.0,f6g5,quiet,9,0.090148,85.0,0
8/8/6pk/8/1Q3p2/P3q3/6KP/8 w - - 0 56,-59.0,-53.0,b4f8,quiet,8,0.008414,6.0,0
8/8/3k4/p5p1/n2KB3/6P1/P7/8 w - - 1 41,3.0,60.0,g3g4,quiet,8,0.081181,57.0,0
4r3/bkn3Qp/2p5/p2p4/Pp6/8/1P1K4/q7 b - - 0 32,1693.0,3226.0,a7e3,quiet,14,0.000059,1533.0,0
5r2/7Q/p3r2b/4kp2/PP6/4P1R1/4K3/8 w - - 10 47,453.0,458.0,h7c7,quiet,12,0.001817,5.0,0
8/1k3r2/p7/8/8/B7/4N3/3K4 b - - 8 53,18.0,66.0,b7c6,quiet,6,0.067974,48.0,0
r1b1kb2/1p2q1p1/p4n2/3Bpp1p/P3p2P/1PN5/2P2PP1/R2QK2R b KQq - 1 13,-25.0,99.0,c8e6,quiet,25,0.174654,124.0,0
r1bqk2r/p3b1pp/2p2p2/1p3n2/2nP3P/P7/BP1NNPP1/R1BQR1K1 b kq - 7 12,-125.0,-128.0,c4d2,capture,28,0.003792,3.0,0
1r6/p4pRp/1pBk1n2/2p1pP2/P4b2/5N2/1Pr4P/R3K3 w Q - 0 20,-280.0,-219.0,c6b5,quiet,20,0.054522,61.0,0
1r1q1rk1/3bb1pp/3p1n2/pNnPpp2/P7/N4PP1/1P4BP/R1BQ1RK1 w - - 3 14,-189.0,-26.0,a3c4,quiet,28,0.210652,163.0,0
r2qk2r/1b2ppbp/pnpn2p1/Pp1pN3/1P1P1P2/2PBP3/6PP/RNBQ1RK1 b kq - 0 9,32.0,38.0,b6c4,quiet,32,0.008547,6.0,0
r2k1b1r/2p1n3/1p1n2q1/p2P4/P1N1N1p1/R2Q1p1p/1PP2P2/2BK3R w - - 0 21,-102.0,-31.0,e4d6,capture,25,0.098218,71.0,0
8/p1B2k2/1p2p3/8/2P3p1/1P2P3/P2P1n2/2K1RB1r b - - 2 22,-212.0,-272.0,f2d3,quiet,16,0.055049,60.0,0
8/8/4p3/3k1p1p/4nP1K/5NPP/8/8 w - - 3 69,45.0,51.0,f3e5,quiet,10,0.008472,6.0,0
4k3/2p1n2r/p3p3/1b2Ppp1/4N3/4P1PP/Pr3RB1/3R2K1 b - - 0 19,44.0,-78.0,b2f2,capture,20,0.173387,122.0,0
rnq1k2r/ppp2pb1/4p2p/6p1/P5BP/3R4/1PP2P1P/2BQK2R b Kkq - 0 10,-24.0,-26.0,g5h4,capture,25,0.002863,2.0,0
R7/6pk/2p1p3/4Pr2/2qr1p1P/P4Q2/5P2/4R1K1 w - - 0 37,-70.0,-14.0,a3a4,quiet,16,0.079260,56.0,0
r2qkbn1/ppp5/2n2p2/8/3prBb1/P2Q1N2/1PP1N3/R3KB1R b KQq - 1 13,100.0,111.0,d8e7,quiet,24,0.014455,11.0,0
3qr1k1/1p3ppp/n3b3/8/Pb1Bp3/4P1PP/2rN1PK1/RN1Q3R b - - 6 19,367.0,231.0,d8c8,quiet,24,0.101326,136.0,0
7r/1pk3pB/2p2p2/p1n5/3N1b2/2P5/PPK3PP/4R3 w - - 0 22,-83.0,66.0,e1e7,quiet,18,0.211080,149.0,0
3q1r1k/2p3p1/7p/p2bp3/P3Np2/2PPnP2/2B1QKnP/1R5R w - - 0 26,89.0,-96.0,h1c1,quiet,23,0.260095,185.0,0
6Q1/1pk1q3/p4p2/6p1/2PP1n2/P7/K7/5B2 b - - 25 46,344.0,226.0,f6f5,quiet,13,0.092708,118.0,0
r4rk1/3p2pp/4pp2/2q5/p3bPP1/1R2PN1P/3Q1K2/R7 w - - 0 18,-177.0,-166.0,b3c3,quiet,20,0.012523,11.0,0
1r4r1/8/3k4/P1p2R2/3p3p/1P3R1P/6P1/7K b - - 0 38,-56.0,-9.0,d6c6,quiet,13,0.066951,47.0,0
8/p7/1p3pPk/1Pp4P/P1Pq4/1KQ5/8/8 b - - 11 43,-139.0,-75.0,d4d1,quiet,13,0.083718,64.0,0
4n3/1p4pk/4p3/p2pBpqp/P2P3b/PR3Q2/2r2PP1/5RK1 w - - 2 24,102.0,205.0,b3b7,capture,22,0.122248,103.0,0
4r3/1p4pk/1p5p/3RP3/1P3R1P/8/2PKN2r/8 b - - 2 26,-209.0,-349.0,h7g8,quiet,15,0.112663,140.0,0
rnbk2nr/2pp2q1/pp2pp2/4b1pp/N2NP3/8/P1PPBPPP/BR1QR1K1 w - - 2 10,-93.0,-12.0,c2c3,quiet,31,0.113468,81.0,0
3r3k/8/3p2p1/pP6/PbQ1p3/8/5PP1/1qBK4 w - - 0 27,-276.0,-362.0,c4d4,quiet,15,0.058878,86.0,0
r1b2rk1/2P2pp1/4pq2/P1Qp4/2B4p/3pB3/5PPP/R4RK1 b - - 0 18,-340.0,-193.0,d5c4,capture,22,0.123914,147.0,0
2kr3r/p4pp1/1p1b1n1p/2n2N2/4p3/P1N1P3/RB2KPPP/7R b - - 3 15,54.0,53.0,d6f8,quiet,23,0.001406,1.0,0
3nkb2/6p1/3pPp2/P3p2r/4N3/6R1/1B2PP1P/3K4 w - - 0 23,219.0,269.0,a5a6,quiet,17,0.045555,50.0,0
2q1k2r/2pp2p1/1p1P1p1p/4n3/4P1P1/1PQ5/P1P3BP/5RK1 b - - 0 17,-135.0,-130.0,e8d8,quiet,21,0.006243,5.0,0
8/k1p5/p2b3p/2P4q/3P4/8/1nQK4/5R2 b - - 18 52,241.0,112.0,d6f4,quiet,12,0.144342,129.0,0
r3kb1r/1pqn1ppp/2pp4/7b/N2N4/1Q2BPnP/PPP5/R3KB1R w KQkq - 1 10,-165.0,-204.0,h1g1,quiet,27,0.042846,39.0,0
2r1r1k1/1p2pn1p/3N1p2/B2P3R/5P2/P5P1/2P4R/2K5 b - - 0 24,-412.0,-189.0,f7d6,capture,18,0.166641,223.0,0
2kr3r/pp2qp2/n1pb1n2/3p1b1p/3P1N1R/P4NP1/1P1BPP2/R2QKB2 b - - 3 10,2.0,33.0,c8b8,quiet,28,0.044470,31.0,0
2b2rk1/Q3ppbp/6pn/8/8/1P1P4/P2KBPPP/q1B4R b - - 0 15,463.0,377.0,a1c3,quiet,21,0.037404,86.0,0
8/R3bkp1/4n2p/5K2/6P1/4Bb2/8/8 b - - 13 42,193.0,342.0,g7g5,quiet,10,0.125158,149.0,0
8/7p/4pk2/2p2p1B/5P2/2b1N3/3n1P2/6K1 w - - 0 40,-326.0,-327.0,g1g2,quiet,12,0.000661,1.0,0
r2k1b1r/pb1p1n1p/1pp1q3/P7/3Q4/RPP2P2/1K6/1NB2BR1 b - - 0 16,76.0,153.0,f8c5,quiet,23,0.099314,77.0,0
2b2r2/5k2/2p2p1p/P2n4/2B5/4P3/2nP2PP/1R3RK1 w - - 1 19,234.0,406.0,b1c1,quiet,17,0.118265,172.0,0
q3r3/3b2p1/3Q1nk1/r4pp1/8/4P2P/3P2P1/1RB1KB1R w - - 1 22,-13.0,-42.0,h3h4,quiet,19,0.041450,29.0,0
8/3nk2p/4q2p/R1b5/3pP3/5QPP/2r1N1K1/5R2 w - - 4 25,189.0,143.0,f3d3,quiet,16,0.053090,46.0,0
r1b1k2r/pp3p2/1qn1p2p/3pPn2/3P4/P4P1R/P2BN1P1/R2QKB2 b kq - 6 12,-49.0,-82.0,e8g8,quiet,26,0.045811,33.0,0
3k4/p3p3/8/1p1bb2P/7K/4B3/r3n3/5B1R b - - 0 27,710.0,944.0,d5h1,capture,13,0.012165,234.0,0
8/2k1r3/7p/7R/3p4/3N4/8/5K2 b - - 5 45,-25.0,-80.0,e7e3,quiet,7,0.077221,55.0,0
r4r1k/1p6/1nppQ2p/p5q1/Pb2PP2/1B5P/6P1/R4RK1 b - - 0 25,306.0,305.0,f8f4,capture,21,0.000722,1.0,0
2r5/1p3k2/6pb/3P1p1p/p3P3/P1B5/1P4PP/3K1R2 w - - 1 29,74.0,184.0,e4f5,capture,17,0.137623,110.0,0
2R5/8/2n1k3/p2r4/b3N1P1/2B5/6K1/8 w - - 1 49,52.0,58.0,c8h8,quiet,10,0.008422,6.0,0
3Q4/2K2k2/8/8/8/8/8/8 w - - 1 62,832.0,962.0,d8d7,quiet,3,0.004329,130.0,0
2B5/5N2/8/3k4/5p2/3b1P1K/1r5P/4b3 w - - 0 58,-455.0,-672.0,h3g4,quiet,10,0.047448,217.0,0
2r5/p4pk1/R3p2n/3pb1B1/4r1P1/1P3R1P/2P2Q2/3K1B1q b - - 1 43,137.0,-58.0,e5d4,quiet,20,0.270240,195.0,0
5k2/6p1/4Q2p/2q4P/7P/2p5/6K1/8 w - - 2 62,-216.0,-473.0,e6e4,quiet,9,0.162205,257.0,0
5N2/pp6/2pK1k2/2P5/3p3r/5P1b/PP6/7R w - - 2 33,-78.0,-49.0,f8d7,quiet,14,0.040350,29.0,0
r1b1k2r/p1p2ppp/1p2p3/2np4/P2PPQ1q/5P1P/1PP3P1/RNBK1B1R b kq - 0 9,-235.0,-313.0,h4f4,capture,29,0.063783,78.0,0
1q2k2r/5p1p/p4np1/3pb3/b2N4/2BPP2P/2P3Q1/2RK1R2 w - - 0 24,83.0,109.0,g2g5,quiet,21,0.034687,26.0,0
r2qk2r/ppp1bb1p/5n2/3p4/1Pn2NpP/P1N1P3/1BPP1PB1/RQ2K2R b KQkq - 4 9,-112.0,-42.0,c7c6,quiet,29,0.095670,70.0,0
8/8/3PQ3/4p3/2P2p1k/8/6PK/4rr2 w - - 0 52,244.0,246.0,e6h6,quiet,10,0.001816,2.0,0
8/2k1rbR1/1p3n2/1Pp2p2/5N2/1p2PP2/8/rNK1R3 b - - 0 32,232.0,328.0,a1a2,quiet,17,0.076792,96.0,0
7R/1p3k1p/1p3p2/6p1/4PP2/8/PP5P/4KN2 w - - 0 30,780.0,1122.0,h8h7,capture,14,0.009531,342.0,0
r2qk2r/1ppb1pb1/p1n1p3/3p1n1p/3P3R/P1NNPP2/1PPBQ1P1/2KR1B2 w kq - 2 10,-146.0,18.0,h4h3,quiet,30,0.224440,164.0,0
8/R7/1p1k4/8/P1P4p/2r5/1RB2r2/1K6 b - - 0 35,-134.0,-206.0,c3c4,capture,11,0.082178,72.0,0
8/8/8/7p/5k2/5p1P/5K2/8 w - - 12 59,-297.0,-897.0,h3h4,quiet,5,0.147518,600.0,0
r2q1r1k/4b1pp/2p2p2/2n5/p2pP3/3P1N2/1PQB1PPP/R4RK1 w - - 1 18,104.0,18.0,e4e5,quiet,24,0.119472,86.0,0
r1bq1r2/p4kp1/1pn2n1p/2pp1p2/3Pp3/PPP1P3/4BPPP/RNBQK2R w KQ - 2 9,-51.0,-18.0,c1b2,quiet,30,0.046991,33.0,0
1r1q1rk1/n1pnbp2/p5p1/2ppP1P1/N2p1P2/P2P4/3B2PK/2RQ3R b - - 1 18,291.0,339.0,a7c6,quiet,26,0.033345,48.0,0
5r1k/1Rb1r2p/5q2/p6p/2PR2P1/2Q2p1K/PP3P1P/8 w - - 0 30,-182.0,-277.0,g4h5,capture,19,0.090925,95.0,0
8/1pp2q2/6p1/2R5/2Pp1k1p/2r5/5P1P/4QK2 w - - 28 56,-309.0,0.0,e1e5,quiet,14,0.355542,309.0,0
6br/6k1/2pR4/p3RpNp/P1p2P1P/6K1/1P6/8 w - - 2 35,721.0,1117.0,e5a5,capture,16,0.013904,396.0,0
3k4/2b2Q2/4p3/P2n2q1/3N4/5R1P/1r3B2/5K2 b - - 6 38,-100.0,0.0,g5c1,quiet,13,0.140065,100.0,0
r4k1r/ppp1qpp1/3p1nbp/8/1nPP4/1PN2NP1/PR1QP2P/4KB1R w K - 3 10,80.0,82.0,e1d1,quiet,28,0.002727,2.0,0
8/8/R5pk/8/2r5/7P/2P2RK1/1r6 w - - 9 45,48.0,18.0,a6e6,quiet,9,0.042760,30.0,0
6k1/5p2/6pp/p3q2P/P7/1P1P1QP1/K7/8 w - - 0 30,134.0,146.0,h5g6,capture,13,0.014742,12.0,0
r1k2b1r/1p1bnnp1/8/8/p3pBPP/P1PB1N2/1P6/R3K2R w - - 2 21,-161.0,-120.0,d3e4,capture,22,0.050284,41.0,0
1R2nk2/6pp/3N4/5P2/8/5K2/8/4r3 b - - 22 52,-55.0,-105.0,h7h5,quiet,9,0.068172,50.0,0
k7/2b1nQ2/3p3R/2p1p3/2P5/p2qP3/P4P2/2K5 b - - 5 42,-13.0,161.0,d3c3,quiet,15,0.235123,174.0,0
r1b1kb1r/5ppp/P7/2qp4/3pB3/5N2/2PN1PPP/R2Q1RK1 b kq - 0 12,-258.0,-163.0,d5e4,capture,23,0.096595,95.0,0
8/1p4R1/4r3/Pk3p2/6N1/8/8/3K4 b - - 2 47,-112.0,141.0,f5g4,capture,8,0.348284,253.0,0
5k2/2r4p/2P1p3/Nb3p2/1P5P/2b3P1/1R3PB1/6K1 w - - 2 29,389.0,284.0,b2c2,quiet,16,0.066889,105.0,0
r6k/pp2q1pb/2pR3p/8/1P3r2/2P2pQP/P3BPR1/5K2 w - - 0 20,-73.0,-323.0,e2f3,capture,21,0.261683,250.0,0
r3k2r/1pB1p3/q6b/pNpP1p2/P1P1p1n1/8/1P2QPp1/R3K1R1 w Qkq - 0 17,-78.0,-5.0,g1g2,capture,24,0.103207,73.0,0
r1b3nr/pp1k4/2pN3p/8/7q/2P1Q1n1/PP1B2P1/RN2KB2 w Q - 1 16,-161.0,-201.0,d6c8,capture,22,0.044372,40.0,0
1k1r4/pp2qp2/Pb1p3p/2r5/5B2/2PB1Q2/1P4P1/R6K w - - 5 21,-194.0,-89.0,g2g3,quiet,19,0.128035,105.0,0
r5k1/8/8/5R2/2K5/2P5/8/8 w - - 6 52,244.0,175.0,c4b5,quiet,5,0.070402,69.0,0
1r2b2k/ppp3b1/P1n1p3/3p2p1/2qP4/2P1P1P1/6B1/1Q3RK1 b - - 0 23,493.0,675.0,c4c3,capture,21,0.035186,182.0,0
8/8/6Bp/4k2P/1p6/p6r/K4R2/8 w - - 25 58,-58.0,53.0,f2f5,quiet,9,0.158389,111.0,0
3k1b1Q/3n4/5p2/1p3N2/2pPp1q1/8/P1R1RK2/3r2N1 w - - 8 41,270.0,-52.0,f5g3,quiet,17,0.399806,322.0,0
B6r/3k4/p5p1/4p1p1/6p1/8/P4P1P/4K2R b - - 0 29,-163.0,172.0,h8a8,capture,13,0.447867,335.0,0
rb5r/4kp2/4p3/1B2n1P1/NP6/P7/5KP1/2RR4 w - - 3 24,266.0,212.0,c1c2,quiet,16,0.050056,54.0,0
r1b1kbnr/p1pq2p1/1p3p1p/3Pp2R/2P1N1P1/1Q3P1B/P3P3/R1B1K3 w Q - 0 14,11.0,56.0,c1b2,quiet,27,0.064075,45.0,0
8/1P1b1pk1/Q3n1p1/4q3/P3P3/1r1p4/5PPP/R4RK1 w - - 0 30,168.0,158.0,a1b1,quiet,18,0.011636,10.0,0
8/1p3k2/2qB3R/5p1p/p6P/P4P2/6P1/2n4K b - - 1 40,87.0,482.0,c1d3,quiet,14,0.318638,395.0,0
7r/2p2p2/1p1bb3/3P2p1/2k1B2p/4pPP1/7P/RR4K1 b - - 0 25,293.0,135.0,h4g3,capture,18,0.158723,158.0,0
r1b1k2r/1p1nnqpp/pB1p4/8/Pb1PP3/2N2p1P/1PPQ1P2/R3KBR1 w Qkq - 4 10,-71.0,-89.0,b6c7,quiet,28,0.024573,18.0,0
r1bk3r/ppp2pb1/5nn1/6Bp/4P3/P1p5/1PP2PP1/R3KBNR w Q - 0 12,-106.0,-116.0,b2c3,capture,25,0.013016,10.0,0
4R3/8/8/5kp1/4p2p/3r2PK/8/8 w - - 0 53,-428.0,-463.0,e8f8,quiet,8,0.013382,35.0,0
1r1q2k1/pr3p2/b2p2p1/Pnp1p2p/4P1nP/1P1PRNP1/5P2/BR1Q1BK1 w - - 1 25,96.0,25.0,e3e2,quiet,28,0.098827,71.0,0
b6r/p1k2n2/B4p2/6p1/8/PPK2p2/3R3P/6R1 b - - 1 26,-35.0,33.0,f7e5,quiet,15,0.097548,68.0,0
3k1r2/Q6p/3p1q2/2rBn3/2N3b1/1P6/P4PP1/3R1RK1 w - - 3 22,395.0,381.0,a7b6,quiet,18,0.007046,14.0,0
r2qk2r/1ppbb1pp/p1n2p2/8/1PN5/P1pB1N2/2P3PP/R2Q1RK1 w kq - 2 10,-93.0,-114.0,c4e3,quiet,26,0.027684,21.0,0
Nnbk1b1r/1p3p1p/3p4/4p2q/p3P3/2P4P/PPn1BP2/R1BK3R w - - 0 13,-311.0,-95.0,e2h5,capture,25,0.223551,216.0,0
Q7/5k2/8/6P1/8/5P2/2b2PK1/8 w - - 1 48,903.0,1259.0,g2g3,quiet,7,0.004785,356.0,0
r1b4R/p1p2kp1/3q1p1p/2Np1n2/1P1P1P2/7r/5QR1/5NK1 b - - 0 22,311.0,231.0,a8b8,quiet,21,0.066161,80.0,0
4rrk1/pp4qp/2n2np1/3p4/P2P1P2/1PN2b2/2PQ2PP/R1K2B1R w - - 0 13,-106.0,13.0,g2f3,capture,25,0.166683,119.0,0
3rbr1k/1p4qn/p1p4p/P1Pp1pn1/NP1PpNp1/4P1P1/KR2BP2/4Q2R w - - 6 30,71.0,69.0,e1c3,quiet,29,0.002764,2.0,0
8/k7/1pq5/p2p1p2/P4Pp1/1b2P1Pp/3Q3P/6KB w - - 1 46,-216.0,-253.0,d2b2,quiet,17,0.034825,37.0,0
3rr3/2pk1bp1/2n3Np/p1P1pp1P/P7/6P1/pR2PK2/B6R w - - 6 24,-422.0,-310.0,h1d1,quiet,22,0.062777,112.0,0
4r1k1/2p3pp/1p5q/p2p1Qn1/2bP3N/2P1P1PP/P5K1/R6R w - - 0 19,0.0,82.0,f5d7,quiet,22,0.115864,82.0,0
7r/p1k5/5RN1/7p/P3PK2/8/8/4n3 b - - 15 45,-131.0,-117.0,h8d8,quiet,10,0.017783,14.0,0
4rrk1/1pq2pb1/p2np1p1/P2p2Pp/3P3P/2PNNQ2/1P2RP2/R5K1 w - - 1 25,47.0,79.0,d3f4,quiet,26,0.044542,32.0,0
r3kb1r/1pqn1pn1/p1p1p1p1/P3P1Bb/1P1P1N1P/2P2P1R/R3N3/3QKB2 w q - 5 19,176.0,210.0,f4h5,capture,29,0.036463,34.0,0
7k/p1p5/1pn1b2p/3pP1rP/3P4/B1P1N3/P6K/5R2 w - - 0 29,6.0,69.0,f1f6,quiet,18,0.089380,63.0,0
2b2r2/2p3pk/2Pp1p2/2rPp1q1/1Q2P2p/2N1PR1P/R5P1/7K w - - 27 50,110.0,78.0,h1g1,quiet,22,0.042815,32.0,0
8/P3R3/8/5p2/5k2/2K5/4p3/r7 b - - 1 73,344.0,280.0,f4f3,quiet,7,0.045042,64.0,0
4r3/1p1k1p2/p7/n2N1r2/P6R/2KP4/8/1R6 w - - 2 32,-100.0,-105.0,h4d4,quiet,13,0.006604,5.0,0
r6k/p6p/8/2P2r2/1PNp1p2/Q3p2P/PKP3q1/R6R b - - 1 27,63.0,-38.0,e3e2,quiet,19,0.144153,101.0,0
8/8/1pB5/4kp2/3b1r1p/P6P/2RRK2P/6r1 b - - 24 45,127.0,162.0,d4c5,quiet,14,0.042552,35.0,0
r1bqrbk1/1p3ppp/2p2n2/p1np4/3N4/PPN1PPP1/1BPQ2BP/4RRK1 b - - 4 12,121.0,136.0,a5a4,quiet,30,0.018882,15.0,0
1r2k3/1b3p1p/pN1pp3/2pP4/2PNP3/1P3n2/P1R3rP/3K3R b - - 1 22,154.0,132.0,g2c2,capture,22,0.026845,22.0,0
r6r/3k1p2/2Np2P1/3P3p/R6P/3B2P1/1b3P2/6K1 w - - 2 29,198.0,382.0,a4a8,capture,16,0.142518,184.0,0
r3k3/p2bbpp1/Bqn1p2r/2pp4/3P1P2/1PP1P1Pp/1B1N3P/R2QK2R w KQq - 1 12,-90.0,-88.0,a6e2,quiet,28,0.002697,2.0,0
4r1k1/5pp1/5n1p/Rb1p4/3P4/5PP1/2r2NKP/7R w - - 0 25,-563.0,-231.0,a5b5,capture,17,0.171546,332.0,0
5Q2/1p1r1p2/p5q1/6k1/3P2b1/2P4R/4r1RK/8 b - - 13 32,617.0,1041.0,e2g2,capture,14,0.025384,424.0,0
2B5/8/6pk/p7/7p/4r3/3R4/3K4 w - - 4 49,-242.0,-81.0,d2d4,quiet,8,0.186580,161.0,0
5r1k/8/pp2R1p1/2pPn3/4Pq2/2N4P/1P2Q1K1/8 w - - 0 39,148.0,26.0,h3h4,quiet,16,0.163630,122.0,0
6k1/3r1p2/7p/1pq3p1/2n1Q3/2P3P1/7P/2B1R2K b - - 1 36,84.0,232.0,c5f2,quiet,15,0.173165,148.0,0
3rk2r/pp2b1pp/2n2p2/5N2/3pp1P1/6P1/PP2P2P/RNB1K2R b KQk - 3 11,-44.0,-23.0,e7b4,quiet,24,0.029933,21.0,0
8/3B4/8/6p1/1b1k4/p7/K7/8 w - - 8 71,-320.0,-342.0,d7e6,quiet,6,0.014279,22.0,0
8/p1p4p/P4p2/1k2pN1P/4K3/2b4P/8/8 b - - 3 33,313.0,354.0,b5a6,capture,12,0.026343,41.0,0
2N1nk2/6pp/2p5/3n1p2/2pPp3/1pN1P2P/3K1PP1/1R6 w - - 0 22,166.0,333.0,c3d5,capture,19,0.149558,167.0,0
r1b1kr2/2Q1n2p/p2p4/1p6/3n3q/P4PN1/1P3KPP/R1B2BR1 b q - 0 14,78.0,108.0,h4h2,capture,23,0.040202,30.0,0
4r1k1/p4qp1/8/7p/4b3/1P4QP/2PB4/R5K1 b - - 5 31,-6.0,160.0,e4c2,capture,14,0.223887,166.0,0
1r1r2k1/4n2p/pp4p1/2p1n3/N1PpPQ1q/3P4/PP2B2P/1RK2R2 b - - 4 22,348.0,166.0,h4f4,capture,24,0.158903,182.0,0
r7/8/p2pk2p/R3p1p1/P3K1P1/4P2P/3P4/8 b - - 5 39,-73.0,-180.0,a8a7,quiet,14,0.134573,107.0,0
r2qk2r/1b1n1ppp/p2b1n2/2pp4/8/1PN1PP1N/P3B1PP/R1BQ1RK1 w kq - 0 10,-81.0,-30.0,e3e4,quiet,28,0.071435,51.0,0
2kr4/rp2R1p1/1q2p2p/p1p1Q3/2B3pP/P1B1P3/1P6/2K5 b - - 0 23,-66.0,-217.0,b6d6,quiet,20,0.183298,151.0,0
k7/P3r3/8/2B5/1QR5/3q2bP/4p1P1/4R1K1 w - - 1 44,689.0,872.0,c5e7,capture,13,0.012029,183.0,0
2k1r3/7p/pp1r1ppP/8/Pn5Q/1bN2P2/1P6/1K5R b - - 1 27,77.0,24.0,a6a5,quiet,18,0.074549,53.0,0
8/p1k5/8/8/4p1p1/P3P1P1/5P2/2n2K2 b - - 1 44,217.0,408.0,c7b6,quiet,10,0.135673,191.0,0
3r1rk1/1ppq2pp/p1nb1n2/2P5/1P2p3/P1Bb1NP1/3N1PB1/R2QR1K1 w - - 0 15,-162.0,1.0,c3f6,capture,27,0.219031,163.0,0
8/q5k1/P1p2bp1/3b4/R5P1/3Q4/8/5K2 b - - 2 45,36.0,87.0,a7f7,quiet,11,0.071027,51.0,0
3qkr2/ppr5/2b2bp1/4p2p/1BBp3P/1P1P4/2P1Q3/1K1RR3 b - - 1 21,164.0,206.0,b7b5,quiet,22,0.046076,42.0,0
1k1r3r/1pqbnpb1/p1npp1p1/2p5/2P1PB1p/2NP1N1P/PP1QBPP1/1R3RK1 w - - 6 12,-57.0,-17.0,f4g5,quiet,32,0.056856,40.0,0
2kB1b1r/pbpp4/1pn3qn/7N/P2Pp1P1/2P4P/1P4B1/R2Q1RK1 b - - 0 14,-93.0,112.0,c6d8,capture,25,0.286551,205.0,0
2k5/2p5/3r1n2/7p/Q7/P4q2/1P6/K5R1 w - - 15 55,-291.0,-283.0,a4c4,quiet,11,0.006215,8.0,0
2B5/8/2p2k2/2P2Pp1/3n3r/5P2/6Kp/7R b - - 5 44,35.0,123.0,h4h8,quiet,12,0.119770,88.0,0
8/7R/7P/5pk1/1b1Qb1p1/4P3/r3BPP1/4qNK1 w - - 2 34,121.0,787.0,d4g7,quiet,16,0.321919,666.0,0
B7/8/1p6/2p1b3/2P5/8/5k1p/3K4 w - - 6 55,-660.0,-496.0,d1d2,quiet,8,0.032516,164.0,0
R7/5r2/3pk3/8/1PK5/8/8/8 b - - 3 44,-98.0,-51.0,f7f4,quiet,6,0.064536,47.0,0
3k1r2/pp2p2R/2rp4/8/qP1Q4/4N3/2P2PP1/4K3 w - - 3 26,17.0,-96.0,f2f3,quiet,16,0.159189,113.0,0
8/5pk1/6Pp/8/5r2/2R4P/5PK1/8 w - - 0 33,43.0,162.0,g6f7,capture,9,0.156024,119.0,0
r3k3/1ppb4/2n1pb2/8/p1NP2P1/3BB3/PP3P2/2RK4 b q - 0 18,-192.0,-43.0,e8c8,quiet,19,0.189673,149.0,0
Q6R/1p6/1kr5/6p1/3P1q2/P7/KP5p/8 w - - 3 58,-295.0,-225.0,a8d8,quiet,12,0.060267,70.0,0
rnbq1rk1/5p2/2pb2pp/2ppNn2/P3p3/B1N1P2P/2QPBPP1/R4RK1 w - - 4 14,-234.0,-117.0,e5c4,quiet,29,0.131353,117.0,0
5K2/5P2/3k4/3p4/3P4/8/p5r1/R7 b - - 0 60,-74.0,-104.0,g2b2,quiet,8,0.040440,30.0,0
2k1rbnr/pppq2p1/2np4/6Np/5B2/2NPP3/PPP4P/R2QK2R b - - 0 10,29.0,-4.0,d6d5,quiet,26,0.047394,33.0,0
r5k1/3p3p/4b3/p6p/P3q3/2Q1Br1P/5PP1/3R2K1 w - - 0 27,-210.0,-77.0,g2f3,capture,17,0.161064,133.0,0
r3k2r/1ppbn2p/p1nq2p1/5p2/5N2/1PQ3N1/PKPp2PP/3R1B1R b kq - 2 14,141.0,110.0,e8c8,quiet,26,0.039246,31.0,0
r2q1rk1/1p3ppp/2n1b3/p2n4/Pb6/2NB3P/1P2NPP1/R1BQ1RK1 w - - 4 10,-58.0,73.0,c3d5,capture,26,0.186238,131.0,0
r4rk1/p3nppp/B1n2q2/2pp4/3b1P2/B5PP/P2P1P2/1R1QR1K1 b - - 1 12,294.0,341.0,f8e8,quiet,25,0.032313,47.0,0
2b1k1nr/2p2pp1/1pNp3p/2P1p3/2P1P1P1/1n1P3N/r2BB2P/3K3R w - - 1 18,-345.0,-415.0,c5d6,capture,25,0.036662,70.0,0
1qr5/8/1pbr2k1/4BpNp/5Q1P/3p4/1P4PK/R7 b - - 2 36,373.0,-72.0,c8d8,quiet,17,0.497561,445.0,0
6n1/3r2k1/RR3p2/6p1/7p/7P/5PPK/8 b - - 5 30,-269.0,-322.0,d7c7,quiet,12,0.039852,53.0,0
4r1k1/2q4p/p3P1p1/2p5/2P4P/3Q2P1/5rBK/4R1R1 b - - 0 38,-261.0,-355.0,c7a7,quiet,17,0.067356,94.0,0
rn1qk2r/ppp1bpp1/2n1b2p/4p3/4N3/2PPN3/P4PPP/R1BQKB1R w KQkq - 4 9,-119.0,-27.0,h2h4,quiet,29,0.126080,92.0,0
r1bqk2r/6pp/p1nb1n2/1pp1p3/5p2/PPN2N2/1BPPQPPP/2KR1B1R w kq - 0 9,-100.0,39.0,c1b1,quiet,30,0.195956,139.0,0
4rk1r/p4p2/1p3q2/2p5/2Q2P1P/1Pb1B1P1/P1P2K2/3R4 w - - 2 19,-60.0,-169.0,d1d3,quiet,19,0.140187,109.0,0
2kr4/1bp4p/3br1p1/RP6/3BN3/2P1PN1P/4K1P1/7R b - - 0 17,-423.0,-210.0,e6e4,capture,19,0.149360,213.0,0
8/1kp5/6p1/p4pPp/P7/1P1RQ3/4KP2/6q1 b - - 1 39,-392.0,-473.0,h5h4,quiet,14,0.033146,81.0,0
rnbqk1nr/1pp4p/5pp1/3p4/1b1P4/1BN2Q1P/P1P2PP1/R3K1NR b KQ - 1 9,160.0,200.0,c7c6,quiet,27,0.044494,40.0,0
4k2B/8/8/5KN1/1p6/8/8/8 b - - 0 52,-446.0,-510.0,e8d7,quiet,5,0.020855,64.0,0
8/8/8/p4k2/2N3p1/1P1p4/P5K1/2Bnb3 b - - 7 50,350.0,325.0,d1c3,quiet,11,0.015782,25.0,0
r3qbkr/pp5p/2pp1n1p/4n3/7R/P1N2NP1/1P2QP2/R1B2K2 b - - 1 16,160.0,72.0,e5f3,capture,24,0.113095,88.0,0
r4knr/p5p1/3N1p2/2bQ4/6P1/3Bp2P/P5K1/4R3 b - - 1 22,-330.0,-872.0,c5d6,capture,17,0.123586,542.0,0
2kb2r1/5bP1/p7/1pp2P2/5PP1/NP2r3/PBP5/1K1R3R w - - 0 28,514.0,622.0,h1h8,quiet,20,0.022215,108.0,0
rnb4r/ppp1k3/3b3p/4pppP/1P4n1/P4N2/1BPNPP2/R3KB1R b KQ - 4 9,-53.0,56.0,b8c6,quiet,27,0.155587,109.0,0
8/4p3/8/4rk2/8/1P5R/2P4P/7K b - - 0 40,-160.0,-127.0,e5e2,quiet,8,0.040213,33.0,0
3rk3/pp3p2/4b2p/3B4/3B3b/3K1Q2/P1PP3P/RN2r3 b - - 4 22,-695.0,-274.0,e6d5,capture,19,0.153209,421.0,0
r1bqkb1r/1p2npp1/p1p1n3/3p3p/7P/2NP2P1/PPP1NPB1/R1BQK2R w KQ - 0 9,-52.0,-18.0,d3d4,quiet,30,0.048399,34.0,0
1rq2r2/Rp2ppk1/2bp1np1/8/3N4/1PN4P/1P1Q1PP1/4K2R b - - 2 17,52.0,117.0,c6g2,capture,22,0.088008,65.0,0
rn1qk1r1/1bpp1p1p/4pn2/pP1P1P2/1b3Bp1/2N3P1/1PP1B2P/R2Q1K2 b q - 0 10,367.0,467.0,b4c3,capture,28,0.044207,100.0,0
3R4/4k3/p1q5/1p3nP1/4rP2/P7/3QPK2/8 w - - 9 37,-73.0,-103.0,d8b8,quiet,13,0.040498,30.0,0
r2qk1r1/p1p1b2p/1pbp4/2n2p2/2P1P3/QPN2PP1/PB5P/R3KB1R b KQq - 1 12,28.0,-5.0,f5e4,capture,27,0.047403,33.0,0
r2k3r/ppp1R2p/n2p4/4p3/2P1P3/2Q1Bq1b/PP1KN3/RN6 w - - 1 17,153.0,238.0,e3g5,quiet,23,0.090411,85.0,0
rn1qr1k1/pb3pbp/1p4p1/1P1p1n2/3P4/2N3P1/P3NPBP/R1BQK2R w KQ - 1 10,-122.0,-105.0,h2h4,quiet,28,0.022026,17.0,0
r1Bq1k1r/1pp1p3/3p1n1p/p2Pb1pP/6P1/2N5/PPP5/R1BQK2R b KQ - 0 10,-20.0,125.0,d8c8,capture,26,0.201260,145.0,0
8/5k2/5p2/6pp/p1R5/2B5/6KP/2r5 w - - 5 41,-26.0,-57.0,c4c6,quiet,10,0.043954,31.0,0
r4rk1/p2b3p/1pnPqp2/4pnp1/3pP3/B2Q4/P3BPPP/1R3RK1 w - - 0 15,-291.0,-110.0,e4f5,capture,26,0.189042,181.0,0
1rbqk3/ppn1ppb1/5n2/3p3r/3P2p1/PPN5/1BP1NPBP/R2QK2R w K - 0 10,-61.0,-6.0,e2g3,quiet,28,0.078261,55.0,0
4b2k/4qpp1/4p2p/1pNpP3/3P4/5R1P/3Q1PPK/r7 b - - 23 37,30.0,127.0,e8c6,quiet,19,0.131974,97.0,0
8/pppk1K2/3p1Q2/2nP1R2/2P5/B3q2P/P7/8 w - - 15 36,746.0,1065.0,a3c5,capture,15,0.011292,319.0,0
8/3k4/4p2P/1K1p4/3P1P2/8/8/8 b - - 0 58,-310.0,-894.0,e6e5,quiet,7,0.137961,584.0,0
2k5/1p4n1/8/P1p1P3/1n6/1P1P1r2/1KP1N3/7R w - - 2 37,16.0,146.0,h1h8,quiet,14,0.175549,130.0,0
R7/7r/7P/4p3/6p1/3K2P1/p7/2k5 b - - 13 59,387.0,317.0,c1b2,quiet,9,0.041573,70.0,0
r1k2bnr/1pp2Npp/8/1P3b2/P2n4/1P6/3PBPPP/2qQ1RK1 w - - 0 12,-402.0,-423.0,e2c4,quiet,24,0.009418,21.0,0
8/2r2p2/4pk2/2r5/8/P7/4RP2/K2R4 b - - 0 38,215.0,192.0,c7a7,quiet,10,0.023912,23.0,0
r1bq1rk1/pppnbppp/2n5/4p3/2NpPP2/PP1P2PP/2P1N3/R1BQKB1R b KQ - 0 9,64.0,67.0,e5f4,capture,32,0.004167,3.0,0
r2qk2r/1b2bp1p/p4n2/1p1pNPp1/2BP4/4P2Q/2PBN2P/R3K2R b kq - 0 18,-182.0,64.0,d5c4,capture,26,0.331404,246.0,0
8/2k5/6b1/6P1/P2p4/8/2BK4/8 b - - 3 48,-76.0,-236.0,g6c2,capture,7,0.187859,160.0,0
r3k2r/2pqbp2/2N1pn1p/p7/Pp1P4/6P1/1PP2P1P/R1BQR1K1 w kq - 1 16,97.0,158.0,d1f3,quiet,25,0.076825,61.0,0
8/5pk1/6p1/R6p/7P/6P1/3r1pK1/8 b - - 17 51,373.0,366.0,d2e2,quiet,10,0.003834,7.0,0
3r2k1/6p1/p1p1p2r/1pbn1q2/3P1P2/8/PP1B1RQP/4R2K w - - 0 24,-294.0,-52.0,d4c5,capture,21,0.270259,242.0,0
4k3/8/2p1p3/2P1P3/8/8/3K2p1/r2B2B1 w - - 6 51,-157.0,-141.0,d2e2,quiet,10,0.019259,16.0,0
1rbqk1nr/pp3pbp/2np4/1NpNp3/3P4/2P1PQP1/PP4BP/R1B1K2R w KQk - 4 10,42.0,207.0,d4c5,capture,30,0.206875,165.0,0
4k3/8/8/4PP2/4r2B/7K/8/8 b - - 0 45,-161.0,63.0,e4e5,capture,6,0.306107,224.0,0
3r4/5k1p/p4pp1/3P4/P3RP2/7P/5KP1/8 w - - 5 34,117.0,127.0,e4d4,quiet,13,0.012752,10.0,0
r1b2rk1/1pq1bppp/2n4n/1B1Q4/p6P/2P1N3/PP3PP1/R1B1K1NR w KQ - 1 10,-154.0,-57.0,d5c4,quiet,27,0.126865,97.0,0
r5r1/p1q1nk1p/1p2bp1P/2pp2pN/Pb3P2/2NQP3/1PP3P1/2KR1B1R b - - 2 17,-154.0,-170.0,e6f5,quiet,28,0.018664,16.0,0
8/1k6/8/3R4/PK1B2p1/8/2q5/8 w - - 0 51,-190.0,-170.0,d5b5,quiet,7,0.022253,20.0,0
1r2k2r/R1p1bppp/3p1q2/3b4/1nP1P3/4Q1P1/1P3P1P/2BK1B1R w k - 0 17,-118.0,98.0,c4d5,capture,24,0.300982,216.0,0
8/pp1r1k2/5p2/7p/7n/P3r1N1/1P6/R4R1K w - - 0 23,-378.0,-255.0,g3h5,capture,14,0.085331,123.0,0
2b5/8/2k2p1R/5r1p/p3KP2/B5P1/8/8 b - - 0 41,142.0,44.0,c8d7,quiet,11,0.130703,98.0,0
2r1k2r/p2pbppp/np2p3/2qnP3/3NNP1P/6P1/PPP3K1/R1BQ1R2 b k - 2 10,46.0,-7.0,c5c7,quiet,28,0.075888,53.0,0
1r3rk1/2q3b1/R1n1b2p/2p1pp1N/Q1p1p1pP/2B1P3/1P2B1P1/3R2K1 b - - 5 22,181.0,42.0,c6d4,quiet,25,0.179070,139.0,0
r3k2r/1b3pp1/1Np1p1q1/pPPpPn2/8/b3BBPp/4QP1P/1R3RK1 b kq - 1 16,-51.0,-61.0,a3b4,quiet,27,0.014023,10.0,0
r3kr2/1p2q3/4bpP1/p2pp2Q/P2B4/2P2R2/2P3PP/4R2K b - - 0 29,-303.0,-149.0,e8d7,quiet,21,0.149038,154.0,0
r2q1rk1/p3ppbp/1p4pn/8/1B1pb3/1P2PN1P/P1PP1PP1/1R1QKB1R b K - 0 9,-25.0,42.0,a8c8,quiet,29,0.096066,67.0,0
rnb1k2r/1pq3pp/2P2n2/p7/P2Pp3/1Pb1P3/3B2PP/R2QKBNR w kq - 0 10,-64.0,-66.0,d2c3,capture,27,0.002780,2.0,0
2r3k1/2r2pp1/3q1n1p/pP1p1Q2/PbnP4/2N3PP/5KB1/B1RR4 b - - 0 30,102.0,105.0,c4b6,quiet,24,0.003956,3.0,0
r2qk2r/pp3p2/2pbpnp1/3p1n2/P2P1P2/1PP1P3/R2NQ2P/1KB2BR1 w q - 1 18,-248.0,-91.0,d2f3,quiet,28,0.178483,157.0,0
1B6/5kp1/pp2b2p/8/1P5P/P4r2/1K2R3/8 b - - 0 34,101.0,265.0,f3b3,quiet,13,0.179951,164.0,0
2rr2k1/1b3pp1/p2p4/R1n1p2p/2Np4/QP1P2P1/2P1P2P/5K2 w - - 0 25,-60.0,1.0,f1f2,quiet,22,0.086938,61.0,0
r2q1k2/3p2bp/p5pn/8/R1Pp4/1P1N4/4BPPP/4K2R w - - 1 19,-175.0,-218.0,e2f3,quiet,20,0.045641,43.0,0
8/7k/1BP5/8/8/2P2R2/5K2/3r1N1r w - - 1 44,496.0,501.0,f1e3,quiet,9,0.001462,5.0,0
r7/3k4/pp4p1/2p2p2/4p1n1/PPN1P1P1/1BPP4/2K4R b - - 1 23,-232.0,-277.0,d7e6,quiet,19,0.039505,45.0,0
r2q3k/1p5p/p1p5/2PbRp2/3P1Q1p/8/2r2RP1/6K1 b - - 2 27,416.0,430.0,c2f2,capture,18,0.005969,14.0,0
rn2kr2/pp2p2b/2p2p1B/3q3P/2NP2pP/4p3/PPP2P2/R2QKBR1 b Qq - 1 11,-190.0,-244.0,e3f2,capture,27,0.053826,54.0,0
r2k3r/1np1bqpb/1p1p4/pP1P1P1p/2P1N1PP/P1BBP3/2Q5/2KR3R b - - 0 23,-237.0,-103.0,h5g4,capture,28,0.152421,134.0,0
r6r/p1pnk1p1/5p1p/4p3/P3N1P1/2P1B3/2K2P2/3R3R b - - 3 19,-203.0,-205.0,a7a6,quiet,19,0.002076,2.0,0
4r1k1/p2b2p1/7q/p1p2p1P/2Np2P1/P2P4/1PP2Q2/5K1R b - - 2 24,122.0,565.0,h6c1,quiet,20,0.294064,443.0,0
5rk1/1bq1b1pp/1p2p3/rB1p4/p3pPN1/P1P3P1/1P2Q2P/1K1R3R b - - 15 22,-17.0,109.0,a5b5,capture,25,0.176358,126.0,0
rnb1kb2/pp3p2/1q1pp3/2p3p1/2PP4/2N3P1/PP2PP2/R2QK1NB w Qq - 1 9,110.0,19.0,d4d5,quiet,26,0.125901,91.0,0
5k2/p7/4b3/2R3p1/P1N5/1P6/1KP3r1/8 w - - 1 33,73.0,183.0,c5c7,quiet,11,0.137897,110.0,0
r4rk1/pp2q1pp/2bB1nn1/8/4P3/P1Q2P2/1P5P/2KR1BNR b - - 2 15,30.0,-136.0,f6e4,capture,23,0.229367,166.0,0
r3kb2/pppb1p2/2n1p2p/1BP4p/Q4N2/8/PP3qPP/2KR3R b q - 3 10,21.0,73.0,e6e5,quiet,24,0.073352,52.0,0
8/5B2/R7/6P1/2p5/pr6/1k3P2/6K1 b - - 0 44,36.0,-97.0,c4c3,quiet,9,0.187700,133.0,0
r1bqk3/ppp3bQ/2n5/4p1p1/3P4/2N1PP2/PP4P1/R1B1K1N1 b Qq - 0 12,-153.0,-140.0,e5d4,capture,23,0.015739,13.0,0
8/5k2/1pq1pp2/5n2/P7/6pP/4Q1P1/4R2K w - - 38 65,-156.0,26.0,e2h5,quiet,13,0.247887,182.0,0
1k6/6pr/ppn5/6Bp/2Nb4/PP6/6PP/3R3K b - - 7 29,-35.0,-56.0,h7h8,quiet,16,0.029700,21.0,0
r3k2r/p1pp1pp1/1b3q1n/4n3/3NP1p1/P1P5/1P2NP1P/R1BQ1K1R w kq - 1 10,-252.0,-135.0,f1g2,quiet,26,0.125036,117.0,0
r3kb1r/ppp1n1pp/1n2bp2/1P2p3/P3N1P1/2P2N2/5P1P/R1BK1BR1 b kq - 0 9,-5.0,112.0,h7h5,quiet,27,0.163016,117.0,0
r2r2k1/pp2q1p1/3bn3/4pP1p/2B2PnP/2N3P1/PP1R4/R1BQK3 b Q - 0 14,-1.0,-110.0,e5f4,capture,25,0.151778,109.0,0
8/3k4/p3p1p1/1p3nP1/n1pPR3/P1P5/1P3P2/2B2K2 w - - 0 31,205.0,425.0,f1e2,quiet,17,0.155344,220.0,0
1k2r3/1pr2q1p/p2Qp2R/3p4/3P4/P1P4P/1P4P1/6K1 w - - 3 35,-247.0,-287.0,d6e5,quiet,18,0.033548,40.0,0
Bn1r2k1/5p2/1p5p/2b5/2N5/4P2P/P1P2KP1/R6R b - - 0 19,-468.0,-530.0,b6b5,quiet,17,0.018149,62.0,0
1k1b3r/4r3/R4p2/1p2p2p/3p2pP/1P4P1/PB3PB1/5K2 w - - 1 33,-58.0,-43.0,b2a3,quiet,19,0.021134,15.0,0
4k2r/q2n1pp1/3bp3/8/3P3p/2NNKP2/1P4PP/3Q3R b - - 0 18,-211.0,-107.0,e6e5,quiet,19,0.121819,104.0,0
2r3rk/3b3p/R4n1p/2p2p2/2nP4/2N3P1/P1P2PB1/4R1K1 b - - 0 22,22.0,65.0,c5d4,capture,20,0.060848,43.0,0
2r3k1/4Q1p1/2p4p/8/p1p5/P2q4/1P5P/K3R3 b - - 1 36,223.0,109.0,d3d5,quiet,14,0.131165,114.0,0
rn1qr1k1/1ppb1p1p/3p2pb/p4p2/2PP1N2/1PNBn3/P5PP/R1BQ1RK1 w - - 0 9,-243.0,-148.0,c1e3,capture,30,0.101019,95.0,0
r2q1rbk/pp2n1pp/2nb1p2/3P4/3P4/1NN2B2/PB4PP/R2Q1RK1 b - - 0 15,-44.0,-11.0,c6b4,quiet,26,0.047160,33.0,0
4R3/1R4pk/3b4/3p4/3P3P/7r/8/6K1 w - - 0 32,248.0,188.0,e8d8,quiet,10,0.059615,60.0,0
r3k3/3n1pr1/pp2p3/3p3p/1R2PP1q/N2B1Qn1/P2P2P1/4R1K1 b q - 0 14,265.0,131.0,g3e4,capture,23,0.141271,134.0,0
8/8/8/7K/p6P/1k6/1P6/8 b - - 0 40,96.0,498.0,b3b2,capture,5,0.311433,402.0,0
8/3k3p/5R2/8/8/8/3K1N1r/8 b - - 10 60,-188.0,-214.0,d7e7,quiet,6,0.027235,26.0,0
8/B2R4/5pp1/p1p5/P1n1kPP1/2r5/4KP2/8 w - - 2 34,29.0,87.0,a7c5,capture,14,0.081012,58.0,0
r2q1rk1/pppnppbp/6p1/6B1/1n2PN2/7P/1P1N1QP1/3R1RK1 w - - 1 15,-124.0,-164.0,d2f3,quiet,25,0.048678,40.0,0
1r6/R7/4b3/2p1kp2/2P1P3/1P1R1PPp/7P/6K1 w - - 0 35,512.0,638.0,e4f5,capture,15,0.025084,126.0,0
r3kb1r/1ppbqppp/2n5/p2p4/P2PnPPP/4R3/1PP1B3/1NBQK1NR w Kkq - 1 9,-15.0,-28.0,b1c3,quiet,30,0.018635,13.0,0
2krr3/pppnpp1p/1b2b1p1/8/P3P3/1P2NP2/1BP1BKPP/1R1R4 w - - 5 15,-42.0,-8.0,f3f4,quiet,26,0.048639,34.0,0
2r5/3p1k2/p2Qpn2/5p2/2P5/2N3rq/PP2B1b1/3RK1R1 w - - 0 28,49.0,0.0,e2h5,quiet,19,0.070053,49.0,0
5r2/6pk/p6p/7q/8/Pp6/1P6/K3R3 b - - 3 37,965.0,1353.0,g7g5,quiet,11,0.003439,388.0,0
2r3k1/7p/1P5b/p3p3/3p3P/3PnPPR/1R2KNr1/1N6 b - - 0 29,235.0,339.0,g2f2,capture,19,0.081022,104.0,0
r7/1p1rb2p/4k1p1/1pP5/1P2p1KP/pR2B1P1/P4P2/2R5 b - - 1 32,-155.0,85.0,d7d3,quiet,20,0.329296,240.0,0
rn3rk1/2p1bpp1/p3b3/1p5n/1P2P2p/P1NB1N1P/2P3P1/1RBKR3 w - - 0 12,-3.0,3.0,c3d5,quiet,26,0.008634,6.0,0
r5k1/2pb1ppp/3b2r1/P7/3B4/P3PP2/3P1KPP/R6R w - - 1 22,-75.0,-88.0,d4c3,quiet,20,0.017714,13.0,0
r3r1k1/5ppp/P3qn2/R1p5/3P4/1PP2NbP/1K4P1/1N1Q1R2 w - - 0 24,36.0,76.0,d1d3,quiet,22,0.056038,40.0,0
1k1r2r1/pbppbpp1/1p2p3/3Pq3/2P1P3/P1NQ4/1PK1B1P1/R6R w - - 4 14,-108.0,-128.0,g2g4,quiet,25,0.025697,20.0,0
6r1/2R3pk/P3b2p/2p1N3/7P/6R1/r7/5K2 b - - 3 38,129.0,170.0,a2a6,capture,13,0.049269,41.0,0
3r2k1/8/7P/8/pR6/Pb2B3/1K6/8 w - - 23 61,268.0,250.0,b2c3,quiet,9,0.015544,18.0,0
r1bqk2r/pp3pp1/1p2p3/3pP2p/1P1Pn3/2PQ3N/1B3PPP/RN3RK1 w - - 0 13,237.0,253.0,b1d2,quiet,28,0.014524,16.0,0
r6r/pp2k2q/2npPb1p/2pQ4/2P2B2/6RB/PP5P/5RK1 b - - 6 22,-336.0,-355.0,h8d8,quiet,22,0.011583,19.0,0
3r1rk1/2p4p/p4q2/1pQbnp2/5P2/5N1P/P3R1P1/4R1K1 w - - 0 29,-64.0,24.0,f4e5,capture,20,0.125560,88.0,0
r2q1b1r/1p2kB1p/pp1p4/4p1N1/5nQ1/2P5/P5PP/R3K1R1 w Q - 6 18,55.0,44.0,g4f3,quiet,22,0.015512,11.0,0
8/7p/8/8/1N1Pk3/7P/6b1/3K4 w - - 1 44,0.0,-81.0,d4d5,quiet,7,0.114501,81.0,0
6k1/6p1/1p5p/p2pNQ1P/P2P4/1P3PP1/6K1/2q1b3 w - - 10 43,265.0,314.0,e5d3,quiet,17,0.037722,49.0,0
8/8/8/4Bp2/8/5kP1/1r6/7K b - - 15 80,328.0,368.0,b2d2,quiet,6,0.024136,40.0,0
2R5/3p2pk/p3p3/1r2Np2/n4P1P/3Pn2P/P5BK/8 w - - 0 28,92.0,-18.0,e5f7,quiet,18,0.155269,110.0,0
7k/2R5/3NB3/5p2/K1pb4/PP2n3/7r/8 b - - 1 38,-4.0,-2.0,c4b3,capture,12,0.002878,2.0,0
r3k1r1/pRp2p1p/4p1q1/8/3P3P/P1P2Qn1/P5PR/4K1N1 b q - 0 16,-118.0,0.0,e8c8,quiet,21,0.163574,118.0,0
r1b2rk1/ppb1n1pp/3P4/2p5/4q3/2P1N1PP/PP2Q3/R1B1KBR1 b Q - 0 14,-64.0,54.0,c7d6,capture,25,0.168168,118.0,0
2kr4/Q7/8/1pKn1p1p/3B3P/2n2q2/P4P2/R2R4 b - - 2 29,-93.0,-34.0,c3e4,quiet,16,0.081956,59.0,0
1k1r3r/1p1qn1b1/p1npb3/2p1p3/2P3p1/PPNPP1N1/1BQ1B2P/1K3R1R b - - 1 22,89.0,124.0,d8e8,quiet,28,0.045889,35.0,0
r2q1r2/p3ppk1/p5p1/2p3Q1/3P4/1P6/P1N4P/1K1n3R w - - 0 20,-285.0,-233.0,h1d1,capture,19,0.044919,52.0,0
6k1/pb3p2/1p3b1R/2p2P2/P4P2/2PrB1K1/1P6/R7 b - - 0 28,-51.0,212.0,g8g7,quiet,17,0.345001,263.0,0
3r2k1/p4qp1/2Q2n1p/2P2p1P/5n2/P4N2/5PP1/R3R1K1 w - - 1 28,257.0,301.0,a1c1,quiet,19,0.035273,44.0,0
7R/Nn2pk2/p4p2/2r2b2/8/2N5/PPP5/2K5 b - - 3 30,57.0,111.0,b7d6,quiet,14,0.073219,54.0,0
1rb1k1r1/p3q3/2p2n2/p3p2p/2P1P3/1nN1QN1P/1P2B1P1/3RKR2 w - - 4 17,190.0,153.0,e3h6,quiet,24,0.042108,37.0,0
r2q2k1/3pbp2/2p2pp1/3n3p/1p1P3P/1Q3NP1/P2B1P2/R3R1K1 w - - 2 18,279.0,284.0,b3c2,quiet,23,0.003968,5.0,0
r2q1rk1/ppp3np/4b1p1/4p3/P1Pn2Pb/1P3N1N/1B2BP2/R2QK2R w KQ - 2 13,43.0,84.0,f3d4,capture,27,0.057016,41.0,0
5r2/7R/3Q2p1/3B1k1p/3qr2P/6P1/5P2/6K1 b - - 3 35,-13.0,-138.0,e4e8,quiet,13,0.170074,125.0,0
4n3/8/1p2k3/pP1p1p2/3PpPp1/N3P1P1/8/K7 w - - 19 67,-229.0,-305.0,a3b1,quiet,15,0.063786,76.0,0
1r1q1rk1/1b1n1pp1/p6p/1pp1P3/3p1PB1/P2P4/2QN2PP/R4RK1 b - - 2 14,143.0,77.0,f8e8,quiet,25,0.085877,66.0,0
rnbqr1k1/5pp1/1p3n1p/p2p4/Pb1P3P/2NQ1P2/1PP1N1P1/R1B1KB1R w Q - 0 10,-102.0,-49.0,c1f4,quiet,29,0.072660,53.0,0
2kr1b2/pppb3q/3npn2/3p1p1P/3P4/BPN1PQ2/P1P2P2/R2K3R b - - 0 15,35.0,171.0,d6e4,quiet,26,0.177772,136.0,0
r5kr/pp2p1b1/5nBp/3p2p1/3P4/P1N1Pb1q/1PQB1P2/2R1K1R1 b - - 1 20,156.0,99.0,a8f8,quiet,25,0.071802,57.0,0
5rk1/2pq2b1/1p1p1p2/1p3NBp/r1bPP3/1n3N1P/1Q3RP1/3RK3 w - - 0 21,-162.0,-267.0,g5h4,quiet,24,0.105433,105.0,0
r1bq2k1/5pp1/8/p2pr2p/P1p2PPb/2P1P3/2B1N3/RN3K1R w - - 0 18,-627.0,-296.0,f4e5,capture,23,0.127598,331.0,0
1k6/3r4/1p2B3/4n3/3Q1N2/P1K1P3/P6q/8 w - - 9 29,108.0,531.0,e6d7,capture,12,0.304465,423.0,0
8/5kp1/8/R7/1r6/5P1P/6P1/6K1 b - - 0 38,-173.0,-238.0,f7g8,quiet,8,0.067141,65.0,0
6r1/2Nnk1b1/2p1pp1p/4P2P/q2P3Q/1pp4B/P4P2/R3K3 w Q - 0 23,50.0,-63.0,h4g4,quiet,21,0.161147,113.0,0
r2q3r/p3k1pp/2Qbp3/8/1P1PP1n1/P4N2/6PP/R1B1K2R b KQ - 0 16,-251.0,-263.0,d8c8,quiet,22,0.010438,12.0,0
7r/1N3p2/p3k2p/2Pp4/3Pn3/1P2K1P1/n6P/5R2 w - - 0 29,-178.0,-282.0,c5c6,quiet,16,0.099375,104.0,0
7r/6N1/p4k2/3p1p2/2nPP3/6Rp/4K2N/8 b - - 2 33,62.0,231.0,d5e4,capture,13,0.202508,169.0,0
1r1qk2r/p1p1bp1p/8/3p1bp1/4N3/2PB4/P1Q2PPP/R1B2RK1 b k - 0 13,-74.0,-30.0,d5e4,capture,24,0.061846,44.0,0
5rk1/2q4p/2pbbp2/8/3Pp3/4N1P1/4P1BP/3Q1RK1 w - - 0 22,-55.0,59.0,g2e4,capture,18,0.162598,114.0,0
R1Q2b2/2p2rk1/2n3pp/2p5/5qP1/R6P/8/3K4 b - - 1 35,483.0,966.0,f4f1,quiet,15,0.054563,483.0,0
5Q2/p6k/8/2P2p2/8/P2q4/1K4p1/8 w - - 0 43,-322.0,-551.0,f8f7,quiet,9,0.095213,229.0,0
4k2r/1R1n4/2p1bP2/5np1/8/2q2NP1/5rBP/2BQ2K1 w k - 0 20,-221.0,31.0,g1f2,capture,18,0.325610,252.0,0
2r1kbr1/p1pnnp2/2b1p3/4B1pp/2BP2N1/P1N2P2/1P4PP/2KRR3 w - - 0 16,-42.0,60.0,g4f6,quiet,26,0.145649,102.0,0
r3k2r/pbpp1p2/5np1/1P5p/1P1PP3/2N2Pq1/3KP3/R1BQ1B2 b kq - 0 12,84.0,110.0,h5h4,quiet,24,0.034633,26.0,0
1k6/1bp5/p2pRn2/1p6/7r/P5N1/1PP2P2/2K2B2 b - - 3 22,-38.0,43.0,h4f4,quiet,16,0.116037,81.0,0
5rk1/5pp1/7p/qrp5/1nQp1b1P/1P3RP1/1B1P1N2/2K1R3 b - - 1 21,201.0,197.0,f4c7,quiet,21,0.004215,4.0,0
1k2rbr1/1bp1Bp2/ppq4p/5Q2/3P4/P1P2N2/1P1N1PPP/R3K2R w KQ - 3 14,117.0,-44.0,h2h4,quiet,25,0.225273,161.0,0
3r3k/6p1/7p/5R2/5P1P/3p1BP1/7K/4r3 b - - 0 47,327.0,453.0,d3d2,quiet,12,0.063472,126.0,0
2rqk2r/pb1n1pp1/4pn2/1Bb4p/8/PP2P2N/1B1R1PPP/1N1QK1R1 b - - 2 10,126.0,42.0,f6d5,quiet,27,0.113626,84.0,0
8/R7/3n3p/1p6/p3k3/4P3/4K2P/8 w - - 6 49,-77.0,93.0,a7a6,quiet,9,0.239763,170.0,0
r4rk1/pp2b1pp/2ppbn2/4p3/2P1n3/N3BNPP/PP3PB1/R3R1K1 b - - 2 12,34.0,104.0,f8d8,quiet,27,0.096578,70.0,0
8/5p2/k3r3/p5p1/R1P3P1/5KP1/8/8 w - - 9 50,-33.0,-128.0,a4a2,quiet,10,0.128953,95.0,0
r1bq1rk1/pp2nppp/2nb3P/PB1p4/1P1Pp3/2P5/5PP1/RNBQK1NR b KQ - 0 9,-11.0,43.0,a7a6,quiet,30,0.077393,54.0,0
2bk4/4n3/pp1N4/2p5/5nB1/2P5/PP2R3/2K5 w - - 3 42,317.0,296.0,e2e7,capture,14,0.015096,21.0,0
r1b1k2r/pp2n1p1/1q3p2/2bBp2P/2P5/P4N1P/1P2QP2/R1B1K2R w KQkq - 3 12,48.0,53.0,b2b4,quiet,25,0.007046,5.0,0
8/8/2R3P1/1k1B4/p3P3/4K3/7r/6r1 w - - 1 47,29.0,-136.0,c6d6,quiet,9,0.227938,165.0,0
2k5/7p/1p1n4/p2p4/P1rP2P1/2p2PKP/P7/2RR4 b - - 2 28,-176.0,-132.0,c8d7,quiet,17,0.052312,44.0,0
2kr4/1p1qn3/3b1R2/1P2n1p1/3pQ2r/3P4/P1NBN1K1/R7 w - - 0 22,-180.0,-435.0,e4h4,capture,20,0.186317,255.0,0
r3kb1r/8/p2qpp1p/3p4/7P/PP2Q3/3N2P1/R4RK1 w kq - 0 16,71.0,67.0,f1f6,capture,19,0.005535,4.0,0
6r1/8/3R4/kp3P2/4PK1n/P6P/5R2/6r1 b - - 10 53,-238.0,-210.0,g1g3,quiet,12,0.027290,28.0,0
r4rk1/pp4pp/3b4/4np2/1P1p4/3P3P/N1P2PP1/R1B1RK2 w - - 0 17,-94.0,-18.0,c1b2,quiet,22,0.106189,76.0,0
r2kbb1r/1pp1n1p1/p6p/4n3/PPBP1p2/NQP5/5PPP/q1B2RK1 w - - 0 16,-172.0,74.0,d4e5,capture,27,0.334023,246.0,0
r2k3r/1ppnn3/p2b1p1p/4p2q/4P2P/P1BP1N1B/1PK2Q2/R5R1 w - - 0 21,-2.0,18.0,f2e2,quiet,25,0.028759,20.0,0
2kr4/pp2n3/2nq4/3bpp2/3p3Q/P2P3P/1PP1NN2/1K4R1 b - - 2 23,347.0,429.0,d5f3,quiet,21,0.041444,82.0,0
R7/2r3kp/2P3p1/P3p3/8/r6P/2R4K/8 b - - 0 48,-73.0,-93.0,e5e4,quiet,12,0.027194,20.0,0
5r2/1bp2rkp/p1n3p1/1pP1p3/4B2P/2P1RP2/P2N1K2/4R3 b - - 3 23,92.0,50.0,f8d8,quiet,21,0.057925,42.0,0
2R5/6b1/2p5/1k6/4NP2/p4K2/r7/8 w - - 7 45,-309.0,-219.0,f4f5,quiet,9,0.076401,90.0,0
2r1kbn1/pp3p2/1q2p1p1/n2pP3/2rP4/P1N1BBPb/1P1QNP1P/3RR1K1 b - - 6 15,-277.0,116.0,a5b3,quiet,29,0.492253,393.0,0
1kb5/4r3/1ppp1np1/p3p1N1/P1P1Pn2/2NP4/1PK2P2/3B3R w - - 0 33,105.0,24.0,d1f3,quiet,22,0.112185,81.0,0
1k1r4/1pp2pp1/2n5/2q5/2Pp4/1R1P1B2/1K3P2/4Q3 w - - 9 34,-213.0,-128.0,b3b5,quiet,16,0.096838,85.0,0
8/1k1r4/8/p2q4/Pp1P4/1P2p3/2P1Q3/1KR5 b - - 1 48,3.0,-75.0,d5d4,capture,13,0.110605,78.0,0
3r2k1/r5p1/p2p2B1/1p4PR/2b1N3/P3nN2/1PP3P1/2KR1n2 w - - 2 22,371.0,231.0,d1d6,capture,21,0.103522,140.0,0
1rb2b1r/p2kpn1p/1p3p2/3N2pP/P2P4/q2B4/2PQNPP1/1R2K2R b K - 1 16,-182.0,-164.0,f7d6,quiet,26,0.020409,18.0,0
4r3/1k4pp/1pR5/p7/7P/Pr1N2B1/8/R4K2 w - - 1 27,240.0,264.0,c6c7,quiet,14,0.021255,24.0,0
r2r2k1/2pn4/p3bppB/np2p3/4PPP1/2P4N/P1K5/R4B1R b - - 0 17,153.0,180.0,e6g4,capture,23,0.031134,27.0,0
4r1k1/pp4p1/2n3B1/7r/4p3/1P6/PBP5/3RK3 w - - 0 24,-179.0,264.0,g6h5,capture,15,0.557490,443.0,0
r3k2r/p1pnpb1p/1q3np1/1B3p2/QN6/2P1P3/P4PPP/R1B1K2R b KQkq - 6 11,60.0,35.0,e8g8,quiet,26,0.035299,25.0,0
8/1k1r4/2p5/2R5/1P3K2/2P5/8/8 w - - 35 55,180.0,156.0,f4e5,quiet,7,0.027569,24.0,0
r4bn1/pp1k2p1/8/np3bNr/2PPPB1P/P7/8/R3KB1R w KQ - 0 19,-7.0,153.0,e4f5,capture,22,0.217048,160.0,0
1n3k1r/rp4p1/1Np1b2p/p2p4/P2Pp3/P1N1P3/2P3PP/4KBR1 w - - 0 14,-85.0,-104.0,e1d2,quiet,24,0.025411,19.0,0
r2kq1nr/pppb4/2n1p2p/3pb3/P2P1B2/2P3P1/1P5P/RN1QKB1R w - - 0 13,-128.0,21.0,d4e5,capture,27,0.206486,149.0,0
4kb2/3b3p/2p1p3/p2p4/r4P2/B5P1/K1P1Q3/3R4 w - - 0 27,382.0,491.0,e2h5,quiet,16,0.043930,109.0,0
8/8/k7/2P5/1P5p/3p1Kp1/8/4B3 b - - 7 81,-220.0,-158.0,a6b5,quiet,8,0.067227,62.0,0
1r3b1k/2r2pp1/4p2p/2p1P2P/q2pQ3/3RP1PK/5P2/2BR4 b - - 0 36,64.0,148.0,a4c2,quiet,21,0.109902,84.0,0
8/k7/2p4P/p5B1/2n5/2P2B2/4K1pb/8 w - - 0 43,83.0,262.0,f3g2,capture,11,0.201568,179.0,0
r4rk1/pp1b1pbp/4p1p1/3pP1P1/P4B2/2N5/1P5P/R3KB2 b - - 4 20,282.0,288.0,f8c8,quiet,22,0.004698,6.0,0
2rq1rk1/3nbpp1/p2p1n1p/1p1Pp3/2P3bP/2N1PN2/PBQ1BPP1/R4RK1 b - - 1 11,-12.0,18.0,b5b4,quiet,30,0.043143,30.0,0
4R3/5pkp/2B2p2/2P5/7P/5PPK/2r5/8 b - - 4 34,-597.0,-487.0,c2c5,capture,12,0.025970,110.0,0
r4rk1/1p4p1/2pbp2p/3p3P/p2N4/2B1q1n1/1PP4Q/1K4R1 w - - 0 27,-573.0,-708.0,g1e1,quiet,21,0.018925,135.0,0
3q1rk1/2pb1pp1/3b1n1p/1B2p3/1n2P2P/2N1BP2/1PP1N3/3QK2R w K - 3 13,11.0,-10.0,b2b3,quiet,24,0.030212,21.0,0
5rk1/2p3b1/7p/3b1p2/3P1B1q/4Q3/1P2B1P1/5RK1 b - - 3 24,26.0,-20.0,f8d8,quiet,16,0.066098,46.0,0
4r2r/1ppk2pp/p2bpp2/8/1P2R3/2BP2P1/1P5P/1K2R3 w - - 4 22,-209.0,-163.0,e4g4,quiet,20,0.050319,46.0,0
3R1B2/p7/1pp4p/2PbQ3/6k1/6P1/1PK5/q7 w - - 3 41,599.0,675.0,c5b6,capture,14,0.010703,76.0,0
r7/2p3R1/P7/2p5/k2p1P2/3Pr3/P2KP3/1R6 b - - 4 43,-320.0,-313.0,a8a6,capture,14,0.004829,7.0,0
3rk3/p4p2/p7/2q1P2r/P2NQ2b/2P1nP2/3KN3/R7 w - - 0 21,-404.0,-243.0,e4e3,capture,18,0.108979,161.0,0
4Rn2/1pp5/3k3K/8/8/5P2/8/4r3 w - - 0 67,-578.0,72.0,e8e1,capture,8,0.567510,650.0,0
r1b1kbnr/1pp1q3/p4p2/3pP2p/Pn1N1p2/2P2N2/1P1Q2PP/R1B1KB1R b Kkq - 0 9,-91.0,51.0,f6e5,capture,29,0.200917,142.0,0
8/5k2/2r1p3/2bp1pQ1/8/1P3PPp/3B3P/1q1BKR2 w - - 0 30,239.0,344.0,g5h5,quiet,17,0.080390,105.0,0
4r1k1/pp3pbp/q5p1/3p4/P3n2P/2PbB1P1/5PB1/R2QK2R w - - 4 21,-174.0,-415.0,a1c1,quiet,23,0.184602,241.0,0
r1bqkb1Q/p1p5/4p1p1/8/Np2p3/5n2/PPP2PKP/R1B2R2 b q - 3 12,179.0,140.0,c8a6,quiet,23,0.045759,39.0,0
2R5/2p1Rppr/p7/pk5p/r7/4B2P/2b3P1/6K1 w - - 2 28,-236.0,-143.0,c8c7,capture,16,0.100610,93.0,0
1n2k3/5r1p/4P1pQ/1p1p4/3PbR1P/4qNK1/8/8 b - - 0 32,456.0,840.0,f7f5,quiet,16,0.059669,384.0,0
2k5/pppnn3/5p2/3p4/3P4/N3B2r/PPP1K3/5R2 b - - 7 21,184.0,134.0,c7c6,quiet,17,0.058719,50.0,0
r4rk1/1b1pb1pp/pqn1pn2/1p3p2/5P2/3PPB2/PBP2NPP/RN1QR1K1 b - - 2 10,208.0,188.0,d7d6,quiet,30,0.021139,20.0,0
r3k2r/p3b1pp/2p5/5b2/P3p2P/2n1P3/3N1PP1/1RB1KB1R w K - 4 13,-112.0,-49.0,b1a1,quiet,22,0.085768,63.0,0
8/3kp3/p7/3nrP1R/P4R2/5K2/7P/8 b - - 0 41,-340.0,-124.0,e5e3,quiet,11,0.204989,216.0,0
8/5kp1/8/3p3p/2pN1Pb1/2P5/3K2Pr/6R1 b - - 1 31,183.0,181.0,g7g5,quiet,13,0.002213,2.0,0
8/8/8/8/K7/Pn6/1P5k/8 b - - 0 69,0.0,-123.0,b3c5,quiet,5,0.169969,123.0,0
8/6pk/p1R2p1p/8/PP1pr2P/6K1/3Bb3/8 b - - 2 35,265.0,306.0,h6h5,quiet,14,0.032053,41.0,0
2kr1b1r/1bpqn1pp/p1np4/1p1N4/4QN2/1P6/PB3PPP/1K1R1B1R b - - 2 11,-9.0,84.0,c6e5,quiet,27,0.131533,93.0,0
r3k2r/2qnn2p/1pppBpp1/4p3/3PP3/1QP2N2/5PPP/2R2RK1 b kq - 1 15,-27.0,-53.0,h7h6,quiet,25,0.036909,26.0,0
r3kb1r/3n1ppp/4pn2/1P6/pp1PpB1P/8/1P1NNPP1/R3K2R w Qkq - 0 13,-53.0,-54.0,h1h3,quiet,25,0.001406,1.0,0
r2qk2r/1bp1b3/pp2p2p/1P1pP2P/P5P1/1nPP3R/3BQ1B1/RN2K3 w Qkq - 1 16,166.0,43.0,a1a2,quiet,27,0.160667,123.0,0
7r/6RP/3nk1b1/8/2p5/8/8/5RK1 w - - 0 42,-122.0,307.0,g7g6,capture,9,0.522808,429.0,0
7k/2r3p1/4q2p/p2pPp1P/1b1P1P2/1Pr1BQ1P/P5RK/6R1 w - - 7 48,186.0,161.0,f3e2,quiet,22,0.028307,25.0,0
7r/2p2kpp/3bp3/1B6/3P4/1P2nP2/2n1NR1P/q1Q4K w - - 0 22,-70.0,-380.0,c1a1,capture,19,0.299721,310.0,0
8/8/3p2R1/2pP4/2r5/5k2/6p1/3K4 w - - 0 58,-601.0,-681.0,d1d2,quiet,8,0.011031,80.0,0
2kr1b1r/ppp1q1pp/1P3p2/3p4/1P1P3n/N4P2/PB2BP1P/R2Q1K1R b - - 0 11,-40.0,-33.0,a7b6,capture,27,0.009963,7.0,0
r5k1/p4pb1/1pr1p1p1/3q2Pp/3pR2P/P2P2B1/1PP2P2/1R1Q2K1 w - - 3 18,-35.0,-115.0,g1g2,quiet,24,0.109509,80.0,0
r2q1k2/1p2bpp1/2npb3/pB6/8/P1N1QN2/1PP2P2/2KR4 w - - 0 19,111.0,150.0,b5a4,quiet,21,0.048865,39.0,0
rr6/3P3k/p5pp/2N2p2/P1N1p3/B1b5/5K1P/3R4 w - - 2 31,318.0,319.0,f2e3,quiet,17,0.000684,1.0,0
2bk2nr/3r1pbp/p1n1p1p1/1pP5/1P2PP2/P1p5/2P1N1PP/R1B1KB1R w KQ - 1 14,-99.0,-141.0,h2h4,quiet,28,0.053726,42.0,0
2r1rbk1/B2b1p2/2q3p1/7Q/P4N2/6P1/5P2/R2R2K1 w - - 0 24,33.0,19.0,h5a5,quiet,17,0.020033,14.0,0
1n2k2r/1bp1n2p/1p1p4/r3pp2/P1P1P1pq/2NP3P/1Q3PP1/R3KBNR w KQ - 0 12,-96.0,-69.0,g2g3,quiet,28,0.036730,27.0,0
r1bqkn2/1p2b1Qr/p3pp2/3p4/2PP3p/1P4P1/P2N1PB1/R1B1R1K1 w q - 1 15,191.0,13.0,g7g8,quiet,26,0.231464,178.0,0
5rk1/p3b2p/8/2pnB3/P4p2/5N2/1P2RPrP/2KR4 w - - 0 24,-48.0,376.0,d1d5,capture,18,0.465651,424.0,0
3r1rk1/p1q2pp1/1p1b4/4p2p/N1Ppn2P/1P1Q2PB/PB1P1P2/4RK2 w - - 0 18,-114.0,78.0,d3e4,capture,26,0.268817,192.0,0
2r2rk1/1pp2ppp/pnb1pn2/8/1q1PPPP1/2N2N1P/2Q3B1/R4RK1 b - - 0 19,110.0,128.0,f8d8,quiet,26,0.023085,18.0,0
rn1q1rk1/6pp/3b1n2/pB1p1b2/R7/NQP2N2/1P3PPP/2B1K2R b K - 6 12,23.0,-48.0,a8a7,quiet,25,0.101693,71.0,0
r4r2/p3n1pk/2q4p/BpP1pp2/4N3/3Q2P1/7K/2RR4 b - - 0 35,-145.0,281.0,c6e4,capture,19,0.531804,426.0,0
8/5p2/1q3N2/4n3/7k/8/1P3R2/6K1 w - - 10 57,-421.0,-598.0,g1g2,quiet,8,0.050403,177.0,0
2r3k1/1p3ppp/p7/8/1P6/b1P1P3/4NPPP/3R2K1 b - - 0 22,29.0,-61.0,f7f6,quiet,17,0.128533,90.0,0
4r1k1/5pp1/rb6/1p1p3p/1P1N3P/1NPb4/p4KP1/R2B3R b - - 1 27,265.0,178.0,d3c4,quiet,21,0.085464,87.0,0
8/8/1P6/1rk5/8/K7/2B5/8 w - - 0 80,-42.0,-200.0,c2d3,quiet,5,0.199597,158.0,0
r1b1kb2/pp2p1pr/1npq1nN1/5p2/P1BPp3/6R1/1PP2P1P/1NBQK2R w Kq - 10 10,-53.0,-7.0,c4b3,quiet,29,0.065615,46.0,0
r4rk1/ppp3pp/1Nn2p2/4n3/4N1bP/2P5/PP2PPP1/R1BK1B1R b - - 0 11,-217.0,-44.0,a7b6,capture,26,0.214168,173.0,0
rn3rk1/qp2bpp1/4pn2/2Pp3p/5B1P/P2PPPP1/3QN3/RN2K2R b KQ - 0 14,31.0,88.0,b8c6,quiet,27,0.079507,57.0,0
8/6p1/8/4r2p/p6P/k2K4/8/6R1 b - - 1 47,436.0,335.0,e5e7,quiet,8,0.051753,101.0,0
2k4r/p1p1r3/2p2p1p/3b2pN/7n/1P1N3P/P4P2/R4KR1 b - - 5 26,152.0,289.0,d5f3,quiet,20,0.134942,137.0,0
r3k2r/pp1n1pp1/3bpn1p/q2p1b2/2P5/1PN2N2/PB2BPPP/2QR1RK1 w q - 0 12,39.0,175.0,c4d5,capture,29,0.176616,136.0,0
5rk1/3nbppp/b3p3/2Pp1n2/2q1P3/PNN3PP/1BP2PB1/3Q1RK1 b - - 0 17,-133.0,-162.0,f5g3,capture,26,0.035021,29.0,0
8/8/1P1R4/8/p1k5/r7/3K4/8 b - - 0 77,-24.0,115.0,a3b3,quiet,6,0.194192,139.0,0
1kb1r3/pp2q2r/2p3n1/7N/4Pp2/P1R4P/P3Q1P1/3B1RK1 b - - 1 25,-52.0,-65.0,e7e5,quiet,21,0.018186,13.0,0
r3kb1r/1ppb1q2/2n2npp/p3p3/4N2P/2PPBP2/PP6/R2QKBNR b kq - 3 10,131.0,190.0,e8c8,quiet,28,0.069012,59.0,0
1r1q1r1k/1p3n1p/pNpb1p2/P2p1b2/1n1P4/2P3Pp/1P2RP1N/R1BQ1BK1 b - - 0 18,-19.0,53.0,b4d3,quiet,29,0.103003,72.0,0
8/1kb5/pr6/8/8/8/Q1K5/8 b - - 17 60,-5.0,-11.0,b6c6,quiet,6,0.008630,6.0,0
2r2q2/4k3/p2ppnQp/R7/1nP4r/2N2P2/1P2BP1P/4K1R1 w - - 6 25,177.0,151.0,a5a4,quiet,21,0.030172,26.0,0
4r1k1/1pB3p1/p6p/3P1q2/2Pr4/1P5P/P5B1/5RK1 w - - 0 23,-487.0,185.0,f1f5,capture,17,0.686494,672.0,0
8/1r4k1/R6p/6p1/5P2/6PK/8/8 w - - 3 46,63.0,104.0,f4g5,capture,8,0.055669,41.0,0
2rq1rk1/1b1n1pbp/p3p1p1/1p6/3PBN2/1P4P1/PBP1QP1P/R4RK1 b - - 0 12,-27.0,-31.0,b7e4,capture,27,0.005716,4.0,0
1R6/3rkp2/4p3/7R/1p6/1nBP4/4PP2/5K2 b - - 0 31,-455.0,-344.0,b4c3,capture,13,0.053382,111.0,0
1r3k2/2r2Pp1/R1pN2R1/4p2p/4K2P/3P1P2/8/2n5 w - - 0 32,317.0,222.0,a6a4,quiet,16,0.079043,95.0,0
r3kb1r/1p4R1/p1pp1n2/q1n1pB1b/4P2P/1P3N2/PBPNQP2/R3K3 w Qkq - 7 14,133.0,95.0,g7g5,quiet,27,0.049163,38.0,0
8/6pk/p7/1r1R1b2/2p2P1p/5N1P/6P1/6K1 w - - 0 41,-51.0,-180.0,d5b5,capture,13,0.165237,129.0,0
1r3r1k/q4ppb/4p2p/2bpP2P/p1p5/P1B1PBP1/R1P1QP1K/3R4 w - - 17 35,20.0,-17.0,a2a1,quiet,26,0.053196,37.0,0
1k6/ppp3p1/1q6/3Pb2p/P5bP/4Q1P1/1PR3B1/4K2R b - - 0 23,-300.0,956.0,b6e3,capture,19,0.844963,1256.0,0
2kr2nr/ppp2qpp/5p2/4p3/3nP3/P2PB2P/P4P1P/R1Q1KB1R w KQ - 3 9,-100.0,-32.0,e3d4,capture,26,0.094143,68.0,0
r3r1k1/pp3pp1/4bn1p/2bnN3/5P2/2P1N1P1/PP2R1BP/R1B3K1 w - - 1 17,-144.0,-15.0,c3c4,quiet,25,0.174555,129.0,0
2rqrbk1/1b1n1pp1/p6p/4p3/1PNp3n/3P1N2/3B1PP1/R2QRBK1 w - - 0 17,-179.0,-189.0,f3h4,capture,26,0.011005,10.0,0
r1b3r1/2kn1ppp/2p3n1/8/1b1B3P/PPN2P2/5KP1/R4BNR b - - 0 15,-124.0,58.0,a8a3,capture,23,0.253942,182.0,0
8/6k1/6pp/3P4/4RpP1/4p2K/3r4/8 b - - 1 47,402.0,484.0,g6g5,quiet,10,0.031884,82.0,0
8/1k6/p1p5/7p/KP3n2/P4B2/8/8 b - - 2 47,101.0,275.0,b7b6,quiet,9,0.188243,174.0,0
r2qk2r/4nppp/npp1p3/6P1/1b1PbN2/P1N5/1B5P/2RQKBR1 b kq - 0 11,90.0,127.0,b4c3,capture,26,0.048341,37.0,0
4r3/p5q1/kp1n3p/2pQ1p2/8/P6P/P3PP1K/2B2R2 b - - 4 22,110.0,140.0,g7d4,quiet,18,0.038019,30.0,0
2rq1rk1/Q2b1pp1/4p3/2p4p/1n3P2/3BPN1P/PP2K1P1/R1R5 w - - 1 15,-95.0,-39.0,a7a3,quiet,23,0.077517,56.0,0
r1q1k2r/pp2npp1/2n1p3/2bp3p/5B1P/1QP2PP1/PP1N1P2/R3KB1R b KQq - 0 10,-57.0,96.0,a7a5,quiet,28,0.216045,153.0,0
2r1k2r/pq1p1pp1/3b4/1P2n3/P1p3p1/8/1P2PP1P/RN1QR1K1 w k - 0 17,-229.0,-21.0,d1d6,capture,23,0.258702,208.0,0
4k2r/2r1bpp1/1NP1p3/1P2PP1p/p3q3/P3B2P/3Q2P1/3R2K1 b - - 0 30,-174.0,-207.0,e4e5,capture,22,0.035647,33.0,0
3r4/4r1p1/1pkn1b1p/p1pp1p1P/P7/1P1BP1P1/5P2/2RRBK2 w - - 28 47,-192.0,-154.0,f1g1,quiet,23,0.043074,38.0,0
r1bqkb1r/1p2np2/4pn2/p7/3P1N1p/2P2P1B/PP2Q3/RNB1K2R w KQk - 3 12,-45.0,-19.0,h3f1,quiet,26,0.037085,26.0,0
8/5kp1/4n2p/5N2/4K1P1/8/8/8 w - - 2 62,-51.0,-120.0,e4e5,quiet,7,0.093267,69.0,0
r4bnr/1pp2kp1/p6p/3qpp2/1P2NP2/P2P3P/2P1Q2P/R1B2RK1 b - - 0 9,29.0,73.0,e5f4,capture,26,0.061899,44.0,0
8/8/1p6/1p5R/2p3KP/P1r5/1k6/8 w - - 0 50,-356.0,-305.0,h5b5,capture,9,0.033204,51.0,0
2rq1rk1/pQ2ppbp/2np2p1/3N2Bn/2P3b1/P7/1P2PPB1/R3K1NR b KQ - 2 9,25.0,72.0,d8a5,quiet,27,0.066242,47.0,0
r2q1nk1/pbb3p1/2R1p3/1p3p2/3P1P1p/3N3P/PP4B1/3Q1RK1 w - - 1 19,152.0,12.0,c6c7,capture,23,0.188519,140.0,0
r3k2q/3b4/3p1p2/p1pPpP2/2BnP3/1P2B3/P5Q1/2KR4 b - - 2 26,-132.0,-115.0,e8d8,quiet,20,0.021614,17.0,0
2k3r1/1q1r4/npp1pp2/3p1p2/P2PnB1p/1Q1N3P/1R4P1/2R3K1 w - - 2 22,-202.0,6.0,b3b6,capture,23,0.270476,208.0,0
5r2/5p2/k1q3pp/p3P3/P1p1pP2/2p1r2P/2Q2R2/3R2K1 w - - 0 38,-442.0,-101.0,d1d6,quiet,19,0.285803,341.0,0
r2qkbr1/pp5p/n1n1b3/1N1pN3/P5P1/8/1B1PP1B1/2RQK2R b q - 0 15,-132.0,-42.0,c6e5,capture,24,0.121172,90.0,0
r6r/p1q2k1p/p1pRn1p1/3p1p2/N4P1Q/BP1P4/2P3PP/6K1 w - - 3 17,-121.0,-155.0,d6e6,capture,23,0.041936,34.0,0
rn1q1rk1/p2p2pp/1p2p3/5p2/2B2P2/1PN1Q1PP/PB6/R3K2n w Q - 0 12,24.0,-38.0,e3f3,quiet,24,0.088953,62.0,0
r1bbk1nr/1qp5/p1np2pp/1p1NppN1/1P3P2/1BP5/P3Q1P1/R1B2K1R b kq - 0 12,148.0,135.0,e5e4,quiet,29,0.015918,13.0,0
2k1r2r/pbpq1p1p/1p1p2p1/3P3n/P7/2P2BP1/2P2P1P/R1BQR1K1 w - - 1 16,22.0,56.0,e1e8,capture,26,0.048281,34.0,0
1kr1b3/p7/3b1B1p/5Rp1/1Pp2p2/8/P2P2PP/5R1K b - - 0 29,-195.0,-154.0,e8c6,quiet,18,0.046288,41.0,0
r4r1k/1p4bp/2p2qp1/3npb2/2N5/1PP2PP1/P3QBBP/R3K2R w KQ - 6 18,-135.0,-115.0,a2a3,quiet,25,0.025352,20.0,0
3r3k/p1p2R1p/2n4q/4p3/2Q1N3/1PP5/P3N1PP/7K b - - 4 22,-188.0,-374.0,h6g6,quiet,18,0.149028,186.0,0
2kr2r1/1p2n2p/p1p5/1P2N2p/2P2p2/3p4/P2P2B1/R4RK1 w - - 2 22,45.0,136.0,b5a6,capture,20,0.121900,91.0,0
3rn1k1/1R2pp1p/2Nq2p1/2p5/r1b2PP1/p1Q5/P3P1BP/5RK1 b - - 0 26,-18.0,23.0,d8d7,quiet,23,0.058932,41.0,0
7b/4k3/8/r6P/5R2/8/2N1K3/8 w - - 3 56,187.0,59.0,h5h6,quiet,7,0.161722,128.0,0
r4b1r/5pp1/1nk2p2/p2p1N1p/5B1P/P1P5/1P3PP1/2KR3R b - - 3 18,-103.0,-72.0,f8c5,quiet,22,0.041876,31.0,0
8/5k2/p4p2/1p1r3p/4KP2/P5R1/8/8 b - - 1 64,262.0,341.0,d5c5,quiet,10,0.058059,79.0,0
r3k1r1/pp3ppp/2n1b3/3p4/1P2n2q/P3QR2/1BP2PP1/2KR1BN1 w - - 2 14,23.0,133.0,b4b5,quiet,25,0.149519,110.0,0
4k2r/p2bq3/1p1p4/2pB4/2Pp1P2/P5R1/1P2N2p/1K2Q3 w k - 0 33,114.0,-54.0,e1d2,quiet,19,0.235507,168.0,0
b7/6k1/3np3/7R/3PpPP1/8/5K2/8 w - - 1 47,82.0,4.0,h5g5,quiet,10,0.110108,78.0,0
8/5k2/8/4P3/4b3/7P/5KP1/8 w - - 12 64,-23.0,-67.0,h3h4,quiet,6,0.062192,44.0,0
1k1r1bnr/2pq1pp1/bp2p2p/3pP2P/Pp1P4/2P4R/3NNPP1/R1BQK3 w Q - 0 11,89.0,80.0,d1b3,quiet,29,0.012215,9.0,0
r1b3k1/1p3Rb1/2pq3p/8/PpPpBN2/1Q2p1P1/1P2P3/1K6 w - - 2 27,93.0,352.0,c4c5,quiet,21,0.252798,259.0,0
1b1q4/3b1ppk/5n2/2Pp4/3Pp2p/1P2N1P1/3BBP1P/R5K1 w - - 0 28,-247.0,-254.0,b3b4,quiet,21,0.006232,7.0,0
2rr1bk1/p2b1pp1/7p/2PNp3/1P2B2P/6P1/5P2/R3R2K b - - 0 26,97.0,34.0,d7e6,quiet,20,0.087303,63.0,0
3rkr2/1b3n1p/1p2BQ2/pP1NpP2/1bq4P/3n4/PB1P1NP1/R4RK1 w - - 5 19,313.0,304.0,d5b4,capture,26,0.006416,9.0,0
rn2k2r/1pq1nppp/p3p1b1/P1pp4/1b1PPN1P/1PNQ1P2/2PB4/R3KB1R b KQkq - 0 10,88.0,83.0,d5e4,capture,31,0.006777,5.0,0
6k1/4pp1p/n1B3p1/2pPP1P1/7P/prN5/8/R5K1 w - - 3 29,93.0,45.0,c3e4,quiet,17,0.066330,48.0,0
1k2r3/3r1n1p/Q2nq1p1/1PB2p2/7P/N4P2/P5P1/3R2K1 w - - 3 25,56.0,14.0,b5b6,quiet,19,0.059763,42.0,0
2q3k1/1r3pb1/r3pnp1/3pN2p/p1pP2P1/P1N1PQ1P/1PPR1PK1/1R6 b - - 0 17,-195.0,10.0,a6a7,quiet,27,0.268841,205.0,0
r1bq1rk1/1p2npp1/2p4p/3p1n2/Pb1Pp3/1NN1P1P1/1BP1BP1P/R2Q1K1R b - - 8 17,141.0,167.0,f5d6,quiet,30,0.030924,26.0,0
r6k/P7/R6P/5nP1/8/5K2/8/8 b - - 6 51,-367.0,-243.0,f5d4,quiet,8,0.090127,124.0,0
8/8/5p2/8/5k1P/8/4K1P1/8 b - - 0 68,-108.0,-57.0,f4g4,quiet,5,0.069303,51.0,0
2r5/5pk1/1q2b1p1/3nP3/1B1RN1Pr/5P2/2P3B1/Q5K1 w - - 3 27,-122.0,-107.0,b4e1,quiet,18,0.019400,15.0,0
r1b2rk1/1pb2p2/2p2n1p/p1n5/2B2PpP/P1N1P1N1/1P1B2P1/R2K3R w - - 3 13,-126.0,-100.0,d1c2,quiet,26,0.033711,26.0,0
5r1k/pp4bp/2r4p/3N4/P1Pp1Pq1/1P1Q4/6P1/4RK1R w - - 1 22,-92.0,-53.0,h1h3,quiet,20,0.053702,39.0,0
8/4k3/2P1b3/8/1P6/5B2/8/4qQK1 b - - 16 78,-89.0,-69.0,e1b4,capture,8,0.027338,20.0,0
7r/p7/p1k1b3/2Bp1p2/3Pp3/1P6/P1PPN2r/R2K2R1 w - - 4 26,78.0,218.0,e2f4,quiet,19,0.167746,140.0,0
k7/4r3/7B/2Q5/7P/6P1/5PK1/3qbR2 w - - 2 45,357.0,960.0,c5e7,capture,11,0.109577,603.0,0
Q2R4/6kp/2p1r3/1p4p1/8/P6P/2P3n1/7K b - - 0 43,-467.0,-784.0,g2f4,quiet,13,0.052823,317.0,0
1k2n3/1p6/p1pb1p2/2Np1P2/P2P2Pn/1P5B/2P5/1KB5 w - - 3 32,121.0,179.0,c2c3,quiet,19,0.069576,58.0,0
3rkb1r/pb5p/n1p2p1n/1p2q1pP/1P6/P1PBBN2/5PP1/RN1QK2R b KQk - 5 10,46.0,1.0,e5d5,quiet,28,0.064376,45.0,0
r1bnkbnr/pp3pp1/2p5/4N3/4PP2/PPN4p/R1P4P/2B1KB1R w Kkq - 0 10,-28.0,33.0,e5d3,quiet,26,0.087557,61.0,0
1k6/1pb5/4PK2/8/q7/4N3/8/3R4 b - - 2 48,276.0,583.0,a4f4,quiet,8,0.135856,307.0,0
r3k1r1/1ppqbp2/p6p/2n1Q3/3pPB2/6P1/PPPNK2P/R4R2 b - - 0 19,-6.0,58.0,d4d3,quiet,24,0.091336,64.0,0
r5nR/2p1p3/5pk1/2BP1b2/6p1/8/2n1B3/2R3K1 b - - 1 27,48.0,27.0,g6g7,quiet,15,0.029863,21.0,0
1rb1k2r/q1p2p1p/5p2/1p2P3/2p5/1nB2P2/2Q1N1PP/4KB1R w k - 0 19,-182.0,-266.0,e5f6,capture,22,0.081856,84.0,0
rnb1k2r/pp1p2bp/2pq1np1/8/1PP1pN1Q/P3P2R/3P1N2/R1B1KB2 b Q - 0 11,55.0,108.0,d6e5,quiet,28,0.072108,53.0,0
2k5/1p4R1/1Bpb4/6Pp/4b2n/P4r1P/1P6/3R2K1 w - - 0 29,151.0,263.0,d1d6,capture,16,0.115061,112.0,0
2k5/2p2p2/1p5B/1P1q4/3P2p1/1P2P3/3K4/2R5 b - - 1 33,118.0,253.0,d5b5,capture,13,0.147405,135.0,0
r1bqkb1r/ppn5/2p1pp2/5npp/2BP4/P1N1PN1P/1P1Q1PP1/R1B1K2R w KQkq - 1 9,15.0,173.0,e3e4,quiet,30,0.208672,158.0,0
2r3k1/5p2/4p2p/p2p4/3P3n/P1P3B1/5PP1/1R4K1 b - - 0 32,-20.0,30.0,h4f5,quiet,16,0.071817,50.0,0
r1bqkb1r/p1p4p/4p1p1/1p2Pp2/4P3/8/PPQ1P1BP/RNB1K2R b KQkq - 0 9,-195.0,-139.0,c8b7,quiet,26,0.064448,56.0,0
8/1p2r1k1/p7/2N3pp/PPP5/b4PP1/2R5/5K2 w - - 3 40,56.0,34.0,c2e2,quiet,15,0.031125,22.0,0
r2k3r/1pp1n3/p2b3p/4N3/q3P2P/P1B5/1P3Q2/2KR2R1 b - - 2 27,-127.0,-243.0,h8e8,quiet,20,0.126956,116.0,0
8/3k4/4p1pp/1P2p3/3bNnK1/7P/8/3B4 b - - 21 55,245.0,244.0,f4d5,quiet,12,0.000909,1.0,0
3r2k1/pp3pp1/P1p1r3/3N3p/6bP/6P1/1PPb2BK/R4R2 b - - 0 21,129.0,202.0,b7a6,capture,21,0.084282,73.0,0
r1b1kq1r/p1pp4/4p2p/2p1Q1B1/8/2N5/PPn2PPP/2R2RK1 b - - 1 16,-144.0,-114.0,h6g5,capture,23,0.037714,30.0,0
8/6k1/p1p2p2/1r3B2/3p2p1/P2P1PP1/3NP3/5KN1 w - - 0 35,426.0,589.0,f3g4,capture,16,0.046682,163.0,0
2r1kbnr/pb1p1ppp/q3p3/8/1n2P3/1Q1P3N/P2B1PPP/1R2KB1R w Kk - 4 9,-294.0,-75.0,d2b4,capture,27,0.238252,219.0,0
2rR4/7k/1n3Bp1/p5P1/P4P2/6K1/8/8 w - - 3 46,472.0,396.0,d8c8,capture,11,0.030855,76.0,0
r4rk1/pp2qnpp/8/5p2/P4n2/4pN1P/Q5PK/2R2B1R w - - 0 19,-234.0,-218.0,f1c4,quiet,21,0.015492,16.0,0
2r1k2r/3bnp1p/pp1Q1Rp1/1P1pP3/3P3q/P1N2B2/8/2BK4 b k - 0 19,428.0,566.0,h4d4,capture,22,0.041403,138.0,0
1r3k2/K4p2/2PR4/6R1/5P1p/8/8/2r5 b - - 3 58,-211.0,0.0,b8b3,quiet,10,0.271114,211.0,0
1r1r3k/6p1/Q3pp1p/4n3/2nq3P/6P1/R2B1PB1/3R2K1 b - - 4 35,226.0,224.0,c4d2,capture,19,0.001943,2.0,0
1kr5/8/3n1p2/p1p5/PbP3PR/1N3P1P/8/2R2K2 b - - 1 36,-163.0,-317.0,d6f7,quiet,16,0.142384,154.0,0
8/8/2k5/p7/8/1P6/1K5R/4r3 w - - 6 75,-40.0,22.0,h2c2,quiet,6,0.088930,62.0,0
1r2r3/2p1kpp1/4q2p/3pnb2/PP2B3/2P3P1/4Q2P/RNB2RK1 b - - 0 17,-95.0,136.0,f5e4,capture,23,0.319708,231.0,0
r7/r2k4/4pp2/n2p2p1/3P2Pp/2PNBPbP/8/R2K3R b - - 0 34,15.0,204.0,a5c4,quiet,20,0.242351,189.0,0
8/8/3K4/1p5k/1P5P/8/8/8 w - - 0 65,247.0,352.0,d6c6,quiet,5,0.077901,105.0,0
B3k2r/p2bn3/1p1q1p2/1P5P/2pP1N2/4P3/PQ5P/5KR1 b k - 0 20,-104.0,-156.0,e7f5,quiet,20,0.065188,52.0,0
rb3Q2/1p1q3k/4p3/3p2p1/p2pb3/B3P2P/2r2PP1/R5KR w - - 2 28,-399.0,-557.0,f8f6,quiet,21,0.052458,158.0,0
r4rk1/1p2b1p1/4qn1p/8/1pPP1R2/1Q3NPP/3N1PK1/1R6 b - - 2 20,58.0,61.0,a8a3,quiet,21,0.004193,3.0,0
r5k1/8/7p/8/p3R3/2r5/5PPP/1R4K1 b - - 0 39,50.0,20.0,a4a3,quiet,11,0.042713,30.0,0
3r1rk1/p1q1bpp1/b1n2n1p/4p2P/P1N1P3/1QP2N2/1P2BPP1/R1B1K2R b KQ - 0 13,-9.0,56.0,f6e4,capture,28,0.092849,65.0,0
r2n3r/2k3Np/p2p4/1p1B4/2pPP1Q1/2P5/5P2/R3K3 b Q - 1 22,-553.0,-867.0,h7h5,quiet,18,0.033044,314.0,0
7k/4R1pp/3b4/1p6/1P1B4/P5P1/5P1P/6K1 b - - 0 31,-516.0,-327.0,d6e7,capture,13,0.083333,189.0,0
1k1r4/pppb4/8/3Q4/5q2/1PK5/P1P2n2/R6R b - - 5 32,438.0,729.0,f4f6,quiet,15,0.059551,291.0,0
4k1r1/p4p2/p1R5/7p/P4Pn1/1r6/4K1P1/6NR b - - 4 25,192.0,189.0,g8g6,quiet,15,0.003241,3.0,0
2r2k2/4n1p1/1p6/1QbP1P2/1p2P3/8/P3K1Bq/2R1B3 w - - 1 29,118.0,-263.0,c1c4,quiet,17,0.483220,381.0,0
5k2/3p1N2/b2N1np1/p1Kp1P1p/1r6/8/6PP/4R3 b - - 2 29,282.0,223.0,d5d4,quiet,16,0.052175,59.0,0
8/8/5K2/1QP1p2p/3p4/k7/7r/8 b - - 0 56,-204.0,-422.0,e5e4,quiet,8,0.155104,218.0,0
1rb2rk1/2pp2p1/2nqp3/p4p1p/P2P2nP/2Q1PN2/1P1NBPP1/2R2RK1 w - - 0 13,-21.0,101.0,d2c4,quiet,28,0.171575,122.0,0
6K1/Q5B1/P1q5/7r/4p3/k3Pn2/5P2/8 b - - 2 61,152.0,306.0,c6e6,quiet,11,0.147613,154.0,0
1r1qk3/5p1p/2n1bnr1/p1bp2p1/8/P1NQ1N1P/1BP2PB1/2KRR3 w - - 6 14,-69.0,-65.0,h3h4,quiet,25,0.005548,4.0,0
2k3nr/1bp2pb1/1p2p1n1/6B1/p6p/2P2P1N/PP2BNPP/4K1R1 w - - 0 17,-39.0,-46.0,f2d3,quiet,24,0.009924,7.0,0
rnbqk2r/4b1pp/2p1pn2/p4p1P/Pp1P1P2/1Q2PN2/3N2P1/R1B1KB1R w KQ - 1 11,-50.0,21.0,h5h6,quiet,29,0.101648,71.0,0
r1b1k2r/ppp2pb1/3p1n1p/4q1p1/P1B1P3/2P2N1P/1P2QPP1/R1B2RK1 b q - 1 11,-126.0,-29.0,e5e4,capture,28,0.132138,97.0,0
r1bq1rk1/1ppnb2p/4p2B/4PNpP/p5p1/2P1Q3/P2N1P2/R3KB1R b KQ - 0 15,-139.0,221.0,f8f5,capture,27,0.471122,360.0,0
r3k1r1/4p2p/1qbp1n2/p1n4P/3R4/2P1BP2/2P3P1/3QKB1R w Kq - 3 15,-203.0,-188.0,d4f4,quiet,22,0.015972,15.0,0
2r3k1/6bp/4Npp1/3qn3/5P2/8/R1p3PP/2R3K1 w - - 0 32,-852.0,-1133.0,f4e5,capture,16,0.005890,281.0,0
r1bq1rk1/pp2b1pp/2np1n2/4pp2/2P5/3B1P1N/PPNB2PP/R2Q1R1K b - - 1 12,136.0,168.0,d8b6,quiet,29,0.038238,32.0,0
r3k2r/pp1qbppp/3p1n2/2pPn3/P1P5/1PN3N1/5PPP/R1BQK2R b KQ - 1 9,-21.0,49.0,h7h5,quiet,28,0.100238,70.0,0
r3kb1r/ppp2p1p/2n1bp2/2Pp3q/3P1B2/2N2N2/PP2P1BP/R2Q1K1R w - - 2 9,159.0,325.0,d1b3,quiet,28,0.152478,166.0,0
2kr1b1r/1pp2p2/2n1b2p/p2qp1P1/3p3R/3P1N2/PPP1QP2/R1B1KB2 w Q - 1 10,-195.0,-149.0,f1g2,quiet,27,0.052271,46.0,0
3q1r2/1p1nk3/r7/P1p2PN1/1p1p1Q1P/2nP4/2P3R1/R5K1 b - - 0 25,-17.0,50.0,d8b8,quiet,20,0.095909,67.0,0
7k/6p1/3N1b1p/2B2P1P/p3B1P1/P3K3/br6/8 w - - 1 43,-19.0,-62.0,e4c6,quiet,15,0.060974,43.0,0
2r2rk1/1p2qpb1/4bnp1/pN1p3p/P4B1P/1R3PP1/1PP1B1K1/3Q3R b - - 3 18,66.0,37.0,d5d4,quiet,26,0.040808,29.0,0
k7/7R/p7/P3r3/8/KP6/8/8 w - - 6 53,164.0,203.0,b3b4,quiet,7,0.042966,39.0,0
3r3r/pp3k2/5q2/7P/P1P3Q1/1P2R1P1/4B3/2B1K2b b - - 0 23,-120.0,-147.0,h1c6,quiet,17,0.033630,27.0,0
6k1/1R3ppp/1b6/6P1/5B2/3K4/1r6/8 b - - 12 41,218.0,130.0,f7f6,quiet,10,0.099332,88.0,0
1b6/5k2/8/5pPR/3B4/4P1P1/5PK1/2r5 w - - 1 58,461.0,569.0,h5h7,quiet,11,0.029336,108.0,0
r1b4r/p3qk2/2p1p1n1/5n2/4NP1p/7R/P1PQBKP1/3R4 w - - 1 19,-138.0,-16.0,f2g1,quiet,21,0.165764,122.0,0
3rk3/Qp2n3/2p1q1p1/4Nr1p/8/2B2P2/PPP5/1K2R3 w - - 1 27,0.0,148.0,a7b7,capture,18,0.200977,148.0,0
rr4k1/2b4p/2P1p3/pP3p2/8/P1N5/4N1PP/2R1K2R w - - 1 21,423.0,467.0,e1d2,quiet,18,0.016874,44.0,0
5k1r/3b1nR1/1p3p1P/2p1bP2/p2pP3/P2P3Q/1PP5/6RK w - - 1 35,633.0,915.0,h6h7,quiet,21,0.020353,282.0,0
5kr1/1B3p2/4n3/7P/3bN3/8/2K2P2/7R b - - 2 32,-170.0,-95.0,g8g2,quiet,11,0.093422,75.0,0
rn3b2/2k5/p1p2p2/2q5/2BRQ3/8/PPP2P1r/2K3R1 w - - 1 17,-79.0,-107.0,c1b1,quiet,18,0.037524,28.0,0
1r4k1/B7/6bp/3p4/5p2/5Q1P/4R1PK/3q4 w - - 0 40,120.0,564.0,a7b8,capture,13,0.296413,444.0,0
8/5p2/1R1Npnk1/1P6/8/6K1/8/2r5 b - - 2 46,186.0,143.0,c1c3,quiet,9,0.049821,43.0,0
4b1k1/r2q4/r5pp/3pPp1n/1bpP1P1P/1pN2NP1/1P1BQ2K/5R1R b - - 0 41,108.0,33.0,e8f7,quiet,26,0.103256,75.0,0
8/3r1k2/4b3/2B1P1pp/R7/2P1K1P1/8/8 b - - 2 31,-65.0,-132.0,e6g4,quiet,11,0.088856,67.0,0
8/k2BK3/6P1/p1r5/1p6/8/8/8 w - - 0 65,-43.0,-81.0,g6g7,quiet,7,0.052933,38.0,0
r1q2rk1/p3n1b1/B1ppP2p/3Ppp2/8/8/1P3PPP/R1BQ1RK1 b - - 0 16,53.0,-91.0,c8c7,quiet,24,0.203732,144.0,0
8/5pk1/6p1/1prB2P1/p3pP2/P2bP3/3P3R/3K4 w - - 10 35,-42.0,-135.0,d5b7,quiet,16,0.124909,93.0,0
2bq1k2/3n3p/3N1nr1/2p1p3/1p6/1N3P2/rP3Q1P/3RKB1R b K - 0 19,-18.0,-8.0,d8c7,quiet,21,0.014370,10.0,0
6r1/2k5/2r5/pp4P1/5R1P/1b6/8/1K2R3 w - - 0 34,-96.0,-196.0,e1e5,quiet,11,0.120776,100.0,0
6k1/8/r5p1/7p/1p3P1P/1Nn4R/4pKP1/3rR3 b - - 0 37,423.0,310.0,g8g7,quiet,15,0.063204,113.0,0
1r1qkb1r/4n1pp/p7/5b2/3P1N1P/2Qp4/PP3PP1/R1B1K2R w k - 0 16,-118.0,-96.0,f4d3,capture,23,0.028831,22.0,0
r5k1/2B2pp1/2p1pqn1/1p1p1n2/3P4/1BP2P2/2PQ3P/6RK b - - 13 28,-32.0,165.0,g8h7,quiet,21,0.267000,197.0,0
8/8/8/4Rp2/1k2bB1p/7r/4K3/8 w - - 0 58,-263.0,-297.0,e5e7,quiet,8,0.027148,34.0,0
2r4r/pp3k1p/3ppqpB/2p1b3/2PnP1BP/3P4/PP1Q4/R3K2R w - - 0 18,-222.0,-149.0,h6g5,quiet,25,0.079915,73.0,0
r1b1k2r/pp1ppp1p/n7/1N2Q3/P7/2Pq2P1/3PN1B1/R1B1K3 b Qkq - 5 14,-102.0,-87.0,f7f6,quiet,23,0.020063,15.0,0
r2qr1k1/1p3pp1/p1pb1nbp/8/P2P4/2N3P1/1PPB1QBP/R4RK1 b - - 3 14,93.0,127.0,g6c2,capture,26,0.044310,34.0,0
5R2/pkp5/1p6/3b2p1/3P4/2PK4/PP1Nr1r1/3R4 b - - 11 25,341.0,255.0,d5a2,capture,16,0.064115,86.0,0
1R6/4r1k1/5r2/5B2/4p2p/7P/2P2P2/5K2 w - - 5 46,3.0,-73.0,b8b5,quiet,11,0.107854,76.0,0
r2k1b1r/1p3p2/p1b2N2/3pn1pP/7n/1PP1BP2/P1N1BK1P/3R3R b - - 4 19,-19.0,-117.0,d8c7,quiet,25,0.134972,98.0,0
r3k3/pp3p2/2ppn1p1/4p3/2P1P2q/3PQ3/PP3P2/R3KN2 b Qq - 5 18,259.0,277.0,e6d4,quiet,21,0.015037,18.0,0
1r6/8/8/2B1kp2/1P6/5BKP/8/8 w - - 2 56,370.0,364.0,h3h4,quiet,8,0.003324,6.0,0
1r3nk1/1r6/Rp2p1pp/3bB3/7P/5PK1/P5P1/2RB4 b - - 4 35,-278.0,-211.0,b8d8,quiet,18,0.060946,67.0,0
r3k2r/pp1n1pp1/2pbpn1p/q4b2/2PP4/1PN1QN2/PB2BPPP/3RK2R w Kq - 8 9,71.0,100.0,e1g1,quiet,30,0.039287,29.0,0
3Qb3/5p1k/4p1pp/8/4P1PP/5P2/7K/2r5 b - - 12 57,-77.0,-252.0,e8b5,quiet,13,0.201063,175.0,0
3r4/1p4k1/p3rpp1/1p2p3/3b2P1/P2P1R1P/1B1P4/5R1K w - - 1 25,-256.0,-232.0,b2d4,capture,19,0.021863,24.0,0
4k2r/r2n1ppp/p2Bp3/2pb2P1/2N5/7P/P4R2/2K2B2 w - - 1 19,-191.0,-190.0,f1d3,quiet,19,0.001080,1.0,0
3r2k1/1pp3p1/5pb1/6Pp/pPP1r2P/P2P1P2/1BK2Q2/4qB1R w - - 0 29,-247.0,-155.0,f2e1,capture,23,0.096273,92.0,0
4r1k1/2p2p1p/p5pb/2P5/P2Pq3/2Q1B3/4K2P/1R5R w - - 2 25,149.0,-59.0,h1e1,quiet,18,0.286284,208.0,0
1n1r2k1/rb3p1p/1p2pqp1/p1p1N3/3P4/2P3PB/PP3P1P/2RQR1K1 b - - 4 13,-43.0,-27.0,b8c6,quiet,26,0.022790,16.0,0
7k/r7/1p2qp2/1Bp5/P6P/2P1b1p1/1KQ5/5R2 w - - 0 40,-206.0,-110.0,f1f3,quiet,15,0.112778,96.0,0
8/8/1n3b2/2k5/3N4/3K4/1R6/8 b - - 0 71,-132.0,-1.0,f6d4,capture,6,0.179883,131.0,0
6R1/8/2r5/5n2/7p/B4k2/7K/8 b - - 17 68,118.0,111.0,f3e2,quiet,7,0.009054,7.0,0
8/ppp5/2krQ3/8/3B4/q1P1K3/P4P2/6Nb w - - 4 30,-42.0,0.0,e6e8,quiet,14,0.060150,42.0,0
1k5r/1pp3R1/p7/3B4/Pb6/3p4/R2Pnn2/1KB5 b - - 0 27,185.0,129.0,h8d8,quiet,16,0.066074,56.0,0
r1b1k1n1/p2p3r/1p3p2/2PP2p1/1P6/1N1QBq2/2P2P1P/4KB2 w q - 0 15,0.0,236.0,d3h7,capture,22,0.295520,236.0,0
8/1k6/3p4/1p2n1P1/8/2p5/P6R/7K w - - 0 40,0.0,-28.0,h2c2,quiet,9,0.040208,28.0,0
r2k3r/2pb2q1/3p2Bp/7P/1Q6/P3R1P1/8/1K3R2 b - - 0 28,-92.0,-95.0,a8a4,quiet,16,0.004019,3.0,0
1k6/1p1r1ppp/p1p1p3/4Pq2/P1P5/1P5P/6P1/4Q1RK w - - 1 27,-3.0,-131.0,a4a5,quiet,19,0.175753,128.0,0
5r2/2p3p1/2k5/2q5/7P/3PN2Q/P4r2/2R3K1 w - - 0 32,-62.0,803.0,h3e6,quiet,13,0.578557,865.0,0
8/1p1r2k1/2n3p1/p3p2p/P3P3/2P1Pq2/2Q2P1R/1R2K3 b - - 2 28,-32.0,10.0,h5h4,quiet,18,0.060309,42.0,0
8/8/8/8/8/p2PK3/2k5/B7 b - - 5 59,-126.0,-177.0,c2b1,quiet,5,0.060981,51.0,0
3qk3/rb1n1p1p/p3p3/1p3n2/5P2/1N2PN2/P1QPB1rP/2R1K2R w K - 0 17,95.0,52.0,e3e4,quiet,24,0.059127,43.0,0
1r2k2r/2Rb1p2/3p2n1/N2Ppp1p/p2bP2P/3N2P1/1P2BP2/R5K1 w - - 0 23,144.0,73.0,e4f5,capture,24,0.092592,71.0,0
2kr1b1r/ppp3p1/2n1bp2/4q2p/2p1P2P/P1N1B3/1PK3P1/R3QB1R w - - 2 13,-313.0,-225.0,a1d1,quiet,26,0.073338,88.0,0
1r3k2/1p3p2/2b5/p1r4p/2Bp4/R4P2/5KPP/4R3 w - - 2 37,-172.0,-246.0,c4d3,quiet,16,0.075615,74.0,0
1nbqkbn1/r6r/pp1p3p/2pPp1p1/P3PpP1/2N2P1P/1PPB4/R1NQKB1R b KQ - 0 10,-253.0,-145.0,a7b7,quiet,32,0.113634,108.0,0
4k3/8/2p5/6r1/4B3/8/K7/7R b - - 3 53,-143.0,-252.0,e8f7,quiet,6,0.115185,109.0,0
4r1k1/5rp1/1n5p/3p1p2/3P1QP1/1p1qP2P/2R2RB1/1K6 w - - 0 34,-83.0,-637.0,g4f5,capture,19,0.357855,554.0,0
r3kb2/1ppnpp2/p1r2n2/3q2N1/PP4Q1/N1P5/3P2PP/R1B2RK1 w q - 3 10,-66.0,-28.0,g4f5,quiet,25,0.053647,38.0,0
r1b4k/2p3b1/p1n2qpp/2Nr1p2/3P1N2/1P2pPP1/PB5P/2RQR1K1 b - - 1 20,-149.0,-91.0,d5d8,quiet,26,0.074138,58.0,0
r6r/pppk1q2/3p2p1/2P3P1/3Q1P1p/7b/PP3K2/R1B1R3 w - - 2 20,-122.0,19.0,d4a4,quiet,21,0.196011,141.0,0
4k2r/1Np1qp2/5n1P/P2Pp3/2p1P1b1/2P2Br1/1P2Q3/R3K2R w KQk - 1 26,149.0,184.0,f3g4,capture,22,0.040353,35.0,0
r1bqk2r/1pp3bp/n2ppnp1/pN6/5B2/5N2/PPP1QPPP/2KR1B1R b kq - 3 9,-131.0,-39.0,a6c5,quiet,29,0.124180,92.0,0
7r/pp1bnk2/3pp3/3p1p2/3PnNp1/PP2PP2/1BP1Q1P1/R3KBq1 b - - 0 16,30.0,115.0,e4g3,quiet,26,0.116642,85.0,0
r2r2k1/2q2pp1/2p1bnnp/4p3/pP2P3/4BNPP/2Q2P2/1R2RBK1 w - - 0 22,-151.0,-163.0,b1d1,quiet,25,0.014172,12.0,0
7r/pk1q2r1/1pn2R2/8/3PQ3/4B3/PP5P/R6K b - - 2 26,-89.0,62.0,g7e7,quiet,16,0.213641,151.0,0
6n1/k5p1/n1b5/Q1p1p3/P3P1pb/R5N1/1PP3q1/3K4 b - - 1 25,405.0,930.0,h4g3,capture,18,0.083849,525.0,0
3r2k1/p4pb1/4pnp1/4N3/P1pP1P2/1rN3PP/1n4K1/R1B2R2 b - - 0 24,50.0,169.0,b3c3,capture,22,0.154223,119.0,0
r3k2r/p2nn1pp/2pbq3/3p1p2/3Pp3/2P2PPB/PPN1Q2P/R1B1K2R b KQkq - 2 11,93.0,42.0,d7f6,quiet,28,0.070580,51.0,0
r3kb1r/pp1n1pp1/2p4n/3pP2p/P2P3q/2P1P2P/1P1NK2P/R1BQ1B1R w kq - 9 10,-208.0,64.0,d2f3,quiet,29,0.359128,272.0,0
r3k2r/p1ppbpp1/bp1qp1n1/7p/2PPP3/PB2QN1P/1B3PP1/R3R1K1 w kq - 2 16,69.0,126.0,e4e5,quiet,29,0.075762,57.0,0
2kr3r/p1p5/Ppb2qp1/8/4B3/5N2/3Q1K1P/R6R w - - 6 26,26.0,47.0,d2c2,quiet,17,0.029882,21.0,0
8/8/6p1/P6p/3pkP1P/8/4K3/1b6 b - - 0 51,505.0,708.0,b1d3,quiet,9,0.035109,203.0,0
r2qk2r/1b5p/p2b1ppn/1p1pn3/1P2P2P/2PBP3/Q2PN1P1/RNB1K2R w kq - 1 11,-58.0,-121.0,a2c2,quiet,29,0.084717,63.0,0
rnbqk2r/5npp/2p2p2/p2Pp3/Pb1P2P1/2N2N1P/1PQB1P2/R3KB1R b KQkq - 0 9,-308.0,-123.0,b4c3,capture,29,0.184860,185.0,0
8/p1kn4/2p3P1/4b2B/4R2P/1P6/2Pr4/1K6 w - - 1 47,70.0,-87.0,b1c1,quiet,13,0.222047,157.0,0
Q1bq1r2/4p1kp/8/1p1Bnp2/8/1P2BP2/P3N1PP/5RK1 w - - 2 20,694.0,627.0,e3d4,quiet,20,0.008282,67.0,0
6kr/3nppbp/3p2p1/1N1P4/2P2P2/3bB3/q2N2PP/2Q1K2R b K - 0 20,104.0,122.0,h7h5,quiet,22,0.023343,18.0,0
r1bqk3/pppp3r/7p/2bnPpp1/PnP5/4P3/5PPP/RNBQKB1R w KQ - 0 9,-51.0,62.0,c4d5,capture,29,0.161162,113.0,0
r1b2rk1/2qn1pb1/p2p1n1p/2pP2p1/1PP1Pp2/1P1B1N1P/RBN3P1/3Q1RK1 b - - 2 12,-21.0,12.0,f8e8,quiet,30,0.047447,33.0,0
8/8/8/p7/pkPK4/8/1P6/8 b - - 2 40,208.0,154.0,b4b3,quiet,6,0.059886,54.0,0
3r1k2/p5p1/1p2p2n/2pq4/4N2Q/1PRPP3/P3KP2/8 w - - 6 27,116.0,85.0,e4g3,quiet,18,0.041058,31.0,0
8/5rp1/4Qpk1/7p/8/P1R2qP1/KB6/8 b - - 1 37,-211.0,-223.0,f3d1,quiet,12,0.011963,12.0,0
7r/4k2p/5p2/2b2p2/b7/3B3P/5RP1/3R2K1 w - - 0 23,225.0,6.0,d1e1,quiet,13,0.276393,219.0,0
3k4/2R4R/8/1r6/2b1P3/5PK1/1pr5/8 w - - 0 48,-484.0,-574.0,h7d7,quiet,10,0.022651,90.0,0
6r1/ppp2p1n/4b1rk/7q/2P1N3/P2PPR1P/1Q4B1/5R1K w - - 10 24,-62.0,50.0,f3f2,quiet,21,0.159753,112.0,0
8/p3k3/4b3/P7/BP3p2/2NK1P2/4P3/2r5 w - - 0 39,59.0,94.0,d3d4,quiet,12,0.047969,35.0,0
5b2/1p1k1p2/2p1b1pr/7P/P2B1P1q/3P2N1/6QP/R5K1 w - - 1 26,-79.0,51.0,g2b2,quiet,19,0.184643,130.0,0
1R6/5k2/6p1/r1p5/P2p1r2/1N2b1K1/2R3P1/8 b - - 9 42,167.0,204.0,d4d3,quiet,13,0.040537,37.0,0
3r1bk1/5ppp/8/r3BB2/1pp4P/1b6/5PP1/2R1R1K1 w - - 2 32,-239.0,-232.0,e5c7,quiet,18,0.006566,7.0,0
1r1q1rk1/p1ppbppp/2nn4/3Q2P1/P4B2/2P4N/3N1P1P/R3R1K1 b - - 0 12,29.0,17.0,f8e8,quiet,25,0.017192,12.0,0
7Q/4kp2/2pr1q2/1p4p1/3P1bP1/2K5/3P4/1R5R w - - 8 48,-38.0,109.0,b1e1,quiet,15,0.206381,147.0,0
r6r/1pp3p1/2nb1k2/3bp1Np/p7/P2BB1PP/1P3P2/2KR2R1 w - - 4 24,-37.0,-65.0,g5e4,quiet,23,0.039419,28.0,0
r5r1/1ppnk2N/p3pp2/7B/5P1N/2P4P/PPK5/R7 b - - 0 25,-76.0,12.0,g8g7,quiet,19,0.124924,88.0,0
4k3/2r2pQ1/1pPqp3/pB1p1p1N/P2P3p/5Pn1/6P1/6K1 w - - 5 45,11.0,0.0,g7h8,quiet,20,0.015825,11.0,0
1rb1kb1r/5ppp/n3p3/1q2P3/pppRBNQ1/6P1/1PP2P2/1NB3K1 b k - 0 14,340.0,303.0,a6c5,quiet,26,0.025009,37.0,0
r2k1b1Q/1p1b4/2q2pr1/pNp1p3/2PpP3/3N1B2/4K3/RR6 b - - 1 25,128.0,20.0,d8e7,quiet,21,0.147551,108.0,0
5r2/1r5k/8/6p1/6N1/4P3/R4PK1/8 b - - 27 67,24.0,31.0,h7g6,quiet,9,0.010011,7.0,0
r2q1b1r/3bnkp1/p4n1p/1p1p1p1P/1P1PpN2/BQP1P1P1/5P2/RN2KB1R w KQ - 0 12,63.0,-18.0,a1a2,quiet,30,0.115564,81.0,0
8/6pp/3Q4/4pk2/1p3P2/1P3P1K/Pq5P/8 w - - 1 44,271.0,282.0,d6f8,quiet,13,0.008899,11.0,0
1b3rk1/5p2/6p1/2P3Qp/1p1RQ3/7q/5P2/4N1K1 b - - 2 33,-414.0,168.0,b8h2,quiet,15,0.640074,582.0,0
r1b1k2r/ppq1bpp1/7p/2pnp3/P6P/3P1N2/1PP1BPP1/R1BQ1RK1 b kq - 3 9,78.0,30.0,a7a5,quiet,28,0.067336,48.0,0
8/8/5P2/pk2p2R/1p3b2/1n3P2/1BNr4/5K2 b - - 2 50,352.0,400.0,d2c2,capture,13,0.025563,48.0,0
1rbq1rk1/R2nppbp/3p2p1/2pn2P1/2NP4/1P3N2/4PPBP/2BQ1RK1 b - - 0 9,-220.0,-114.0,d5c3,quiet,28,0.121715,106.0,0
7r/2p2k2/3p3B/3p1PP1/1P1P3K/p1P5/P4R2/1b6 w - - 3 42,263.0,361.0,h4g4,quiet,16,0.069109,98.0,0
1k6/2pr4/1p3p2/p4P2/2Q4P/8/PPRB1KP1/1q6 b - - 13 30,-321.0,-446.0,b1h1,quiet,16,0.064861,125.0,0
5r2/2P5/8/1R3Nk1/3b3p/5K2/6P1/8 b - - 4 53,-400.0,-411.0,d4g1,quiet,9,0.005099,11.0,0
2bq1bnr/rkN2ppp/1pp2n2/p7/P1BPp3/6B1/1PP2PPP/R2QK1NR w K - 5 9,72.0,25.0,d1d2,quiet,30,0.066242,47.0,0
5r2/3R1Pk1/p1R5/8/P4PP1/3b4/1P2p3/4K3 b - - 4 34,-497.0,-611.0,d3e4,quiet,13,0.025291,114.0,0
1kr5/1p6/p2np2R/3qBp2/Q4P2/1P4r1/P1PP4/1K1R4 w - - 0 34,273.0,418.0,a4d7,quiet,19,0.089300,145.0,0
r1b1k2r/ppn1bp1p/2p5/3pp2q/8/1QP1P1PN/PP1N1P2/R3KB1R w KQkq - 0 10,-85.0,-102.0,c3c4,quiet,27,0.022772,17.0,0
3q2k1/4br2/7p/p2p1b2/1n6/1PB1PP1P/1Q4P1/R2R2K1 w - - 3 24,150.0,164.0,b2d2,quiet,19,0.016534,14.0,0
5rk1/1qpn1pp1/3pp2p/Q7/2PN4/4PP1P/3P2K1/R7 w - - 2 24,-70.0,-54.0,a5b5,quiet,19,0.022304,16.0,0
3R4/1k4P1/8/2Kb2B1/8/7p/8/3r4 w - - 0 78,140.0,543.0,d8d7,quiet,8,0.266707,403.0,0
8/3r4/1P6/6kp/6p1/2P2R1P/3r1B2/6K1 w - - 2 42,-133.0,-33.0,f2e3,quiet,11,0.135222,100.0,0
2r1r1k1/4b1p1/R1n1b1q1/4pp2/P6p/2PPBP2/5NPP/3QKB1R b K - 0 18,-63.0,46.0,f5f4,quiet,24,0.155499,109.0,0
r1b2rk1/p3n2p/2n2p2/1BbN4/Pp6/8/1PP2PPP/RNB1K2R w K - 1 12,205.0,195.0,c1e3,quiet,24,0.010507,10.0,0
1r2r3/1pnnbk2/p1p2pp1/N3p2p/PP1PPB1P/8/4KPB1/2RR4 w - - 0 25,-125.0,-43.0,d4e5,capture,25,0.110942,82.0,0
1r3b2/4k1rp/5n2/2p1p3/P1B1P3/2q3P1/4QP1P/3R1RK1 b - - 0 33,-58.0,55.0,b8b2,quiet,19,0.161199,113.0,0
8/1pp1n1p1/p3r3/n1p4p/k7/N2NP1P1/1P3K1P/7R b - - 3 23,220.0,372.0,a5b3,quiet,18,0.114733,152.0,0
8/p6p/8/1P1k4/3n4/3N1P2/6K1/8 w - - 3 47,-77.0,-187.0,d3f4,quiet,8,0.136791,110.0,0
r1b2r2/2q1k3/p2N2Q1/8/PPN2p1p/6nP/5RP1/6K1 w - - 4 29,31.0,788.0,g6g7,quiet,18,0.444904,757.0,0
r3kr2/p1p1b1p1/1p5p/3Ppq1n/2P1N2P/P4P2/1PQ2B2/2KR3R b q - 1 15,-13.0,97.0,f5f3,capture,24,0.154777,110.0,0
r3k3/pp1n4/2p1b3/2bp3q/P3pP2/2N1P3/1PPB1Q2/R3KB2 w Qq - 8 19,-78.0,-50.0,c3e2,quiet,22,0.038939,28.0,0
1r3rk1/ppp2ppp/8/5b2/2Q5/P3R3/1q3PBP/4R1K1 w - - 2 17,-280.0,-127.0,c4f4,quiet,19,0.158622,153.0,0
8/8/1kNK2p1/p7/2r4p/5P1P/6P1/8 w - - 0 45,-287.0,-490.0,c6e5,quiet,10,0.104607,203.0,0
3k2r1/1p1bn2p/5B2/8/2B1P2P/1p6/r4P2/2R1K2R w K - 0 25,14.0,353.0,c4b3,capture,16,0.363983,339.0,0
3r4/6rk/3b1p2/p1p2P1p/P1B1K3/1PR1B2P/8/8 b - - 6 32,101.0,190.0,d6e5,quiet,16,0.107693,89.0,0
r1r3k1/1b4bp/6p1/pp1qN3/4pP2/2Bp3Q/3P2PP/2R2RK1 w - - 0 23,-204.0,-308.0,c3b2,quiet,22,0.090904,104.0,0
8/8/1pB2k2/5p2/7p/2r1bP1K/6R1/8 w - - 10 48,-332.0,-311.0,c6d7,quiet,10,0.014189,21.0,0
2b5/1k2q3/8/1p6/p7/5P2/4NQ2/5K2 w - - 0 44,-189.0,-225.0,f2d4,quiet,9,0.037027,36.0,0
3q4/5kp1/4p3/3b1ppP/3Q1P2/4P1R1/3P1K2/3r1B2 w - - 0 34,-12.0,142.0,f1e2,quiet,16,0.210950,154.0,0
