fen,static_cp,search_cp,bestmove,class,pieces,gap_sigmoid,gap_cp,clamped
3nk3/5p2/1Pq5/5Pp1/6P1/7K/1Q6/8 b - - 1 77,536.0,652.0,f7f6,quiet,10,0.020806,116.0,0
3k3r/pp4p1/4b3/3p4/7p/P1K5/P1P5/R5R1 w - - 0 33,-239.0,174.0,g1g7,capture,14,0.529693,413.0,0
8/1p3k2/2nRb1p1/pBp3Pr/4PB1p/b4P1P/P3N1K1/8 b - - 5 27,-225.0,-81.0,c5c4,quiet,20,0.170525,144.0,0
2q2k2/pp3p2/2p2nrp/2Pr4/3PpP2/PPP2n1B/2K4P/R3B2R w - - 0 26,-2477.0,-506.0,h3c8,capture,24,0.051525,1971.0,0
6k1/p7/7P/P7/8/1p6/5K2/r7 b - - 0 37,1984.0,4531.0,b3b2,quiet,7,0.000011,2547.0,0
1k1r4/pbppn1p1/3b4/1NpP1qP1/P7/4B3/1P4Q1/K2RR3 w - - 3 26,383.0,725.0,b5d6,capture,21,0.084161,342.0,0
8/1pR5/p4k2/3K1b1p/1P3P2/2P5/P1r3PP/4rB1R b - - 0 29,371.0,269.0,f5e4,quiet,17,0.069625,102.0,0
5Rn1/1p1k3p/6p1/8/8/5K2/p4PPP/2B5 b - - 0 35,-987.0,1379.0,a2a1q,promotion,12,0.996247,2366.0,0
2b1k2r/p3bp2/2N2n2/2P5/P3p3/4Pn2/1B3P1p/R2K1B1R w k - 0 21,175.0,291.0,c6a7,capture,20,0.109751,116.0,0
2r3k1/4bp1p/1p2p1p1/p3P1P1/q2BBP2/Pb2P3/3Q3P/R5K1 w - - 6 27,-314.0,-295.0,h2h4,quiet,22,0.013769,19.0,0
8/8/3q4/8/1k6/6P1/2Qp1P2/6K1 w - - 21 57,-325.0,-341.0,c2b2,quiet,7,0.010296,16.0,0
3R4/6p1/4p2p/7P/6R1/4b3/1r2r1P1/3K2k1 b - - 1 52,1792.0,2099.0,e2g2,capture,12,0.000027,307.0,0
3r2k1/3P1p1p/1q4p1/8/1B6/P4Q2/1pr2PPP/3R2K1 w - - 0 35,-515.0,-487.0,h2h3,quiet,17,0.008089,28.0,0
r4rk1/p1pqbppp/1p6/n7/3P4/2Q2NB1/P3PP1P/2R2KR1 b - - 4 16,264.0,267.0,a8c8,quiet,23,0.002529,3.0,0
1rb2rk1/p1R5/3p4/2pPb1Bp/3n2pP/P1NB4/1P4P1/1K2R3 w - - 5 23,68.0,241.0,e1e5,capture,22,0.203533,173.0,0
bn2kb1r/5ppp/1q1Pp3/1Pp5/1pP2P2/8/1B1P2PP/3QKBNR b Kk - 0 10,-96.0,-23.0,a8b7,quiet,25,0.101692,73.0,0
1nbq3r/1p3k2/2pb1np1/rP1p1p2/3Pp1p1/1QN1P3/3BNPBP/R3K2R w KQ - 0 12,-726.0,-656.0,a1a5,capture,28,0.007316,70.0,0
rn3rk1/p7/1pp3p1/6P1/2n1N3/4B3/PPP1N3/R1K4R b - - 0 18,-803.0,-489.0,c4e3,capture,19,0.046791,314.0,0
3k4/p7/b2p1b2/7B/8/4BN2/2P5/3K4 b - - 2 32,-589.0,-630.0,a6b7,quiet,10,0.006674,41.0,0
4r1k1/p4pp1/7p/q1np4/8/1P3N2/P4PPP/b2Q2KR w - - 0 24,-966.0,-767.0,d1a1,capture,19,0.008116,199.0,0
r4bk1/1r6/3pbnpp/1B2pp2/PQ6/4P3/2qNNPPP/R1B2RK1 w - - 3 21,567.0,820.0,b4c3,quiet,25,0.027996,253.0,0
3k4/8/5r2/5B1P/5K2/8/8/8 w - - 1 59,-3.0,21.0,f4g5,quiet,5,0.034502,24.0,0
2kr1b1r/1bpqn1pp/pn2pp2/1p6/3P4/P1PB1NNP/1P3PP1/R1BQK2R w Q - 1 10,-44.0,-75.0,g3e4,quiet,30,0.043303,31.0,0
1B4k1/6p1/7p/PN3p2/2Pp2n1/1n1P2P1/1P2r2P/5RK1 b - - 0 24,-339.0,-349.0,b3a5,capture,18,0.006136,10.0,0
2kr1b1r/pppbn3/2n5/3p1pqp/3PpN1N/1P2P1PP/P1P5/R1BQKBR1 w Q - 4 10,-156.0,-145.0,d1d2,quiet,30,0.013195,11.0,0
6k1/R7/1p1P4/6b1/1N2p2p/2r5/P1P2K2/8 w - - 0 37,-118.0,53.0,d6d7,quiet,12,0.239261,171.0,0
6k1/6p1/1R1B1p1p/1p5P/8/P5P1/r1r2P2/6K1 b - - 8 40,799.0,1518.0,c2f2,capture,14,0.009797,719.0,0
r1bqk2r/p3bpp1/3p2n1/2p1p1Pp/1p1NP2P/1P1PBB2/PNP2P2/R2QK2R b KQkq - 0 11,-584.0,68.0,c5d4,capture,31,0.563117,652.0,0
3q2kr/2p2p2/6p1/np1NQ2p/b2P4/2P2P1P/1P3KP1/7R w - - 1 22,-154.0,55.0,d5f6,quiet,20,0.286663,209.0,0
r3k2r/pp2b1pp/n1bp1n2/qP3p2/2P2N2/P1N1P3/3B2PP/R2QKB1R b KQkq - 0 12,-397.0,-762.0,a6c5,quiet,28,0.080054,365.0,0
r7/7r/1p2Qpkp/1B4p1/PB6/2R5/6KP/3q4 b - - 4 30,-557.0,-533.0,d1d2,quiet,15,0.005511,24.0,0
r1bqk2r/pp3p2/2n5/2N1p2p/3p1P1N/BP4n1/2QP2P1/R3KB2 w Qkq - 4 16,-342.0,-460.0,h4f3,quiet,24,0.056413,118.0,0
R7/6k1/2p5/4N2p/1p3p2/1P4n1/5R1K/2r5 b - - 1 56,-760.0,-1054.0,c1b1,quiet,12,0.010121,294.0,0
2kr2nr/pbpq1pbp/1pnpp3/5P2/3PP1PR/2N1BN2/PPP1Q1B1/2KR4 b - - 5 9,-428.0,-346.0,c8b8,quiet,30,0.041636,82.0,0
2r3k1/6pp/1p1Bbp2/3p4/p7/P3PPK1/1Pr3PP/1R5R b - - 5 29,207.0,172.0,d5d4,quiet,20,0.037915,35.0,0
3r4/1k1r3p/1pb1p1p1/2p1Pp1n/5P1b/1PKBBP1P/2P1N3/R4R2 b - - 6 24,315.0,77.0,d8e8,quiet,24,0.250726,238.0,0
2k5/3p1Q2/p1p5/2b3p1/8/P1P3N1/1P1q1P2/6K1 b - - 0 31,222.0,437.0,d2b2,capture,14,0.143128,215.0,0
2r4k/R5pp/1pp5/8/8/1P1B4/P1P2P1r/2KN4 b - - 0 26,-728.0,-683.0,h7h5,quiet,15,0.004324,45.0,0
r4b1r/p2b2pk/n2p3p/1B1q1p2/4p3/PP2P2P/1BQ2PP1/2K3NR w - - 0 17,-1085.0,-469.0,b5a6,capture,25,0.061051,616.0,0
2r1k1nr/p2q2pp/5p2/1p1B4/1b2P1b1/1P1Q4/P2P3P/R1B1K1NR w KQk - 4 13,-380.0,-464.0,a2a3,quiet,24,0.036176,84.0,0
8/8/6k1/3p2p1/p2P4/B1P5/1P3K2/3b4 b - - 5 46,56.0,79.0,d1c2,quiet,10,0.031871,23.0,0
8/3k4/6n1/6P1/8/8/3K4/8 b - - 4 62,53.0,40.0,d7c8,quiet,4,0.018375,13.0,0
3r2k1/p1q2pn1/5R2/1p4Pp/2pPB1b1/8/PP3Q2/5NK1 w - - 4 30,-120.0,-20.0,g5g6,quiet,19,0.137389,100.0,0
8/7b/7P/8/5k2/8/7K/8 w - - 20 68,-58.0,-101.0,h2h3,quiet,4,0.058688,43.0,0
5R2/p7/4k3/8/2pp3p/P7/1P2n2P/7K w - - 0 36,102.0,391.0,f8e8,quiet,11,0.262004,289.0,0
5k2/5P2/2n1P3/5K2/8/8/8/8 b - - 14 79,-65.0,-67.0,c6d8,quiet,5,0.002777,2.0,0
8/5Q2/kp6/2q4p/7P/P3N1P1/4b2K/8 w - - 6 43,109.0,22.0,f7f2,quiet,11,0.120294,87.0,0
8/5N2/5kp1/6Np/3b2P1/2nP1K1P/5P2/8 b - - 0 42,-335.0,-14.0,c3d1,quiet,12,0.352937,321.0,0
r3kb1r/p2n1ppp/2pqp3/1p1n1b2/2PP4/5NP1/P2BPPBP/RN1Q1RK1 b kq - 0 10,-233.0,-112.0,b5c4,capture,30,0.136876,121.0,0
3r2r1/pp3nkp/8/2B5/2PN3P/1P5b/P7/1K2R3 w - - 1 28,-1179.0,-1249.0,c5a7,capture,16,0.000374,70.0,0
2kr3r/1p2p3/1bn2p2/5b2/5Ppp/N1B3P1/PP4BK/R3NR2 w - - 1 24,50.0,125.0,a3c4,quiet,22,0.101047,75.0,0
3r3r/1k4bp/p7/qp2p3/1R2P3/2p2NPR/4PP2/1Q2K3 w - - 1 26,-766.0,-993.0,e1f1,quiet,19,0.008734,227.0,0
1k6/7p/8/q7/2P5/3P1Q2/2K1B3/8 w - - 3 43,983.0,1194.0,f3f4,quiet,8,0.002441,211.0,0
r4rk1/pp2b1p1/4pn1p/2pp4/5B1P/P1N1P3/1PP1BPP1/R3K3 b Q - 1 14,618.0,532.0,a7a6,quiet,24,0.016964,86.0,0
r2qr3/1p2n3/pbk1PQ1p/3p1p1P/P2p4/BP1B4/2P3P1/R2K1R2 b - - 4 27,-768.0,-877.0,d8c7,quiet,24,0.005501,109.0,0
3rk2r/2p1qpp1/p6n/1p1P3p/1P2N3/P2B1P1b/2P5/1RB1Q1K1 b k - 0 18,375.0,439.0,d8d5,capture,23,0.029543,64.0,0
rnbqkb2/p1p3p1/4p2r/3p3p/7P/Pp1BP1P1/1B3P2/RN1Q1RK1 b q - 2 9,-19.0,106.0,c7c5,quiet,26,0.175299,125.0,0
8/8/2p1k3/8/p1P5/3PB3/PPK5/5b2 w - - 12 42,414.0,389.0,e3d4,quiet,10,0.011815,25.0,0
3r2k1/1p4p1/2n4r/p1b4p/P1N2P2/2P3PR/1P4P1/4RK2 b - - 6 23,833.0,777.0,c5a7,quiet,19,0.003085,56.0,0
8/3b2bk/1p2p1Np/p4p1P/P2r1P2/1P3BQ1/4R2K/2q5 b - - 9 35,273.0,289.0,d4d2,quiet,19,0.012724,16.0,0
r2k1n1r/pbp3p1/1p1pB2p/5P2/3PnBPq/2P2QRN/P6P/R3K3 w Q - 5 15,-6.0,-186.0,e6b3,quiet,26,0.236097,180.0,0
B7/8/1k6/5p2/8/2Kp1P2/3P4/r7 w - - 5 69,-416.0,-303.0,a8d5,quiet,8,0.065201,113.0,0
2kr1b1r/pbp1qpp1/1p2pn2/6Q1/2PPp3/1PN1P1NP/PB3P2/2KR3R w - - 5 12,-99.0,-105.0,c1b1,quiet,28,0.007931,6.0,0
r2qk1nr/5p2/p2pp3/2p1n2B/4P2P/4N3/PRPP2P1/3QK2R b Kkq - 0 13,-145.0,-76.0,g8f6,quiet,23,0.089684,69.0,0
8/1r1P4/4k3/4p3/8/4K3/3R4/8 b - - 0 77,-316.0,8.0,b7d7,capture,6,0.371962,324.0,0
r1b1k2r/ppp2pbp/3p4/3P4/5p2/1PPP1q2/P2B1N2/R3K2R w KQkq - 0 18,-2749.0,-3192.0,e1g1,quiet,23,0.000000,443.0,0
8/1pkb1q1p/r2p1b1p/p2P1p2/PpN2Q2/3RRN2/2P3r1/2K5 b - - 1 22,820.0,1992.0,g2g4,quiet,22,0.008823,1172.0,0
r2b1rk1/5q2/bp1p1np1/2nPp1Bp/2P1P2P/2N2P2/1R1QB1P1/R4NK1 b - - 2 24,-506.0,-554.0,f6d7,quiet,27,0.011947,48.0,0
2kr1b1r/pbqp2pp/2n1p3/2pn2N1/1pN2P2/PP1PP3/1BP1Q2P/R3KBR1 b Q - 4 12,-368.0,-437.0,h8g8,quiet,30,0.032550,69.0,0
7k/6pp/2nP4/2K2P2/8/8/7P/8 b - - 2 54,122.0,137.0,c6d8,quiet,8,0.018843,15.0,0
3r4/1p3p1k/7p/5Np1/pB6/P4Q1P/1bq2PP1/4R1K1 w - - 4 26,1119.0,1156.0,f5d6,quiet,18,0.000305,37.0,0
8/7R/6P1/6kP/8/3p4/6K1/3r4 w - - 7 62,418.0,2346.0,g6g7,quiet,7,0.082700,1928.0,0
8/8/1ppk1r2/p1b1p1RP/P1PpBr2/1R3P1K/8/8 w - - 1 31,-234.0,-175.0,g5g4,quiet,17,0.061133,59.0,0
4rr1k/1p4pp/5n2/pPB1q3/1p2pb2/1Q5P/P1R1BPP1/4K2R b - - 8 19,496.0,672.0,e4e3,quiet,23,0.033947,176.0,0
4R3/1k6/1p6/8/P7/8/3K4/8 b - - 0 48,-1126.0,-2176.0,b7a6,quiet,5,0.001525,1050.0,0
1k1rr1b1/1ppq3p/p4bn1/5p2/3p4/P2P1NP1/1PPBPQBP/R2K1R2 w - - 6 19,45.0,-8.0,b2b3,quiet,27,0.075911,53.0,0
Q7/2kr1p2/4p3/1B6/8/B2n3b/P7/6K1 b - - 2 30,-1177.0,-1673.0,d3e5,quiet,11,0.001075,496.0,0
8/6K1/8/8/8/2p1k3/8/2N5 w - - 0 53,-83.0,-138.0,g7h7,quiet,4,0.071549,55.0,0
2rqk1r1/p4p1p/1p1pnp1b/8/2P1P3/2NQ3P/PP3P1P/3RKB1R w K - 7 16,271.0,267.0,f1e2,quiet,25,0.003329,4.0,0
2bq2k1/p5pp/1p1b4/3p4/1P1p1P2/P4P2/1N3K1P/3Q1B1R w - - 1 18,815.0,761.0,d1d4,capture,20,0.003273,54.0,0
r1bqk2r/4ppbn/2np4/7p/2NpP1pP/p2B2N1/2PB1PP1/R2Q1RK1 w kq - 0 13,-91.0,75.0,a1a3,capture,28,0.234333,166.0,0
2r3k1/3r2p1/3np3/1p1b1pR1/p1pP1P2/P1P5/1P1N1KB1/R7 w - - 3 25,-250.0,-121.0,a1g1,quiet,21,0.140899,129.0,0
2r3k1/4p3/4b1p1/4Pp2/6Pp/pP2B2P/Pr1R1PK1/R7 w - f6 0 34,-105.0,42.0,e5f6,capture,19,0.206819,147.0,0
r7/1pp1k1pp/4b3/pPP1p3/P2rP2P/4K3/6P1/RN5R b - - 2 20,306.0,492.0,d4c4,quiet,20,0.090996,186.0,0
7r/1p2kp1p/2n1b1p1/1Nn5/2P3P1/2P3KP/4B3/R3R3 b - - 2 24,-475.0,-445.0,h7h5,quiet,18,0.010671,30.0,0
r7/p3q2k/bpp1p2p/n2pPp2/2P1n3/1PB1P1P1/P5BP/2RQR1K1 w - - 1 21,549.0,823.0,g2e4,capture,26,0.032004,274.0,0
2rqk3/1p3pp1/p3pn1r/3P2N1/P4P1p/2N1b2P/2Q1B1P1/B2R3K b - - 1 19,-479.0,-419.0,f6d5,capture,24,0.022592,60.0,0
1r1qk2r/p4p2/4p1p1/2n5/5P2/P1n2NPp/2B2P1P/1R1Q1RK1 w k - 0 19,-119.0,368.0,b1b8,capture,22,0.557535,487.0,0
r1bq1rk1/1p3ppp/3b1B2/p1p5/7Q/2pB1P1P/PPP2P2/R3K2R b - - 0 13,6.0,1218.0,f8e8,quiet,25,0.490465,1212.0,0
r7/p2np1b1/2p1k1Np/3n3P/2N1p3/7P/PP1B1P2/R3KB2 b Q - 0 18,-1182.0,-1265.0,e6f7,quiet,21,0.000421,83.0,0
2bqk3/1p3r1p/4r1p1/p3Bp2/P1Np4/1Q4P1/1PP3P1/5RK1 w - - 5 19,-97.0,-105.0,g3g4,quiet,21,0.010592,8.0,0
1r1q1r1k/2p3pp/4n3/p1p1pN1P/P3bpQ1/2P5/1P3PP1/R3KB1R w K - 0 18,-498.0,-528.0,f5h4,quiet,25,0.008147,30.0,0
2k5/2p5/1p1r1p2/2r5/1R1p3p/3P3P/5PB1/R4K2 w - - 6 36,854.0,750.0,b4a4,quiet,15,0.005885,104.0,0
r4rk1/3qnppp/1R2p3/2p1P3/2nP1N2/2P3P1/7P/2BQR1K1 w - - 1 20,-186.0,-292.0,b6b1,quiet,22,0.098292,106.0,0
2r1r1k1/1p3pp1/p6p/8/P1pR4/5PB1/n5PP/1R5K w - - 3 24,-735.0,-660.0,d4d2,quiet,18,0.007567,75.0,0
1B6/5rpk/7p/8/2b4P/6P1/8/R5K1 w - - 29 57,-39.0,-31.0,a1a7,quiet,10,0.011396,8.0,0
3r4/p7/1p6/3p3k/4nP2/8/PP4K1/3R4 w - - 0 33,-1113.0,-1286.0,g2f3,quiet,11,0.001038,173.0,0
1k6/1p3N2/p1n5/4P3/5P1p/7P/r5r1/2R2R1K w - - 0 29,-51.0,-515.0,f1d1,quiet,14,0.378076,464.0,0
4r3/1b3pk1/1p4p1/1P2qP2/2rNp3/4R2P/5QP1/3R2K1 w - - 3 39,123.0,193.0,f5g6,capture,18,0.082346,70.0,0
2kr2br/pp5p/1qn5/3np1N1/3p2P1/P4N1P/P1PBQP2/2KR1B1R w - - 1 14,295.0,677.0,e2b5,quiet,26,0.134810,382.0,0
r2qk2r/pp3pp1/5n2/5b1p/1bPp4/3PPNPP/PB1NQ3/R3K2R b KQkq - 0 12,250.0,226.0,d4e3,capture,26,0.022321,24.0,0
r1k4r/1pn2ppp/4p3/p1bpPPB1/P7/1qPB2PP/4Q3/R3K2R w KQ - 0 17,-51.0,-201.0,g5e3,quiet,25,0.187924,150.0,0
1r2qr1k/3pb1pp/R1b1p3/3n1p2/1P1P4/N1P2P1N/2QB2PP/1R4K1 b - - 0 16,-56.0,-119.0,b8a8,quiet,25,0.084958,63.0,0
r1b1r1k1/4qp2/2p2n1p/1Pbpn1pP/p2N4/1PB1PP2/2PQN1P1/1K1R1B1R b - - 1 14,271.0,231.0,c6b5,capture,29,0.035555,40.0,0
r1b3k1/p3r1pp/1p6/2pn1N2/3p3b/3P1B1P/PPPB1PPq/R2K3R w - - 0 17,-1639.0,1455.0,f3d5,capture,26,0.999690,3094.0,0
r1bk3r/2pnq3/1pBp1p2/p2Pp1n1/4Pb1p/P1N2Q1P/1PP2BP1/1K1R2NR w - - 10 14,550.0,436.0,f3e2,quiet,30,0.034709,114.0,0
r3k3/pbpp1prp/4pq2/8/2P1P3/2N2N2/P1nPQP1P/5K1R w q - 1 12,-1527.0,-1685.0,h1g1,quiet,23,0.000091,158.0,0
4r1k1/2pq2p1/1p1p1p2/7r/p2N1B1P/2PQ2K1/P7/6R1 b - - 1 26,518.0,451.0,d7f7,quiet,18,0.021133,67.0,0
2rr2k1/2q1bp2/1nB1p1p1/pP5p/P2P1P2/2P3P1/1B2Q2P/R4R1K b - - 7 26,-616.0,-588.0,c7d6,quiet,24,0.004742,28.0,0
5r1k/1p6/2pB3p/2Pp2pN/p2P2n1/P7/1P2R3/2K5 b - - 0 45,-707.0,-451.0,f8f1,quiet,17,0.052592,256.0,0
2r3k1/5pp1/8/pr1p4/3PnP2/R3P1P1/1PP4P/2K1BR2 b - - 1 26,-604.0,-774.0,c8a8,quiet,19,0.018495,170.0,0
r4rk1/1p3pp1/2n5/1R2p3/pn2P2p/Nb1P1NqP/1P1QB1P1/5R1K w - - 2 18,-108.0,281.0,b5b4,capture,25,0.485064,389.0,0
6k1/6p1/p6p/Pp3R1P/4p2R/4P1P1/1r1r1P2/5K2 b - - 1 31,135.0,-63.0,b2b4,quiet,16,0.274743,198.0,0
8/8/8/p7/P1K1nk2/1P6/3p4/3R4 w - - 4 46,507.0,510.0,b3b4,quiet,8,0.000833,3.0,0
2k1rbnr/1b1p2q1/1ppP1p2/pN1B4/P7/2P2Q2/1P4PP/R1B2RK1 b - - 0 16,-213.0,-65.0,c6d5,capture,25,0.180674,148.0,0
1r1r1b2/5pk1/1pq1pn1p/p1p3p1/P1N5/N1PP2P1/1P2QP1P/3RR1K1 w - - 12 22,214.0,211.0,a3b5,quiet,26,0.003034,3.0,0
2r2rk1/p2b2bp/2n1p3/2qp1pB1/8/P1P3P1/2N1PPBP/1R1Q1RK1 w - - 1 16,235.0,210.0,b1b7,quiet,25,0.024485,25.0,0
2r5/1kp5/p1R1p2r/Bp1P4/7b/P3P3/1P2K3/7R w - - 1 28,352.0,444.0,e3e4,quiet,16,0.044439,92.0,0
r1bqkb1r/1pp5/p2p1n2/3Pnp1p/2P1p3/NP2P2R/PB1NBPP1/R2QK3 w Qkq - 3 9,18.0,55.0,f2f4,quiet,30,0.052616,37.0,0
r2qk2r/p3bpp1/3pbn1p/1pp1p3/3nP3/PP1PN1PP/1BPN1PB1/R2QK2R b KQ - 1 11,-10.0,-75.0,a7a5,quiet,32,0.091901,65.0,0
2b5/8/5k2/2r3p1/3N1p1p/5P2/3R2PK/8 w - - 8 50,-188.0,-168.0,d4e2,quiet,11,0.022375,20.0,0
k1r5/P3Rp2/5q2/p6p/5B2/3Q4/6PK/8 b - - 0 47,-1240.0,388.0,f6e7,capture,12,0.902425,1628.0,0
8/8/1pn2pkP/2p1p3/P7/4BP2/6K1/8 w - - 1 48,-307.0,-257.0,f3f4,quiet,11,0.039630,50.0,0
rb4k1/2p4p/2p1q3/P1PpP1p1/Q2P1p2/P1B5/6PP/5R1K b - - 0 27,-741.0,-819.0,b8a7,quiet,21,0.004965,78.0,0
r4rk1/p2p1pp1/1p1P3p/2p1P3/2Pn1P1q/8/PP1Q3P/2KR1B1R w - - 1 13,138.0,89.0,f1g2,quiet,24,0.063422,49.0,0
r4rk1/1pp2ppp/2n2q2/p2p4/8/1PbQP1PP/PBP5/2KR1B2 w - - 0 14,-1626.0,-701.0,b2c3,capture,24,0.017287,925.0,0
1r5r/p2b1kp1/B7/2R4p/3B1bp1/8/P4P1P/4R1K1 b - - 4 22,65.0,-32.0,b8b4,quiet,17,0.138388,97.0,0
1r5k/p7/6B1/2ppp2P/7B/5r2/P7/6RK w - - 2 34,159.0,59.0,g1g3,quiet,13,0.129978,100.0,0
3b2k1/1p4q1/3Q4/pN1p2p1/Pn1P4/5P2/1P3B2/6K1 b - - 8 37,-193.0,-60.0,d8e7,quiet,16,0.166816,133.0,0
1k1r3r/p2q2p1/bp1pp2p/1N1p4/P4P2/1P6/2PPQ2P/1K1R3B b - - 0 17,553.0,738.0,h8f8,quiet,23,0.025710,185.0,0
r1b2rk1/2q2np1/p2p1nR1/1p2p3/3PP3/4QN2/PPN2P2/2KR1B2 w - - 1 17,235.0,303.0,c1b1,quiet,24,0.056639,68.0,0
4r1k1/3r1pp1/1q5p/3Pp3/p7/1P1Q1PP1/P4RKP/3R4 w - - 0 32,219.0,271.0,b3a4,capture,19,0.047213,52.0,0
8/4b3/1pk5/8/1P3n2/N1P5/2K5/8 w - - 7 50,-442.0,-472.0,c2b3,quiet,8,0.010832,30.0,0
r1b1k3/2p2rp1/p3p2p/4np2/4n3/BP1B3P/P4PP1/3RK2R w Kq - 0 15,-924.0,-918.0,d3e2,quiet,22,0.000170,6.0,0
2r1kb1r/p3pppp/p1pp4/6qP/3N4/1P2PQ2/P1PN2P1/4K2R w Kk - 2 16,-479.0,61.0,e1g1,quiet,24,0.527222,540.0,0
8/5p2/4k1b1/1P2n3/8/P1K1N3/8/8 w - - 3 37,-549.0,-536.0,c3d4,quiet,8,0.003023,13.0,0
r1b2kr1/pp3p1p/8/5p2/5q2/1P2p3/P3Q1R1/5RK1 b - - 2 24,1967.0,2181.0,f4e4,quiet,17,0.000009,214.0,0
r4rk1/p3nbpp/1p1q1p2/2p5/3pP3/P2N2RN/1PP1Q1PP/1K5R b - - 5 18,713.0,812.0,e7g6,quiet,25,0.006987,99.0,0
5kn1/p2r4/1p2p1pp/1P3p2/2PP4/3P3P/n1KB1P1P/5B1R b - - 2 20,-793.0,-1187.0,d7d4,capture,21,0.009227,394.0,0
2r1k2r/3p2p1/p3ppb1/Q7/2PNPbpP/1R6/P5P1/R5K1 w k - 0 22,1039.0,1160.0,d4f5,quiet,21,0.001263,121.0,0
r5kr/2qb1pp1/2pb1n2/1p1p2Bp/p2P4/2NB1Q2/2P2PPP/1R2R1K1 w - - 0 16,-597.0,-242.0,g5f6,capture,26,0.167748,355.0,0
rn1qk2r/p1p5/1p2p1pp/3b1p2/P1pPnP2/2B1PN2/1P2B1PP/R2Q1RK1 b kq - 3 10,226.0,205.0,b8d7,quiet,29,0.021035,21.0,0
4R3/kpn5/pN3r1n/P1KP4/5p2/5P1B/1P6/8 w - - 14 56,1482.0,1753.0,e8d8,quiet,15,0.000156,271.0,0
1Rnr2k1/1R3bp1/p4r2/q4p1p/P1p2QnP/2p2BP1/P3P3/2B2NK1 w - - 0 27,-276.0,440.0,f4c7,quiet,25,0.756857,716.0,0
1rq1kb1r/p3pppp/3p4/2n5/N2N4/6PP/1PP1PPK1/R2Q1R2 b k - 0 11,-133.0,-82.0,c8b7,quiet,24,0.066706,51.0,0
3rb3/1p4k1/2n1Bn1p/p3p1p1/3pP3/1P3N1P/P4PP1/2B1R1K1 w - - 3 23,-43.0,-66.0,e6c4,quiet,22,0.032287,23.0,0
r5k1/5p2/2p3p1/p1B5/4P2p/5B1P/Nr3PP1/2R3K1 b - - 0 28,-1268.0,-329.0,b2a2,capture,17,0.130128,939.0,0
8/8/1P6/3NR3/6pk/1r4p1/6K1/8 w - - 1 49,480.0,486.0,e5e2,quiet,8,0.001899,6.0,0
5k2/R7/3r4/5KP1/8/p7/8/8 b - - 9 50,-146.0,-15.0,a3a2,quiet,6,0.176985,131.0,0
r2qk1r1/pb3pbp/1p2p2p/2p4Q/1nPP1PPP/P1NP3R/1P2N3/2KR1B2 b q - 0 10,-325.0,-127.0,c5d4,capture,29,0.191516,198.0,0
2kr4/pp1b3p/1q1b1Qn1/3pp3/5p2/N1PB4/PP4PP/R1B2R1K w - - 4 16,514.0,692.0,d3f5,quiet,24,0.031041,178.0,0
r1b1k1nr/ppp2p2/n1q3p1/4P3/1bP5/3PPN2/P3K1Bp/R1BQ3R w kq - 0 12,-716.0,-879.0,a2a3,quiet,26,0.009653,163.0,0
2nk3r/3b1p2/2p3p1/1prp2Pp/3N1K1P/3B1P2/3R4/R7 b - - 1 36,862.0,995.0,h8e8,quiet,19,0.003706,133.0,0
r6r/p3nkp1/4Np2/n7/Pp5p/1P6/1BP1B1PP/1K1R1R2 w - - 8 27,1979.0,2442.0,e6g7,capture,21,0.000010,463.0,0
8/4pk2/1r3p1p/3RP1pP/6P1/5P2/4PK2/8 w - - 1 30,143.0,205.0,d5c5,quiet,13,0.070052,62.0,0
3k4/7p/rp1P1p2/1R6/4p3/bB2P2P/1r6/K2R4 w - - 1 31,-173.0,-217.0,d6d7,quiet,15,0.046908,44.0,0
8/4k3/8/7r/5p2/8/5K2/R7 w - - 2 72,-20.0,3.0,a1g1,quiet,5,0.033068,23.0,0
8/2B2k2/5n2/6R1/3N4/1P1n2P1/P5K1/4r3 b - - 2 28,-503.0,-669.0,e1c1,quiet,11,0.031562,166.0,0
2kr4/1pp1bp2/6p1/pR2P3/7p/P4q2/2Q2P1K/6R1 b - - 1 28,621.0,1015.0,f3f4,quiet,17,0.024366,394.0,0
r1r3k1/5pp1/1Rn2n1p/1Nppbq2/5P2/3P4/1P4BP/2BQ1RK1 b - - 0 20,378.0,344.0,e5d4,quiet,23,0.019363,34.0,0
r1br2k1/1p3pb1/q6p/P2nNp2/3p4/6P1/1Q1B1PBP/R3R1K1 w - - 0 29,273.0,185.0,b2d4,capture,23,0.084365,88.0,0
8/k7/2b5/1p4P1/p2R4/4R3/6r1/4K3 w - - 4 47,114.0,239.0,d4d6,quiet,9,0.139900,125.0,0
3qk2r/r3npp1/2n2b2/1B1N3p/1P2p3/P3P2P/1B3P1P/R2QK2R b Qk - 0 12,-548.0,159.0,f6b2,capture,24,0.673166,707.0,0
1r6/8/B7/6R1/3k4/4n2P/5p2/7K w - - 1 50,-451.0,-655.0,g5g7,quiet,8,0.046864,204.0,0
rq2k2r/p2b1ppp/n7/1Nb5/2P1P2P/8/PP4P1/R1BQKB1R b KQkq - 0 14,161.0,1451.0,b8g3,quiet,24,0.283341,1290.0,0
3rr1k1/p4pp1/3n3p/2N5/1P6/P4Q1P/2q2PP1/3R1BK1 w - - 2 28,-293.0,-262.0,g2g3,quiet,19,0.024989,31.0,0
r4rk1/1p1N3p/2p3qp/p3Q2N/P2P4/5PPb/1P5P/R5K1 w - - 5 25,470.0,998.0,d7f8,capture,21,0.059459,528.0,0
3k3r/pb2ppb1/2p1nn1p/4q3/1PB4Q/P1N5/RBP2PPP/6K1 w - - 0 20,-522.0,-360.0,a2a1,quiet,24,0.064610,162.0,0
r1b1k2r/2pq1pp1/p2bpn1p/Np6/6PP/2B1P3/P2P1P2/1R1QKB1R b Kkq - 3 10,178.0,54.0,a8b8,quiet,27,0.158785,124.0,0
8/p1R5/kp6/2p5/2P5/KP6/2r5/8 w - - 8 44,45.0,1.0,c7f7,quiet,9,0.062961,44.0,0
6k1/6pp/8/2q1pp2/4p3/4P1P1/2P1NPKP/R7 b - - 1 32,370.0,379.0,c5c4,quiet,15,0.004819,9.0,0
3r1rk1/R1R5/2p1p2p/4nn2/1P4p1/2P3PB/4K2P/2B5 w - - 0 27,329.0,469.0,h3g2,quiet,18,0.067817,140.0,0
3rk3/4b2p/p5r1/5p2/1p3p1P/5K2/PP3N2/2R1R3 b - - 3 36,479.0,586.0,d8d4,quiet,16,0.026532,107.0,0
2q1kb1r/pb1p1pp1/1p2p3/6Pp/Pn2PP1n/NP4R1/1B1P1N1P/3QKB2 b k - 2 13,-24.0,62.0,d7d5,quiet,28,0.122774,86.0,0
4rkr1/p2p3p/2pP4/5p2/PPb2P1q/2N2P2/1PKQ4/3R2N1 w - - 1 22,-466.0,-464.0,b2b3,quiet,21,0.000693,2.0,0
r1b1k2r/1p3p1p/p1n3p1/q2pP3/4n3/NB2b3/PP3PPP/R2Q1KNR w kq - 0 10,-1176.0,-708.0,f2e3,capture,27,0.015552,468.0,0
r2qkb1r/p1pn1p2/1pPp2p1/6Pp/8/2N1P3/PPPQB2P/R3K1R1 b Q - 0 13,-378.0,-294.0,d7e5,quiet,26,0.053529,84.0,0
2r2k1r/p4pp1/n2Rn3/1B2P2p/1P6/Pb6/5KPP/2B4R w - - 1 20,-419.0,408.0,b5a6,capture,20,0.830560,827.0,0
r1b2rk1/p4ppp/1q2p1n1/p1Rp2N1/3P4/1P2P2P/P1QN1PP1/5RK1 w - - 4 12,312.0,223.0,f1c1,quiet,26,0.074586,89.0,0
5k2/1r3pb1/7p/1p5R/pR2P3/P3N1P1/2b2K2/8 b - - 1 36,-107.0,-764.0,b7c7,quiet,15,0.338552,657.0,0
8/8/4r3/3N4/1K1B4/7k/8/8 b - - 6 58,8.0,-4.0,e6e4,quiet,5,0.017267,12.0,0
8/8/8/8/6p1/5r1k/8/R5K1 w - - 4 76,-80.0,-55.0,a1a2,quiet,5,0.034640,25.0,0
8/3k1p2/8/p2KP3/1p6/1P6/P3R3/8 w - - 6 56,3303.0,4824.0,e2c2,quiet,9,0.000000,1521.0,0
3k1r2/qpp4p/3p1pbb/P3n1p1/1PP3P1/3N3P/1B1N1P2/R2K1B1R w - - 1 21,-636.0,-697.0,a1a3,quiet,25,0.007289,61.0,0
r3nb2/3k1pp1/2b1p2p/1p1p4/3P2P1/2BBPN2/4KP1P/2R5 b - - 1 26,360.0,380.0,f7f6,quiet,21,0.010933,20.0,0
8/8/2R3pk/5B1p/5n2/r7/5K2/8 w - - 0 78,-686.0,-751.0,f5e4,quiet,8,0.005826,65.0,0
7r/p2p1k1p/3Ppp2/2P4n/3P4/Pr3P1P/R2K1P1B/7R w - - 1 22,366.0,260.0,d2e2,quiet,20,0.074490,106.0,0
2kr2r1/pp2bp1p/1qp1b3/3pP3/3N1Q2/1N1P2P1/PP5P/R4R1K b - - 8 15,184.0,345.0,g8g4,quiet,24,0.136782,161.0,0
r2qrk2/pnp2Bpp/8/8/b2P1B2/4P1PP/Q4P2/5RK1 b - - 0 20,233.0,155.0,b7d6,quiet,20,0.083342,78.0,0
r1bq1Bk1/p7/2pb2p1/3p3p/3P3n/2pB1P2/PP2Q1P1/R2KRN2 b - - 0 18,157.0,17.0,c3b2,capture,24,0.187277,140.0,0
3r2k1/2p1q3/1pn2b2/p4bN1/P1Pn4/R2NBP2/1P4P1/2QK1B2 w - - 0 23,-364.0,-286.0,c4c5,quiet,22,0.052054,78.0,0
8/6R1/3p1kp1/4p2p/4P2P/5KP1/2r5/8 w - - 44 55,-99.0,-196.0,g7d7,quiet,11,0.116781,97.0,0
6r1/3bB1kp/p2P4/5p1B/8/1P5P/P2r3P/4R2K w - - 7 40,-234.0,112.0,e1g1,quiet,16,0.449461,346.0,0
r2q1rk1/1b1p1p2/5n1p/1p2p1p1/4P3/3BB3/P3QPPP/1R3RK1 w - - 0 14,288.0,222.0,b1b5,capture,23,0.057853,66.0,0
5Q2/kp6/p3p3/4Nn2/Pp1pB1p1/1P1P3P/2q5/4R1K1 w - - 0 31,1636.0,2043.0,h3g4,capture,18,0.000073,407.0,0
4r1k1/p2Q4/6p1/8/2pNqP2/2B5/PKN5/5r2 w - - 0 32,-21.0,1302.0,d4c6,quiet,14,0.529629,1323.0,0
8/3p3p/rPp5/5k2/1K2p2P/4B3/8/8 w - - 0 39,-1049.0,889.0,b6b7,quiet,10,0.991665,1938.0,0
5r1k/p4bp1/1p1P3p/3pR3/P7/4B2P/1P2B1pK/8 b - - 0 30,-1158.0,-1231.0,f8d8,quiet,17,0.000436,73.0,0
8/pk1r4/1np5/R5Rp/7P/5b2/1P6/2K5 w - - 3 39,-691.0,-847.0,a5f5,quiet,12,0.010812,156.0,0
4r3/1k6/2b3Q1/1pq5/4p1pP/6P1/1RP3BK/4B3 w - - 5 38,1396.0,1401.0,g6g4,capture,15,0.000009,5.0,0
3r2k1/6p1/4r3/3n1pq1/2Q1p3/1P4P1/P2P2P1/R4N1K w - - 1 31,-1519.0,-1541.0,h1g1,quiet,17,0.000019,22.0,0
r2q1rk1/1p2bbpp/2n5/p1pnpp2/P7/N2PPP1N/1P1BB1PP/R2QK2R w - - 12 11,-376.0,-546.0,g2g3,quiet,30,0.061624,170.0,0
r1b2rk1/1pq1bppp/5n2/pBn1p3/N3P3/P4PP1/1BPQN2P/R3K2R b KQ - 2 12,216.0,367.0,c5a4,capture,28,0.115969,151.0,0
3qk1nr/r4pp1/p1nbb3/1ppp4/3P3P/2N1P3/PPP2Q2/R1B1KBNR b k - 3 9,433.0,548.0,g8f6,quiet,28,0.035470,115.0,0
1q6/6pk/6rp/3Q1B2/p4P1P/P2P2P1/1r3P1K/R7 w - - 1 30,1054.0,1669.0,h4h5,quiet,17,0.002245,615.0,0
5rk1/p4p2/3b2pQ/1p4P1/3p4/P4b1P/1q3P2/R3B1K1 w - - 0 24,-1254.0,-1931.0,a1d1,quiet,18,0.000717,677.0,0
2rqkb1r/pb3p2/2n2p2/2p5/Q2p3B/3P2PP/PP2PPB1/R3K1NR b KQk - 0 10,-186.0,-211.0,c5c4,quiet,26,0.026384,25.0,0
7k/2r4p/2q2p2/8/6Q1/1N4P1/1K3P1P/8 w - - 4 34,-586.0,-665.0,g4d4,quiet,11,0.011852,79.0,0
1B6/1p1k4/p7/2p5/8/PP4P1/6P1/1b3K2 b - - 1 32,175.0,189.0,b1c2,quiet,11,0.015492,14.0,0
8/3nkp2/p6R/2q3p1/1b6/4PB1P/p3NPP1/B4K1R b - - 4 24,-182.0,-449.0,c5f5,quiet,18,0.189539,267.0,0
r7/pppq1pk1/2np3p/b7/2P1rPb1/N3P3/P2PN1RP/R2Q2K1 w - - 0 15,-200.0,104.0,h2h3,quiet,25,0.405099,304.0,0
3R4/1k6/pP2K3/P7/8/8/8/5r2 b - - 34 63,-145.0,-182.0,f1e1,quiet,7,0.042983,37.0,0
5r1k/2Q4p/1P4p1/4R3/1q1p1P2/2nB1P1P/p1P2K2/R7 b - - 1 33,-1324.0,-1373.0,b4b2,quiet,18,0.000120,49.0,0
r1bqkbn1/6p1/2p1n2r/pP1pPQ2/P6p/4PN2/1P1N2PP/R1B1KB1R b q - 4 13,-117.0,-79.0,f8b4,quiet,28,0.050517,38.0,0
8/7K/6p1/Pk3r2/1nR5/8/7P/8 w - - 2 51,-198.0,-48.0,c4g4,quiet,8,0.188998,150.0,0
r3k2r/ppq1np2/2ppn2p/8/2PbB2P/P1N2P2/1PQ3PB/1K1R3R w kq - 3 18,469.0,680.0,c3e2,quiet,26,0.043424,211.0,0
8/4p1k1/6p1/2P4p/3q2p1/4P1P1/5P2/6K1 w - - 0 36,-2482.0,-20.0,e3d4,capture,11,0.471249,2462.0,0
r7/2k2n1p/4RP2/3n1P1P/p2P4/B4N2/5K2/8 w - - 1 43,783.0,1567.0,f3e5,quiet,14,0.010787,784.0,0
r2qk2r/p3n2p/1ppb1ppP/2n5/P1BR4/2P2b2/3N2P1/2BQ1RK1 w kq - 0 16,16.0,330.0,d1f3,capture,25,0.346840,314.0,0
6k1/1p3p1p/2p2r2/3b2B1/1r1p3p/p2B1P1R/P4PK1/7R b - - 1 37,-422.0,-493.0,f6e6,quiet,19,0.025663,71.0,0
4k3/Nb1p1p2/1P1bp3/6q1/8/p3P2P/3Q2P1/6K1 b - - 0 29,1710.0,2386.0,d6c5,quiet,15,0.000052,676.0,0
2bqr1k1/2r2pb1/pQ1p1np1/P7/1p1P4/4B3/1P2BPPP/RN3RK1 b - - 4 14,102.0,701.0,f6d5,quiet,25,0.339913,599.0,0
r1bq1rk1/1p4pp/p1n2p2/3pn3/N7/3B1N1P/1PPQ1PP1/R3R1K1 w - - 0 15,15.0,-48.0,d3e2,quiet,25,0.090215,63.0,0
rkbQ1bnr/1p1R4/p1p2pp1/4P3/4Np2/6P1/5P1P/2q2BK1 w - - 0 18,292.0,-392.0,d7b7,capture,22,0.748235,684.0,0
4r1k1/p4pp1/1p4q1/5n1p/P2P4/1PN2P2/3Q2PP/2R3K1 w - - 8 24,26.0,148.0,d4d5,quiet,19,0.163630,122.0,0
3R4/5pk1/8/6pp/8/2r4P/5PK1/8 w - - 0 43,-53.0,-71.0,d8e8,quiet,9,0.025091,18.0,0
6k1/1p3r2/1p2Q3/6q1/3B4/8/rPB5/7K w - - 1 34,-174.0,307.0,e6c8,quiet,11,0.585491,481.0,0
b2k2nr/3p1ppp/2q5/4R3/1p1p1N2/5PP1/1P5P/1NBQ2K1 b - - 0 13,-628.0,-721.0,d7d6,quiet,21,0.010696,93.0,0
r1b1kb1r/1pp2p2/2n3p1/pB1n3p/P3N3/5P2/1PP1N1PP/R1B1K2R b KQkq - 1 9,-19.0,57.0,d5b4,quiet,26,0.108617,76.0,0
8/2r1k2p/1bB5/4pp2/1P5P/1N4P1/5P2/1R4K1 b - - 0 34,-1197.0,-110.0,c7c6,capture,14,0.345766,1087.0,0
8/8/3p1rnk/1N1Pp2p/1p2P2P/1Pp5/K1P5/7R b - - 7 59,348.0,282.0,h6g7,quiet,16,0.045885,66.0,0
r2q1rk1/pb3p1p/1p1b1n2/2p2p2/3p4/PP5P/1BPPNPP1/RN1QR1K1 w - - 0 13,-455.0,-433.0,d2d3,quiet,28,0.008469,22.0,0
rnb2rk1/1p2qpbp/2pp3p/p7/1P1P4/3BPNP1/P2N1P1P/2RQK1R1 w - - 0 10,18.0,24.0,b4b5,quiet,28,0.008603,6.0,0
4Q3/3R3r/5K2/4n3/p3k3/P7/8/8 b - - 1 66,-1157.0,-1573.0,h7h6,quiet,8,0.001162,416.0,0
1r2k2r/4bpp1/P2qb2p/8/2pP4/2n2B2/1P4PP/R1BQ1RK1 w - - 0 18,-23.0,1155.0,b2c3,capture,22,0.531757,1178.0,0
r2q2k1/p3Bpp1/2p2n1p/4Q3/2Pp4/1N1P2Pb/P4P1P/R5K1 b - - 3 22,-144.0,-41.0,f6g4,quiet,22,0.137397,103.0,0
rq2kbnR/2pb1pp1/8/p1n5/1pP1p3/4BNP1/PPQNKP2/R7 w q - 0 16,381.0,1248.0,e3c5,capture,25,0.099604,867.0,0
1k3b1r/8/p1p3pn/P3P2p/4NP2/4P3/1r3P1P/3R1K2 b - - 1 21,1697.0,1729.0,f8b4,quiet,18,0.000010,32.0,0
2k1r3/1r1q4/5Q1p/1P3p2/4p3/N1P1P3/2KP4/2B2B1n w - - 5 25,129.0,304.0,a3c4,quiet,17,0.174388,175.0,0
8/2R3p1/r7/3kP3/3b4/6pP/2PB2K1/8 b - - 0 34,-45.0,-3.0,d4e5,capture,11,0.060083,42.0,0
r1b1k2r/pppp4/4n1pp/3Qp1q1/4P3/1PN1P3/P1P3PP/R3KB1R w kq - 3 12,140.0,136.0,e1d2,quiet,26,0.004936,4.0,0
5kn1/ppq3p1/2r2p2/3p3p/Pb4b1/1P1BPN2/1Q2KPPP/7R w - - 0 21,-1183.0,-1178.0,h2h3,quiet,23,0.000032,5.0,0
8/3b2k1/3P4/K7/8/8/8/8 w - - 0 77,31.0,10.0,a5b6,quiet,4,0.030107,21.0,0
8/8/8/3Nn3/8/1r6/3k3K/8 w - - 10 60,-1100.0,-1172.0,h2g1,quiet,5,0.000602,72.0,0
r7/P1p2pbp/2kn2b1/2pp4/2r2N2/5P2/R2BNKP1/7R b - - 2 25,759.0,865.0,c4c2,quiet,20,0.005672,106.0,0
r4b1r/p1pq1k2/P3pn1p/R1p2pp1/1pP2P2/1Q1P2P1/1P1NP2P/2B1K2R b K - 3 13,24.0,135.0,g5g4,quiet,28,0.150576,111.0,0
r3k1nr/1ppb2pp/p7/P1b1Pp2/2PP4/7P/2N1B1P1/R1B1K2R b - - 0 20,-462.0,-644.0,c5e7,quiet,24,0.041448,182.0,0
2kr3r/2p2pp1/pp6/4pPPp/P1n1P2P/2Pb1B2/P6R/R3K1B1 b - - 5 19,173.0,235.0,c4d6,quiet,24,0.064337,62.0,0
1k1r4/pbp2p2/5B1p/2bq1B2/8/pP4P1/2PP2PK/R4R2 w - - 6 22,-1222.0,-1519.0,f5h3,quiet,20,0.000721,297.0,0
8/2rBK3/1k5P/8/p7/8/2b1R3/8 b - - 2 54,-38.0,195.0,a4a3,quiet,8,0.308923,233.0,0
3k4/1p1n1r2/3p4/p4PKp/2R5/2P5/PP6/8 w - - 2 42,-1009.0,-1014.0,c4a4,quiet,13,0.000085,5.0,0
2k3r1/7R/p6p/P1p5/2P5/3Pr1b1/1P4B1/1Q5K b - - 4 33,-963.0,-280.0,e3e1,quiet,15,0.162440,683.0,0
2rqr1k1/1p3ppp/p3bn2/P2p4/1b6/1P1QPB2/1B1N1PPP/R2R2K1 w - - 7 15,69.0,88.0,d2f1,quiet,26,0.025988,19.0,0
4k2r/1q1n1p2/4p3/1p4p1/1QpPb3/2P2N1P/4PPB1/5RK1 w - - 0 20,127.0,205.0,f1a1,quiet,20,0.089921,78.0,0
2k5/8/pp2p3/2p2p1p/2Pn1P2/PP1N2PP/8/2N2Kb1 b - - 2 28,-10.0,157.0,g1e3,quiet,18,0.226110,167.0,0
1rb2rk1/2p3p1/2qb1n1p/1p2p3/1P6/2N1PN1P/1BPPQ1P1/1R3RK1 b - - 0 13,11.0,-6.0,f8e8,quiet,25,0.024459,17.0,0
8/8/8/1r4p1/4K3/5P2/3B2k1/8 b - - 18 73,319.0,384.0,g2f2,quiet,6,0.038675,65.0,0
8/1k1p3p/p1b4P/8/8/3r2q1/2K5/2R1R3 w - - 0 35,-3274.0,-3479.0,e1e2,quiet,11,0.000000,205.0,0
6k1/2R4p/p2pr1p1/8/p2b4/1P4P1/6KP/8 w - - 0 30,-1558.0,-1327.0,b3a4,capture,13,0.000354,231.0,0
3rk1r1/4n2p/pp3p2/b1p4q/2P1P3/PR2QN2/4PKBP/7R w - - 2 23,-325.0,-188.0,e3f4,quiet,22,0.119644,137.0,0
r4b1R/5k2/1p3p2/1b1P4/p1p5/2N1P2P/3B1K2/8 w - - 0 32,-295.0,326.0,c3b5,capture,15,0.712515,621.0,0
1k6/2bR4/5r2/p6p/2K1N3/7P/5P2/8 b - - 17 52,105.0,81.0,f6f4,quiet,10,0.032167,24.0,0
8/4R1pk/7p/5p2/3pn3/2q2PPn/4B3/3Q1K2 b - - 0 54,170.0,1510.0,e4g3,capture,14,0.273002,1340.0,0
5Q2/6pk/2q1pn1p/4Pp1P/4RP2/3P1K2/r7/8 b - - 9 45,1424.0,2770.0,f5e4,capture,15,0.000275,1346.0,0
8/r5k1/1p1R2p1/7p/1PP4P/5BP1/2q2PK1/b3Q3 b - - 14 35,-879.0,-801.0,c2c4,capture,16,0.003539,78.0,0
3k4/p4p2/8/7Q/3B4/2P1Kp2/q7/8 b - - 4 38,-644.0,-517.0,f3f2,quiet,9,0.024559,127.0,0
2k5/p1p4p/1pb5/8/7B/P2P3P/P1PK4/4RBrn w - - 2 21,440.0,599.0,f1e2,quiet,17,0.042763,159.0,0
5r2/2k2Np1/2p4p/p4R2/P2P4/6b1/2r5/4R2K w - - 0 29,-750.0,-725.0,e1e7,quiet,14,0.002006,25.0,0
3qr1kb/5p1p/b1n3pP/p1p1n1P1/1p1p1B2/3P1P2/PPP1N1B1/R2Q1RK1 w - - 0 20,114.0,258.0,e2g3,quiet,28,0.156937,144.0,0
5r2/2k3p1/p3p3/3b2n1/1R1P3R/8/2P3B1/3K4 w - - 0 31,492.0,592.0,g2d5,capture,13,0.023558,100.0,0
7k/bpp4p/5N2/p4P2/P5P1/2P1p3/1P1r3P/2KB4 w - - 1 33,-839.0,-844.0,f6e4,quiet,17,0.000223,5.0,0
1k1r4/p7/5p2/3n1q1p/PP6/3N2R1/1P4BP/4R1K1 b - - 2 31,441.0,502.0,h5h4,quiet,16,0.020533,61.0,0
8/5k2/8/6p1/7P/8/4RK2/2r5 w - - 2 60,13.0,3.0,e2b2,quiet,6,0.014383,10.0,0
8/4kp1p/r1pN4/4P3/3PKPP1/8/1r5P/2R5 b - - 0 30,-423.0,-379.0,h7h5,quiet,14,0.020862,44.0,0
1R6/8/2K5/6r1/8/p1k5/8/8 w - - 2 50,-639.0,-692.0,b8a8,quiet,5,0.006361,53.0,0
r7/pppk1p2/2n1b3/2bp1p1r/3P1p2/2P2N1B/PP2PK2/R6R w - - 0 17,-1345.0,-512.0,d4c5,capture,23,0.049430,833.0,0
6k1/6p1/2p2r2/2Qb4/3Pp1qp/4R3/5P1P/Q3KR2 w - - 13 49,1359.0,1347.0,a1a8,quiet,16,0.000029,12.0,0
2kr2nr/pppbqpb1/6p1/4p2p/2PnP3/PP3N2/1BQPBNPP/R4RK1 w - - 1 12,-289.0,-75.0,f3d4,capture,30,0.234435,214.0,0
r2qk2r/ppp5/2np2np/5b2/P1PPNp2/P1N2PP1/5K1P/2BQ1B1R w - - 1 15,101.0,69.0,c3d5,quiet,27,0.043376,32.0,0
8/5Rpk/8/p5pP/r3r3/4BK2/5P2/8 w - - 0 55,-732.0,-783.0,e3g5,capture,11,0.003668,51.0,0
4rrk1/p2n2p1/3p1q2/1ppP1p1P/5P2/PP1QPB2/8/2RK2R1 b - - 1 26,86.0,103.0,c5c4,quiet,22,0.022737,17.0,0
8/1P4k1/2r4p/1R3p2/2P1p3/8/5Kn1/8 b - - 3 55,-305.0,-941.0,e4e3,quiet,10,0.142905,636.0,0
5rk1/4r3/p1p1b1pp/1p1nPpN1/1Pq5/2P4P/P3R1PK/4QR2 w - - 0 24,-1104.0,-1146.0,g5e6,capture,23,0.000372,42.0,0
6k1/pp6/6P1/3n3r/Pb6/2B4P/6P1/1R5K b - - 0 40,495.0,1080.0,b4c3,capture,13,0.052719,585.0,0
8/5p2/p4P2/4kPBK/PP4P1/8/4b3/8 w - - 5 39,820.0,767.0,h5h4,quiet,11,0.003114,53.0,0
r1b2r2/1p3ppk/3p4/p1q5/8/N4Q2/RP3PPP/5RK1 b - - 0 15,248.0,366.0,h7g8,quiet,19,0.085041,118.0,0
r3kbnr/1b1p2p1/5p2/pB2p2p/PpNpP3/1P1P4/1B2KPPP/R6R w kq - 0 12,34.0,195.0,f2f4,quiet,27,0.205680,161.0,0
2rk1b2/q3r2p/2p3p1/2N2p2/PP1PBP1P/3Q2P1/1B6/R4K2 b - - 0 30,-1268.0,-436.0,f5e4,capture,21,0.074497,832.0,0
r4rkb/1bq2p1p/n1Np1npP/1B2p3/p3P1P1/2P1BP2/PP6/R2QK1NR w KQ - 3 13,114.0,35.0,c6b4,quiet,29,0.108215,79.0,0
Q1rk4/3n4/3b4/6q1/1p1PR3/6N1/P5K1/8 w - - 8 54,-887.0,-1411.0,e4e8,quiet,12,0.005727,524.0,0
2kr3r/pbp2pp1/1pnq1n2/3pN3/3P4/2NB3P/PPP2PP1/R2QR1K1 b - - 1 12,-349.0,-364.0,d6f8,quiet,27,0.008711,15.0,0
r3kb1r/4npp1/1pn1p2p/p1p5/Q1P2PPq/P1N2P2/1P1BK2P/3R1B1R b kq - 6 9,-14.0,-101.0,f7f5,quiet,28,0.121253,87.0,0
2kr4/1b2bp1p/4p1pB/pQprq3/2R1P3/8/2N2P1P/R3K3 b Q - 3 22,821.0,684.0,g6g5,quiet,21,0.010342,137.0,0
4Qb1r/2pq2pp/p1n2k2/1p6/1P1p1p2/P1N2P2/1BP3PP/2KRR3 b - - 0 18,-1773.0,-1822.0,d7e8,capture,24,0.000009,49.0,0
rn2k1nr/7p/2pq2pb/1p3p2/p2Pp3/1QN1P2P/PP3PBP/R1B1K2R w kq - 0 10,-122.0,-255.0,b3c2,quiet,28,0.144043,133.0,0
r1bqk2r/1pp3pp/3p4/p3n3/2P3P1/2P5/P3PPB1/R1BQK2R w KQkq - 0 9,42.0,157.0,c4c5,quiet,24,0.151572,115.0,0
4k1nr/pp2bp2/6p1/3nNbP1/3PNP1p/P3P2P/1P1B2B1/4K2R w K - 5 19,1169.0,1356.0,e4f2,quiet,24,0.000787,187.0,0
rn5r/pbq3k1/4Qpp1/1Bb2n1p/N2p1P1P/P4N1R/1P1B2P1/1K2R3 w - - 0 19,88.0,257.0,a4c5,capture,26,0.190482,169.0,0
8/8/2p5/p3p3/2p1Pk2/P1Nb4/5K2/8 w - - 36 61,-808.0,-1210.0,a3a4,quiet,10,0.008516,402.0,0
2k5/pp1n1p2/3R4/2pP4/5P2/P6r/1B2r3/R5K1 w - - 0 22,-778.0,-855.0,b2e5,quiet,15,0.003989,77.0,0
1rbq3r/p3nkp1/3p1p1p/3p4/P2n3P/B2B1P2/2Q2KP1/R5NR w - - 0 13,-89.0,-344.0,c2c3,quiet,24,0.253354,255.0,0
rkb4r/8/p1p3p1/2Qn4/2N2p2/6P1/5P1P/2q2BK1 w - - 5 26,-674.0,-1093.0,c5d6,quiet,17,0.018388,419.0,0
r1b1k2r/p1b3pp/2p1pq2/2Nn1p2/1pBB4/5Q1P/PPP2PP1/2KR3R b q - 3 17,-276.0,-415.0,c7e5,quiet,27,0.085535,139.0,0
3rkb1r/1p3pp1/2b1pn1p/p1p5/2P2B1P/2N2P2/PP2BP2/3RK1R1 w k - 3 13,-231.0,-219.0,d1d8,capture,25,0.011657,12.0,0
5b2/2p5/ppk5/5p2/P1KBp3/1PN5/2P5/8 w - - 0 28,634.0,593.0,d4e5,quiet,13,0.006531,41.0,0
8/8/8/5p1p/7P/1R5K/5k2/3r4 w - - 2 70,-84.0,-103.0,b3b2,quiet,7,0.025450,19.0,0
1k6/4q2p/5p1P/p2R2p1/PpN1rbP1/1P6/2P3Q1/1K6 w - - 0 48,619.0,768.0,d5b5,quiet,18,0.015685,149.0,0
5rk1/8/q5pb/3Pp3/p1N1Pn1p/1P3R1P/1PR3PK/3Q4 b - - 0 30,-913.0,-933.0,a4b3,capture,20,0.000562,20.0,0
r4b1r/pp3kpp/4bp2/3p1n2/8/NPq5/P3BPPP/1RBQ1RK1 b - - 1 12,8.0,-18.0,c3c6,quiet,25,0.037392,26.0,0
2k1r3/pp6/2p1P3/3p4/1b1P1B2/PPNb3r/1K3R2/6R1 b - - 0 36,134.0,112.0,b4e7,quiet,18,0.027996,22.0,0
2bq1rk1/bp3pp1/3p4/p2n3p/P2P4/5PP1/1P3N1P/R1BQ1RK1 w - - 0 15,210.0,171.0,f2e4,quiet,24,0.042125,39.0,0
3b2k1/3P1rp1/4Q2p/4p3/5n2/P7/1P6/1KR5 w - - 2 30,2064.0,2175.0,e6e8,quiet,13,0.000003,111.0,0
1r4k1/2p2b2/8/3Pp1p1/1b2B3/6N1/P1p2B1P/1R4K1 w - - 0 31,592.0,1362.0,e4c2,capture,16,0.031658,770.0,0
6k1/1p3pp1/p7/2p2P2/2Pnq2P/P1R5/KQ1R4/3B1r2 w - - 5 37,806.0,897.0,h4h5,quiet,18,0.003879,91.0,0
6k1/p2r1q1p/p1b2pp1/5r2/2PB1N2/1Q6/P2R1PP1/6K1 w - - 3 31,-574.0,-674.0,b3e3,quiet,19,0.015191,100.0,0
4k3/pb6/p2PP3/8/7P/6P1/8/2b2K2 b - - 0 37,959.0,1456.0,b7d5,quiet,10,0.003759,497.0,0
4r1k1/1p3p1p/2p3p1/5b2/p4P2/P2q3P/1P1Q1PB1/2R3K1 w - - 0 20,-604.0,-574.0,d2d3,capture,19,0.005450,30.0,0
8/1p4k1/p1r4p/6p1/PP4N1/2P2PP1/2R5/2b2K2 b - - 2 35,-280.0,-388.0,c1a3,quiet,15,0.069556,108.0,0
7Q/4k1p1/2p2n2/p1b5/2BpP1q1/1P6/PB1P3P/R3KR2 w Q - 1 18,1403.0,2144.0,c4e2,quiet,19,0.000306,741.0,0
r4rk1/pp3pbp/1q1pbn2/8/2BR4/1PN1PPpP/3B2P1/3QK2R b - - 5 15,235.0,391.0,e6c4,capture,25,0.110136,156.0,0
1k5r/1p3R2/2n2p2/6p1/P5P1/1Pb2P1p/7P/1K1R4 b - - 3 30,407.0,588.0,c3e5,quiet,16,0.054859,181.0,0
rn2k1nr/pp1qppb1/3p2p1/3N3p/3N4/6P1/PPP1PP2/R1BQ1RK1 w kq - 2 9,-243.0,-342.0,e2e4,quiet,27,0.075476,99.0,0
r3kbr1/1p5q/2p1bp2/p3pN2/1P2P1n1/2Q4N/P2B2B1/R4RK1 w - - 0 22,-35.0,48.0,b4a5,capture,23,0.118841,83.0,0
6k1/2Rb2p1/p3r3/1p6/1P3P2/P2Q2K1/3qPB2/8 b - - 2 41,-179.0,-114.0,d2d3,capture,15,0.078580,65.0,0
8/1p1r1k2/2r5/p1R3p1/4p1P1/4P1K1/1PR2P2/8 w - - 2 33,199.0,322.0,c5c6,capture,14,0.105852,123.0,0
1k2r3/1pnq4/3b4/p2p3p/P5p1/1P1Q2P1/NB3P1P/2R3K1 w - - 4 27,10.0,-50.0,b2c3,quiet,20,0.085850,60.0,0
4kb1r/1p3p1p/6r1/p7/3n2b1/2P5/PP4P1/RN2KB1R w KQk - 0 14,-1261.0,-497.0,c3d4,capture,19,0.053414,764.0,0
2kr2nr/pbpp2p1/1p1b1q2/2nP4/P1P3P1/NQ6/1P1B2B1/2KRR3 w - - 5 17,-840.0,-854.0,b3c2,quiet,25,0.000606,14.0,0
1q2r1k1/3bbp2/5npp/8/1P1Q3P/4PB2/2P1N1R1/2KR4 b - - 1 24,-66.0,-70.0,h6h5,quiet,19,0.005541,4.0,0
1nbqkbr1/1pp2p1p/r3p3/5n2/P1p3pP/4P1P1/1B1PNPB1/RN1Q1RK1 b - - 1 9,-121.0,-208.0,b8c6,quiet,29,0.100634,87.0,0
6k1/6p1/2q4p/5Q2/2r2BKP/6P1/8/8 w - - 21 54,-691.0,-697.0,g4h3,quiet,10,0.000613,6.0,0
8/1p3n2/4NK1p/2p2P2/1k4P1/7P/8/8 b - - 3 50,-536.0,-523.0,f7d6,quiet,10,0.003237,13.0,0
2r3k1/1B3qn1/1P1pp3/p7/2P5/5Q2/P4PP1/1R4K1 b - - 0 33,-1446.0,-1160.0,c8b8,quiet,16,0.001015,286.0,0
r2r2k1/n1p1b1p1/4p1N1/1pPN3p/p2P1P1R/4B1pP/1P4K1/6R1 b - - 0 31,-627.0,286.0,e7h4,capture,23,0.812040,913.0,0
3r4/2P1k3/3p3p/7r/p1P3p1/B7/2B1PPK1/3R4 b - - 0 35,-1139.0,-1959.0,d8a8,quiet,15,0.001406,820.0,0
2nrk2r/2q3p1/2p1bn2/p1b1pP2/Pp5P/1P3PPB/2PNQ3/1NKR3R w k - 0 19,-503.0,537.0,f5e6,capture,27,0.904153,1040.0,0
r2qk2r/1bpp2b1/1p2P1p1/p5Np/2BnpPnP/P1N5/1PP3P1/R1BQ1K1R b kq - 0 11,480.0,516.0,d8e7,quiet,30,0.010567,36.0,0
1k1rq3/1p3r2/p1p4p/2Nnb1p1/1P1p2P1/P1nP2QP/2P2PB1/2B1R1K1 w - - 0 26,-928.0,855.0,e1e5,capture,26,0.988003,1783.0,0
7r/1bpk1pp1/5n1p/5p2/2PP4/B5P1/3N3P/5RK1 w - - 0 21,-55.0,92.0,d4d5,quiet,17,0.207885,147.0,0
1k3r2/p1ppq1p1/br6/N3p3/QP2P1P1/5NK1/8/4R3 w - - 1 23,-1213.0,-1347.0,a4a1,quiet,18,0.000498,134.0,0
Q7/8/4b3/4k3/1K6/1P6/8/6n1 b - - 0 70,-719.0,-845.0,g1e2,quiet,6,0.008032,126.0,0
4k3/8/4p1pp/1P2p3/2BbNn2/6KP/8/8 w - - 38 64,-319.0,-357.0,g3f3,quiet,12,0.023946,38.0,0
5r2/8/8/2k3p1/7p/4K2P/8/6R1 b - - 3 56,24.0,29.0,f8f5,quiet,7,0.007154,5.0,0
6Q1/r2np2p/7k/2pNpP2/1pq5/8/P1P4P/1K6 b - - 1 41,814.0,2567.0,a7a2,capture,16,0.009141,1753.0,0
6r1/2p5/4k2p/p1B1p3/P3b2P/4PP2/PrP4R/3RK3 b - - 0 26,38.0,1046.0,g8g1,quiet,18,0.443110,1008.0,0
r3kb1r/pb1q1ppp/5n2/4N3/1P1p3P/4P1P1/1PP2P2/R1BQKB1R b KQ - 1 10,-325.0,248.0,d7d5,quiet,26,0.673084,573.0,0
8/4b3/4P3/8/k3P3/ppBK4/8/8 b - - 0 48,691.0,621.0,a4b5,quiet,8,0.008874,70.0,0
1n1k2r1/1ppbnp2/1r2p2p/p3P3/2B1PP2/1P3N2/P5PP/R1BR2K1 b - - 0 14,-749.0,-869.0,a5a4,quiet,25,0.006558,120.0,0
r4r1k/p4pp1/q6n/3pN2P/bRpPp2P/2P5/P3BP2/2Q1K1R1 b - - 3 22,106.0,122.0,a4e8,quiet,24,0.020712,16.0,0
2k5/2p1q2p/8/p7/3Qb3/p7/P5PP/5RK1 w - - 1 33,769.0,1699.0,f1e1,quiet,13,0.011756,930.0,0
2k3nr/ppp3p1/7p/8/Pb4bP/R1q5/4PQP1/2BK1B1R b - - 3 15,828.0,1471.0,b4a3,capture,21,0.008229,643.0,0
k1r5/1p1b2pp/8/b2q4/P2Bp3/4Q3/5P1P/1R4K1 w - - 2 36,-1200.0,-1483.0,b1d1,quiet,16,0.000803,283.0,0
8/4k3/3R4/3p4/5r2/2K5/8/8 w - - 10 57,23.0,18.0,d6h6,quiet,5,0.007170,5.0,0
5rk1/p2p1rpp/3npq2/7P/1p1NB3/5N1R/PPPR1P2/4K3 w - - 1 20,-1512.0,-1614.0,e4d3,quiet,22,0.000074,102.0,0
8/2p5/1p1bk3/rP5p/p1P1pprP/4B1P1/1P3P2/RR3K2 w - - 0 34,-356.0,-274.0,g3f4,capture,20,0.057059,82.0,0
2r5/p2ppk1p/4qnp1/1Q6/P4R2/2N1P1PP/P1KP4/8 b - - 6 22,-32.0,12.0,e6a2,capture,19,0.063184,44.0,0
8/8/8/Bk6/8/8/5p2/5K2 b - - 3 57,56.0,66.0,b5c4,quiet,4,0.013956,10.0,0
5b2/5b2/2k2P2/p4R2/2p1pP1p/P1NpP2P/7r/R3K3 w Q - 1 28,-334.0,-358.0,a1b1,quiet,18,0.014601,24.0,0
8/p5p1/2pk4/1p6/5r2/PPP2B2/6K1/8 b - - 0 28,1863.0,1804.0,g7g5,quiet,11,0.000009,59.0,0
1k4r1/p2R1p1p/1pp3p1/2b1P3/5P1P/6P1/q3B2R/4K3 b - - 1 27,1874.0,2003.0,a2a1,quiet,18,0.000011,129.0,0
r4rk1/p4ppp/2p1b3/Np2p1b1/1P2P1nP/2P3P1/P3B3/R1B2RK1 w - - 0 15,-103.0,956.0,h4g5,capture,25,0.639977,1059.0,0
7r/3bp3/3r1k2/R2p4/2qN1Pp1/2PnP3/3P2BP/1Q3RK1 w - - 1 24,627.0,711.0,g2d5,capture,20,0.009940,84.0,0
r3k3/1b2ppb1/p1n5/1pP5/3pB1P1/1P6/PBP2r2/1K2R2R b - - 3 23,757.0,859.0,f2f4,quiet,21,0.005577,102.0,0
r3k2r/pbppbp1p/1pP3p1/4P3/1P2nP2/PK3N1P/5qP1/RNBQ1B1R b kq - 2 12,-667.0,-295.0,b7c6,capture,29,0.133656,372.0,0
2bk4/p1pq2p1/2n1p1P1/r2B2N1/Np3b2/1P6/PBPP1Q2/R2K4 b - - 0 19,-954.0,-292.0,d7d5,capture,23,0.152874,662.0,0
4qr1k/2p3p1/bn1p3p/5n2/2PbNN2/1Q1B1PP1/6KP/2BR4 b - - 1 22,-21.0,173.0,e8f7,quiet,22,0.260430,194.0,0
rk1q2r1/ppp5/2n4p/2b2B2/5P2/2P2QPP/PP1B2K1/3R4 b - - 4 24,680.0,718.0,a7a5,quiet,21,0.003783,38.0,0
8/5rpk/2b1p2p/2q1Pn2/1pP5/p2R3P/4Q1PK/B1R5 w - - 4 41,-273.0,-322.0,d3b3,quiet,19,0.036548,49.0,0
3qrrk1/3b1pp1/p2P3p/8/2p1PNnP/2N5/PP1Q2P1/R4R1K w - - 2 18,6.0,-102.0,g2g3,quiet,23,0.151347,108.0,0
6k1/5p2/6p1/3qP1QP/3P3R/1Pr5/P1r5/K5R1 w - - 0 42,406.0,100.0,g1b1,quiet,15,0.271840,306.0,0
3k4/5p2/8/5B2/3P3P/4Q3/1p4K1/q7 w - - 0 53,711.0,484.0,e3g5,quiet,9,0.041661,227.0,0
r2qkb1r/ppp3p1/2b2p2/3np2p/8/4PN1R/PB1P1PP1/RN1QKB2 w Qkq - 0 9,628.0,518.0,d1c2,quiet,27,0.022043,110.0,0
3r1rk1/p4pb1/1p4p1/2p1p2p/q1P1P2P/1nP1QP1N/1P4R1/1R2KB2 b - - 1 20,750.0,842.0,d8d6,quiet,25,0.005369,92.0,0
R2b4/3k4/1p4p1/3K3p/8/4B2p/2r5/5R2 w - - 5 35,983.0,912.0,a8a7,quiet,11,0.001745,71.0,0
6k1/p5pp/2p2p2/4pn2/P1P4P/1PN3P1/1KP2P2/3rN2b w - - 0 22,-1998.0,300.0,c3d1,capture,20,0.849010,2298.0,0
8/5n2/4b2p/8/4kNPK/4Pp2/5P2/8 b - - 29 74,507.0,572.0,e6c4,quiet,10,0.015423,65.0,0
r4k2/5p2/4n3/ppbr2Pp/4pp1N/7P/PP3PK1/1RB4R b - - 5 25,953.0,1918.0,d5g5,capture,21,0.004112,965.0,0
N2kr3/pp2b1pp/2np4/2p2b1q/2PpnP1P/5N2/PP4BR/R1BQ2K1 b - - 2 14,203.0,489.0,e7f6,quiet,27,0.180591,286.0,0
1r5r/1p2R1Q1/1kppB3/p3n3/3qP3/P7/KP6/6R1 w - - 3 35,-367.0,-340.0,g1g3,quiet,17,0.015895,27.0,0
8/8/5rk1/6b1/4pn2/8/3R4/5R1K w - - 0 42,-808.0,-772.0,d2d8,quiet,8,0.002153,36.0,0
R2b2k1/3r3p/pp4pP/3rp3/1B6/P2p1P2/6K1/3R4 b - - 1 28,695.0,857.0,a6a5,quiet,17,0.010822,162.0,0
r4rk1/1p1bq1pp/2n1pn2/1N3p2/Rbp2P2/4PN2/1B1PB1PP/3Q1RK1 b - - 0 14,176.0,134.0,a8a4,capture,27,0.049817,42.0,0
5k2/8/5p2/8/p2p1PB1/1p1N1K2/7q/4R3 w - - 0 47,-688.0,-607.0,d3c5,quiet,11,0.010780,81.0,0
r6r/p3bk2/R2p4/1b1Pp1p1/4P2p/4BP2/1P5R/4K1N1 w - - 1 22,-290.0,-380.0,a6a5,quiet,19,0.057625,90.0,0
r1b1kb1r/ppq1pp2/2p3p1/4N2p/1P1P4/2P1n3/P3QPPP/R3KB1R w KQkq - 0 11,-601.0,-71.0,e2e3,capture,27,0.368739,530.0,0
2rr2k1/1p1nqpPp/4p3/6P1/p2pPPN1/8/5Q2/1R3BK1 b - - 0 31,662.0,555.0,g8g7,capture,20,0.017709,107.0,0
2q2rk1/2r1ppb1/6p1/2nN1n1p/1R5P/5Q2/2PPNP2/2B2RK1 b - - 9 19,501.0,410.0,c7b7,quiet,22,0.033312,91.0,0
8/8/5kp1/4p2P/6P1/4b3/6K1/8 b - - 2 49,1289.0,1382.0,g6h5,capture,7,0.000248,93.0,0
8/1r4pp/p4n2/2kb2P1/P4P2/3R3P/2B5/K7 b - - 0 37,985.0,1049.0,f6e4,quiet,14,0.001056,64.0,0
r1b1k1nr/pp4qp/1np1P3/3p4/3PPB2/5P2/P2N2P1/R2QKB1R b KQkq - 0 11,-619.0,-352.0,g7d4,capture,25,0.088907,267.0,0
1kr5/1p6/p3b3/5n2/1P1P1R2/P3p3/4N2P/4KB2 b - - 3 32,47.0,-211.0,f5d6,quiet,15,0.338343,258.0,0
4Rb1r/1k3P1p/1p5p/2p5/2Pn4/p3N3/6P1/B5K1 b - - 4 32,-217.0,-183.0,h6h5,quiet,16,0.035720,34.0,0
2r5/1p4k1/1q1b3p/1Pp2Q2/2b2P2/5NPP/6BK/3Rr3 w - - 1 33,147.0,686.0,f5g4,quiet,18,0.281320,539.0,0
5rk1/2pb2p1/p5q1/P2p1pN1/3B1P1p/1Q1P2rP/6P1/4R2K w - - 0 32,-74.0,684.0,b3d5,capture,21,0.585787,758.0,0
4r3/2p2kr1/p1Nq1ppb/1p1Pp2p/4P2N/P5QP/KPP5/5R2 w - - 4 29,-123.0,-183.0,g3g2,quiet,23,0.071465,60.0,0
r1b2k1r/pp2pp2/3p1np1/q2P1n1p/8/2NB1N1P/PPPQ1PP1/R3K2R w KQ - 5 10,194.0,209.0,e1c1,quiet,28,0.015690,15.0,0
1k1r3r/1bp1qpb1/pp5p/1N1n2p1/1PQ1P3/P4P2/R3B1PP/2B1K2R w - - 0 17,-521.0,-691.0,b5d4,quiet,26,0.029082,170.0,0
r2k1Nn1/2p3R1/1p1p3p/3b1p2/5P1P/p1BP4/2P4P/K7 w - - 4 27,-98.0,-106.0,h4h5,quiet,19,0.010575,8.0,0
8/2pk3p/3p4/6p1/3R2P1/2P1r3/2K4n/2N5 b - - 0 36,1083.0,1400.0,e3g3,quiet,12,0.001641,317.0,0
8/8/8/q3n1k1/4B3/3PP3/1P2Q3/1K6 w - - 7 65,1057.0,1057.0,d3d4,quiet,9,0.000000,0.0,0
8/8/8/8/1k6/7p/7K/8 b - - 9 59,-59.0,36.0,b4c4,quiet,3,0.135725,95.0,0
8/4k2p/1p3r2/8/1P5Q/P3q3/6PP/3R3K b - - 7 33,-849.0,-1168.0,e3f2,quiet,12,0.006285,319.0,0
2kr1br1/1pp2n1p/p1n1b1P1/4pp2/PP2P3/2P1B1N1/1N2BPP1/R3K2R b KQ - 0 17,-249.0,131.0,h7g6,capture,27,0.487495,380.0,0
r2qk1nr/pbppp2P/8/3P2p1/Q1p1P3/2P4P/P5PR/R3KBN1 b Qkq - 0 10,-265.0,-283.0,g8f6,quiet,25,0.014702,18.0,0
4rrk1/p1p2p1p/2N5/1P6/2NpPqP1/3P4/6PP/5R1K w - - 0 32,-1550.0,1104.0,f1f4,capture,19,0.998132,2654.0,0
5k2/3nbpp1/2q5/2p1p3/4P3/r4PP1/1BQPKN2/3R4 b - - 7 26,63.0,209.0,c6b5,quiet,18,0.179392,146.0,0
1b1q1k1r/1p2npp1/r4n2/1N1pB1Q1/P1P5/6P1/3P2B1/R4RK1 b - - 0 20,18.0,820.0,h8h5,quiet,22,0.465285,802.0,0
8/6p1/3k2N1/1p1n2RP/r7/3K4/8/8 b - - 0 51,178.0,128.0,a4a3,quiet,9,0.059576,50.0,0
2rq1rk1/4bpp1/3np2p/1p1b4/p1pP1PPP/P1P5/1P1NQB2/R3KBR1 b Q - 0 18,356.0,297.0,e7h4,capture,28,0.039084,59.0,0
8/k1p5/1p6/q7/2P1PR2/1Q1N4/r3n3/2BK4 b - - 2 42,-119.0,737.0,e2d4,quiet,13,0.650690,856.0,0
2kr1b1r/pppbq3/2n4p/3Bpp2/3P3R/4P1P1/PPQBNP2/R3K3 w Q - 1 12,156.0,301.0,d5c6,capture,26,0.139217,145.0,0
5Q1R/pp1kpp2/2p1bn2/8/5q2/P1N5/1P2BPK1/2r5 b - - 6 24,799.0,2579.0,f4g5,quiet,18,0.009957,1780.0,0
1k2r3/2pbn3/1p1n4/p2p1p1p/P2P1P2/1KPBN1P1/2P4P/4B1R1 w - - 7 28,193.0,103.0,e1d2,quiet,23,0.108281,90.0,0
k7/7R/2r4p/7P/4K3/8/8/8 w - - 1 68,96.0,85.0,e4d5,quiet,6,0.014802,11.0,0
4Bk2/1pp5/6R1/p2PP2p/P1KP4/5r1P/3r1b1P/2R5 w - - 1 28,379.0,-457.0,c4b5,quiet,18,0.831406,836.0,0
r3kbnr/2pb1ppp/p2q4/n7/PpBPP3/5N2/1P4PP/RNBQK2R w KQkq - 2 9,190.0,233.0,c4d3,quiet,28,0.043613,43.0,0
2bq1rk1/r5bp/p4Bp1/1pp5/3p1P2/1PN1P3/P1PPB1P1/R2QK2R b Q - 0 11,-171.0,322.0,g7f6,capture,26,0.592519,493.0,0
2kr3r/p1pq2p1/1bn2p2/1N1b4/Q2p4/3P1NP1/1P1BPPB1/2R3K1 w - - 2 19,-86.0,-171.0,d2f4,quiet,24,0.106675,85.0,0
rn1qkb1r/1p3b1p/2p2np1/p4p2/2P2B2/PNNP2PB/1P5P/R2QK1R1 b kq - 0 12,213.0,219.0,f8e7,quiet,28,0.006001,6.0,0
r2qk2r/ppp5/4pnb1/2np2Bp/4P3/N1P2PbN/PPQ3B1/2KR3R w kq - 0 13,182.0,135.0,b2b4,quiet,27,0.055269,47.0,0
8/8/2p1k3/5R2/2pr4/2NnK3/8/8 b - - 0 62,287.0,349.0,d4h4,quiet,8,0.042564,62.0,0
5b2/p3rk2/5p1n/2p4P/2P1N3/2P2P2/PrP5/3R1K1R b - - 2 25,760.0,1125.0,h6f5,quiet,18,0.010895,365.0,0
2kr1br1/1b1nq2p/p1p3pn/1p6/4P3/1P3N1P/PBPNQ1P1/1K1R1B1R b - - 10 12,-453.0,-381.0,f8g7,quiet,27,0.031716,72.0,0
r2qkb1r/1p1b1pnp/p3p1p1/n2pP3/3P3P/P1NB1PP1/4NK2/1RBQ3R b kq - 0 12,74.0,59.0,f8e7,quiet,29,0.020812,15.0,0
r2qk2r/p1np1pp1/4p2p/2bnP3/Pp2N3/8/1PP1QPPP/RNB1K2R b KQkq - 1 9,11.0,-112.0,c5e7,quiet,28,0.171645,123.0,0
4r2k/R3P2p/1p6/1P6/4bn2/8/2P4P/6K1 b - - 0 29,1353.0,1416.0,f4g6,quiet,12,0.000126,63.0,0
3q1rk1/1Q2Bpp1/1p2p3/p5P1/P1r5/4P3/3PKP2/6R1 b - - 0 23,317.0,900.0,c4c7,quiet,18,0.133267,583.0,0
8/6k1/4p1P1/4P2P/3P1K2/1r2B3/8/8 w - - 5 35,634.0,607.0,d4d5,quiet,9,0.004136,27.0,0
1nbq1rk1/r3bppp/p4n2/2pp4/3P4/1PPB1N1P/R4PP1/1NBQ1RK1 b - - 0 10,-93.0,-141.0,b8c6,quiet,28,0.061733,48.0,0
1k6/8/1pK5/1P3B2/P6p/8/8/8 w - - 11 61,1160.0,5252.0,c6b6,capture,7,0.001257,4092.0,0
8/2R2pk1/6p1/7p/7P/6PN/rr3PK1/8 w - - 27 50,-390.0,-451.0,c7d7,quiet,12,0.026394,61.0,0
r3kb1r/p1p3pp/5p1n/3Pp3/P7/2Pn1N1P/1P2NPP1/R1B2K1R w kq - 0 12,139.0,170.0,c1h6,capture,25,0.036824,31.0,0
8/2p1k3/3Rb1q1/8/1p3Q2/8/r4PP1/4R1K1 b - - 0 29,-1233.0,330.0,c7d6,capture,12,0.869024,1563.0,0
7k/7p/1bp5/p3p3/4Nr2/1P3P1P/2P1K3/6R1 w - - 2 33,307.0,386.0,g1d1,quiet,14,0.048094,79.0,0
k4r2/ppQn1q1r/2p2n2/6pp/2PP4/1P6/P2K4/4R1NR w - - 0 20,-1212.0,-1238.0,g1e2,quiet,20,0.000130,26.0,0
8/5p1p/2knr3/R7/6P1/2p2K2/8/R7 w - - 0 47,276.0,176.0,a1c1,quiet,10,0.096811,100.0,0
8/1b6/2k5/1p3P2/p3N3/5K2/r7/3R4 b - - 1 39,411.0,504.0,c6b6,quiet,9,0.033718,93.0,0
3rr1k1/6p1/5b1p/1R1b1p2/7P/5N2/1PQ2PP1/6K1 b - - 0 32,-376.0,-297.0,d5e4,quiet,16,0.050216,79.0,0
r3k2r/2pqn1p1/1p1n1p2/p2p3p/5P1N/2BBP1Pb/P1QP1R1P/1R4K1 w kq - 8 14,-134.0,-164.0,f4f5,quiet,27,0.036103,30.0,0
r4b2/1p6/3k1pP1/7R/2PN1p2/1K1P3P/5P2/8 b - - 2 33,-1315.0,-1574.0,b7b6,quiet,14,0.000399,259.0,0
R2bk3/2q4p/8/3pP3/1P1P4/6P1/8/6K1 b - - 0 65,1383.0,1776.0,c7c4,quiet,11,0.000312,393.0,0
8/p2k2p1/3Np3/3pP3/3n1QP1/3q4/6PK/2R5 b - - 2 34,-1090.0,1412.0,d3h7,quiet,14,0.997825,2502.0,0
2b2bn1/4pk2/2p1np2/8/3qNB1r/PQN2p2/1PP4p/1K1R3R b - - 1 19,-267.0,-490.0,d4a7,quiet,22,0.120758,223.0,0
8/p3kpp1/1p1p4/3PrP1p/1PP1nR1P/P2K4/4BP2/8 b - - 19 37,-229.0,-172.0,e4f6,quiet,19,0.059777,57.0,0
r1bq1rk1/1pp5/p4n1b/3P1p1p/2P1p3/1P1QP2R/P1N1B1PN/2KR4 w - - 0 16,-138.0,-105.0,d3c3,quiet,26,0.042105,33.0,0
r7/6rk/4Q3/p6P/1p2p3/1P2q3/2P3R1/1K6 w - - 0 33,-216.0,-73.0,g2g7,capture,13,0.172618,143.0,0
r3k1r1/p2p1n2/3bq3/1Ppb1p1p/4p2P/P3P3/1B1N1PP1/R2QKB1R b q - 2 15,131.0,285.0,f5f4,quiet,26,0.157545,154.0,0
4r2k/p6p/2b5/4qp2/3R4/7P/1P3PP1/3Q2K1 w - - 1 29,-779.0,-734.0,d4d8,quiet,14,0.003252,45.0,0
r3kbr1/2pb3p/p3p3/1p2Np1n/2pP3q/PnN1B2P/1PQ1PP2/3RKB1R w Kq - 2 13,-253.0,-323.0,d4d5,quiet,29,0.054241,70.0,0
8/pp3kp1/1b5p/3r1p1R/P3r3/1P3N1P/6P1/4RK2 b - - 2 26,745.0,722.0,e4b4,quiet,17,0.001887,23.0,0
8/2R1pk1p/5pp1/3Nn3/1P6/4P3/r6P/3K4 b - - 10 33,373.0,294.0,f7e6,quiet,13,0.050864,79.0,0
3r4/1kp4n/p1p3r1/8/1PB5/2P5/P1K4P/R3R3 b - - 11 32,-311.0,-231.0,g6g4,quiet,15,0.066161,80.0,0
8/6K1/8/8/8/2k5/2np4/8 w - - 0 62,-2060.0,-5788.0,g7h7,quiet,4,0.000007,3728.0,0
r6r/2pb2k1/p2q1npp/1p1p1p2/2P5/3BPQ1P/PP2NPP1/1R1R2K1 b - - 0 15,-176.0,-156.0,b5c4,capture,26,0.023094,20.0,0
r4r1k/p2q4/3b1p1p/3Q1P2/Pppp2P1/8/1PPN1P1P/R1B3K1 w - - 1 16,-431.0,-122.0,g1g2,quiet,23,0.254107,309.0,0
1r6/5pR1/3kp3/p4r2/2R4P/5P2/2P1K3/8 b - - 7 33,184.0,124.0,b8a8,quiet,12,0.071295,60.0,0
rnbqk2r/1p4pp/p2p1n2/3P1p2/3QpP2/P1N1P1PP/1P6/R1B1KB1R b KQkq - 0 9,33.0,-78.0,e8g8,quiet,28,0.157751,111.0,0
2kr3r/pp1b1p2/2n1qnpp/2bN4/6P1/P3BN2/1PP2PBP/R2QK2R w K - 5 10,-38.0,-140.0,e1g1,quiet,27,0.136767,102.0,0
2r2kr1/p2bb3/P1p1p1pp/1p2Bp2/3P1P1q/1PN1P2P/1KP1B1Q1/R7 w - - 0 22,77.0,54.0,a1g1,quiet,26,0.031940,23.0,0
r2k3r/pbpp3p/1nn2pp1/2b1p3/p2PP3/2P2N2/1PN2PPP/R1BK1B1R b - - 0 10,1.0,77.0,e5d4,capture,29,0.107593,76.0,0
4k2r/1p2pp1p/1qppbn1b/r6p/p2PPP1N/2P3PP/PPNQ2B1/RR4K1 w - - 1 15,371.0,392.0,g1h2,quiet,30,0.010893,21.0,0
r2r2k1/ppq1ppbp/6p1/P1p5/4PP2/1bNPB2P/1P2Q1P1/R4RK1 w - - 1 16,-14.0,-9.0,e4e5,quiet,26,0.007188,5.0,0
2k5/1bp2r2/3n1q2/2NP2pp/1r2N3/1P2QP1P/5BP1/4R1K1 b - - 1 36,-872.0,-438.0,d6e4,capture,20,0.067813,434.0,0
2kr4/1p6/p1nb2q1/3p1b2/P2p2P1/N1P2P1R/RP4K1/2BQ4 w - - 0 21,-88.0,-87.0,h3h6,quiet,21,0.001352,1.0,0
7R/6k1/8/7p/3PK3/5P2/8/7r w - - 7 54,170.0,134.0,h8b8,quiet,7,0.043014,36.0,0
8/p5R1/Pp1k4/5q2/3B4/4K1PP/8/8 w - - 4 51,-362.0,-180.0,g7a7,capture,10,0.151213,182.0,0
8/6k1/p2r4/Pp1p2P1/1P6/1KPR3R/8/4r3 w - - 8 50,477.0,731.0,h3h6,quiet,13,0.045664,254.0,0
r1b1k2r/ppp1qpb1/P1n1p1p1/1B5p/1n1P4/2N2N1R/1PP2PP1/R1BQK3 b Qkq - 2 9,4.0,65.0,e8g8,quiet,29,0.086710,61.0,0
r6r/1p1n1kpp/p1b1pp2/P7/4P3/2P1B2P/2PN1KP1/RR6 w - - 0 19,-115.0,-121.0,d2c4,quiet,22,0.007710,6.0,0
2kr1b1r/1p2qppp/p1n4n/2PB2N1/8/2N1BQ2/PPP2PP1/R3K3 b Q - 4 10,-313.0,-271.0,c6e5,quiet,25,0.032011,42.0,0
r1b1kb2/4pp1p/3p1nr1/p2P4/6P1/B1N2P2/3PK3/1R1N3R b q - 1 18,138.0,240.0,g6h6,quiet,21,0.110466,102.0,0
r7/6bR/p1q1P1k1/1p4r1/4pp2/1QN5/PP2PP2/1K5R b - - 2 26,-553.0,-382.0,a8e8,quiet,19,0.060045,171.0,0
6k1/8/6p1/P1Q4p/5P1P/8/1q2BK2/8 b - - 0 37,-1170.0,-1216.0,b2f6,quiet,10,0.000276,46.0,0
r2qk1nr/p1p2p2/2p1p1n1/6pp/3P4/Q1P3PP/PP3P2/R1B1K1NR w KQkq - 0 9,288.0,192.0,a3c5,quiet,26,0.088710,96.0,0
2r5/1r4pp/3pk1n1/1p2p1PN/1B2P3/3K1N2/8/5R2 w - - 6 41,-461.0,-478.0,f1a1,quiet,16,0.005763,17.0,0
4kbQ1/8/p4p2/1p2p3/1P4bq/2P5/P2RN1K1/8 b - - 12 42,-137.0,131.0,h4h3,quiet,15,0.367609,268.0,0
2kr3r/1ppqbppp/6n1/p1n5/P2NP3/3PBN2/1PQ3PP/3RK2R b - - 8 12,119.0,371.0,d7a4,capture,26,0.229462,252.0,0
6Q1/4b1n1/bpk2p2/p1p1p3/3pP1q1/1P1P1P2/PBPN4/2KR4 b - - 0 29,-514.0,-796.0,g4g2,quiet,22,0.039192,282.0,0
6nr/1N1kb1pp/1n6/3bpp2/p7/P3P3/5PPP/R1B1KB1R w - - 0 19,423.0,416.0,a1b1,quiet,22,0.003035,7.0,0
2k2b1r/ppp1qpp1/2n2n1p/8/P6P/2BrPN2/1P3PP1/RNQ1K2R w KQ - 0 9,-132.0,22.0,b1d2,quiet,26,0.212940,154.0,0
4r3/Q7/1pkb4/2p2pB1/2q4P/8/5P2/3K2R1 b - - 3 26,759.0,959.0,d6h2,quiet,13,0.008516,200.0,0
r2qk2r/1p1nnpp1/2p1p3/p2pN2p/Pb1P1P1P/2N1P3/3P2P1/R1BQK2R w KQkq - 2 9,-397.0,-419.0,c3a2,quiet,29,0.010081,22.0,0
1k1rn3/p4p2/7p/3N4/r6P/4B2K/P4PBP/2R5 b - - 7 28,-1408.0,-1589.0,e8d6,quiet,16,0.000195,181.0,0
6k1/p4p2/1p3n2/3p2p1/3P2Pp/P2RPP1P/r2BK3/8 b - - 3 33,175.0,155.0,f6e8,quiet,18,0.023153,20.0,0
r3k3/pp1b2r1/2pR1n2/P4p1p/2B2N1P/4PP2/1P5K/R7 b - - 4 22,-544.0,-709.0,e8e7,quiet,20,0.025221,165.0,0
2r1k2r/p1pn4/1p2p2p/3pP3/1P1P4/4P1PP/P1Q5/q1B1KBR1 b k - 0 19,-72.0,71.0,c7c5,quiet,23,0.202936,143.0,0
8/p2k2p1/4p1r1/3pP3/2Nn1QB1/q6P/6PK/2R5 b - - 0 32,-1183.0,-1327.0,g6g4,capture,16,0.000620,144.0,0
4r3/5k2/p1q4p/8/2P2B2/5b1P/P6K/6Q1 w - - 0 47,-1089.0,-1316.0,g1a7,quiet,12,0.001378,227.0,0
2r3k1/p2b1npp/8/8/4p2P/NP2P3/2P1BPP1/5RK1 b - - 1 21,-912.0,-896.0,f7e5,quiet,18,0.000501,16.0,0
3r2k1/1pR4p/p5p1/P2b1p2/1nBP4/4rN1P/6P1/5RK1 b - - 0 19,171.0,223.0,d5c4,capture,19,0.055106,52.0,0
r3k2r/pbqn1pbp/4p3/1P1p2P1/1Bpn4/2N2N1R/P4P2/1RQ1KB2 w kq - 0 14,-459.0,-318.0,f3d4,capture,26,0.071702,141.0,0
r4k2/1p5p/6p1/5bP1/1p2B3/1P6/PB1PP3/1K6 w - - 2 23,-329.0,-713.0,e4f5,capture,15,0.114570,384.0,0
Rnb1r2k/6pp/5b2/1pBB4/5P2/2P3P1/1P4KP/1N6 b - - 1 22,-1045.0,-1067.0,c8d7,quiet,18,0.000289,22.0,0
r3kb1R/ppp1qpp1/2n5/3pp1N1/5P2/PP2P1p1/1BPPN1P1/2KR4 b q - 1 17,170.0,494.0,e5f4,capture,26,0.218162,324.0,0
8/4Bp2/6kp/4P3/r5P1/5K2/8/8 b - - 64 80,562.0,515.0,a4c4,quiet,8,0.011187,47.0,0
1k1r3r/1pp5/p2p2Rp/3Pq3/4Q2P/1PP5/PK6/4R3 b - - 0 25,15.0,85.0,e5h5,quiet,18,0.098368,70.0,0
rn2kb1r/pp2n2p/2pq1p2/3P1b2/3N4/1PN5/P2BB2P/R2QK2R b KQkq - 2 13,-91.0,-87.0,f5g6,quiet,25,0.005395,4.0,0
8/5p2/1PN2kp1/R1pP4/2P1p3/4P1K1/4b3/1r6 b - - 2 38,-469.0,-39.0,e2c4,capture,14,0.381123,430.0,0
rnb1k2r/pp1pb2p/4p3/2pn4/5B2/3P1N1P/PPP1B1P1/RN1K3R w kq - 1 10,31.0,101.0,f4h6,quiet,26,0.096896,70.0,0
r1q3k1/1p3rpp/p2p4/2nPp1b1/P3Pn2/R3BP2/1P1NN3/3K1Q1R b - - 5 19,501.0,531.0,f4e2,capture,25,0.008021,30.0,0
5r1r/1kp5/4p3/RPb1p2p/3BP1pP/3P2N1/1Q3qP1/3K3R b - - 0 32,-256.0,676.0,c5d4,capture,21,0.793603,932.0,0
8/4rkpp/5n2/8/6P1/8/6KP/2B2R2 b - - 0 32,17.0,36.0,f7g6,quiet,10,0.027178,19.0,0
8/4kp2/1p1qp3/1P5p/5P2/2Q3K1/8/8 w - - 0 51,-665.0,-560.0,c3e3,quiet,10,0.016998,105.0,0
1k1r2nr/pbpp2pp/1p1b1p2/1P1Nnq2/Q1P1pN2/4P3/1B1P2PP/R4BKR b - - 1 12,252.0,152.0,g8e7,quiet,30,0.104314,100.0,0
8/8/6B1/4b3/8/8/1p6/2k4K w - - 20 60,-61.0,-195.0,g6h7,quiet,5,0.167559,134.0,0
4k3/p6p/1r4p1/N1pp4/P3q2P/2P1Pr2/3Q4/R1K1R3 w - - 0 25,-164.0,-51.0,c3c4,quiet,18,0.147047,113.0,0
2r3k1/5R1p/p1b3p1/P5rn/3B4/2Nn2P1/1p2N2P/5RK1 w - - 0 27,-449.0,-587.0,f7e7,quiet,19,0.037176,138.0,0
r1b1kr2/p1q1n1p1/1ppp1p1p/4p3/P1B1P2P/1QP1NPP1/3R2K1/R7 b q - 3 16,242.0,160.0,f6f5,quiet,26,0.085828,82.0,0
r3k2r/1bq2pR1/p3p2p/2bnP3/8/2PB1N2/2Q2PPP/2BR2K1 b kq - 0 17,-412.0,-280.0,d5c3,capture,23,0.080978,132.0,0
r2k2r1/1bppq3/1b5Q/3PP3/4PP2/p2B2P1/3NK2P/B6R w - - 0 24,434.0,486.0,d2c4,quiet,21,0.018525,52.0,0
r1bk1br1/1p1p1p1R/p1n5/1Np1p3/P3P1n1/3P2P1/1PPB4/R3KBN1 w Q - 0 12,12.0,97.0,b5c3,quiet,26,0.118814,85.0,0
r4rk1/3qbp1p/n4npP/2pp4/4p3/1P2P3/1BP1NPP1/RN1QK2R b KQ - 3 12,180.0,261.0,a6b4,quiet,26,0.079829,81.0,0
8/kp4r1/p7/b1pNp3/2P1P3/P7/1r4BP/1N3RK1 w - - 4 32,-66.0,-1124.0,d5e3,quiet,17,0.404598,1058.0,0
1rbqk2r/2pp1ppp/p3p3/P1b1n3/2P1P3/2N4P/RP2BPP1/2BQ1RK1 b k - 0 9,9.0,-21.0,e5c6,quiet,28,0.043134,30.0,0
r7/5r1k/6bP/2QpppP1/5P2/3B4/pq2P1K1/R6R b - - 1 36,254.0,273.0,e5f4,capture,18,0.016139,19.0,0
8/6p1/4kb1p/1r5P/R4PK1/6P1/8/8 b - - 21 80,763.0,719.0,b5b6,quiet,10,0.003468,44.0,0
6k1/8/2b2pr1/2n5/1P5R/7P/4R1PK/3r4 w - - 0 48,-1199.0,-642.0,b4c5,capture,12,0.023225,557.0,0
r4rk1/1bpp4/2N4p/p1qn1pp1/P7/1R3PP1/4B1KP/3Q3R w - - 0 24,-593.0,-377.0,c6d4,quiet,22,0.070586,216.0,0
1k1rqb1r/p1n5/bppp1npp/4pB2/3PP3/P1N2NP1/1PPB1P2/2KRQ2R w - - 0 15,28.0,74.0,d4e5,capture,30,0.064705,46.0,0
4r3/6k1/2p2p2/p1Pp4/Pp1r2nP/1P2P1P1/3BR1N1/1K6 w - - 0 55,-662.0,-783.0,b1c2,quiet,19,0.010744,121.0,0
1r5r/p3p3/5p1k/8/2B1N1Qp/b3q3/2R1N1PP/5R1K w - - 1 25,1932.0,2901.0,c4f7,quiet,18,0.000015,969.0,0
5bk1/p2r4/1p4p1/2pnN2p/P2p3P/1R4P1/3B1P2/1R4K1 b - - 2 37,-1092.0,-1115.0,d7b7,quiet,19,0.000230,23.0,0
8/6k1/8/4K3/6p1/2pr4/6R1/8 w - - 0 54,-656.0,-13.0,g2g4,capture,6,0.458905,643.0,0
8/8/2b5/5PpN/4k3/4P3/5K2/8 w - - 1 55,48.0,65.0,h5g3,quiet,7,0.023825,17.0,0
4r2r/p1k1b1p1/2pn4/1p5p/4bB1P/P3PNP1/1PPRB3/4K2R w - - 2 18,314.0,424.0,h1f1,quiet,23,0.060819,110.0,0
5k2/5p2/pp1r4/8/4bP2/P3nPP1/1P3K2/R7 w - - 0 29,-1732.0,-717.0,f2e3,capture,14,0.015822,1015.0,0
4rk2/3p1b1p/3P1qr1/1N3p2/P4P2/1P3P2/2KQ4/3R2N1 b - - 2 26,401.0,439.0,h7h5,quiet,18,0.016454,38.0,0
R1b1r3/3k4/2N3pp/2qP4/2p5/6Q1/5PPP/5BK1 w - - 3 30,2016.0,2725.0,a8a7,quiet,16,0.000009,709.0,0
2k4r/pp2r1pp/2b1n3/8/6P1/2P1p3/PP2B2P/2KR1RN1 b - - 3 19,201.0,168.0,e6c5,quiet,20,0.036258,33.0,0
2k5/2p4R/K7/3r4/1P6/8/8/8 w - - 2 73,-52.0,6.0,h7h8,quiet,6,0.082914,58.0,0
8/8/8/8/4kn2/2b5/5P2/6K1 b - - 9 60,1124.0,1588.0,e4f3,quiet,5,0.001439,464.0,0
rn3rk1/pR1pqppp/4pn2/2p5/Q1PP4/3B1P1P/P2B1PP1/5RK1 w - - 0 13,447.0,422.0,d4c5,capture,26,0.010084,25.0,0
6k1/1pB2pp1/2p2b1p/p4N2/P7/1K6/3r1PPP/3r1B1R w - - 5 26,-979.0,-1223.0,c7a5,capture,19,0.002681,244.0,0
4B3/8/1k6/2p4P/P7/8/3r1r2/2R4K b - - 0 61,705.0,709.0,f2h2,quiet,9,0.000380,4.0,0
q4rk1/4bppp/7n/2p5/4p3/4P1PP/r1Q1NP2/1RB2RK1 w - - 6 24,-134.0,-7.0,c2c4,quiet,21,0.173744,127.0,0
r3kb2/pp3p2/n1pP2pn/7p/2P1PPb1/2N3PP/PP1R4/2K2B1R b q - 0 13,81.0,-43.0,g4f3,quiet,25,0.176069,124.0,0
r2q1bnr/pkp2bp1/1p6/3P3P/4p3/2N1BB2/PP3P1P/R2QK2R w KQ - 0 12,430.0,408.0,d5d6,quiet,25,0.009565,22.0,0
8/5Rp1/p7/P3P1k1/7p/8/7K/2r5 b - - 7 40,346.0,269.0,c1c2,quiet,9,0.055231,77.0,0
2B5/2p5/1p6/p2k4/P2B1n1P/1P6/5P2/2b2K2 w - - 2 52,425.0,439.0,d4f6,quiet,13,0.005714,14.0,0
1r4k1/p1b2rp1/b1p2p2/p1Pq4/3P1P1p/1PB4P/P1Q1N3/2K3RR b - - 0 19,534.0,1253.0,b8e8,quiet,24,0.043458,719.0,0
1k1r4/2pq2p1/4b3/n3P2P/pp2Q3/b2pPN2/5PP1/B2RK2R w - - 1 29,-329.0,-268.0,h5h6,quiet,22,0.045335,61.0,0
2r2rk1/1q2b1p1/4pn1p/8/Qp1Bp3/2P3P1/1P3NKP/1R2R3 w - - 1 22,-390.0,-420.0,a4a7,quiet,21,0.013948,30.0,0
8/5k2/r5p1/5p1p/5P1P/6P1/4R3/5K2 w - - 0 47,-5.0,-3.0,e2b2,quiet,10,0.002878,2.0,0
1r6/3rqk2/P1Q5/1P3ppN/8/4P1P1/3p1P2/1R4K1 w - - 0 43,-94.0,-151.0,b1d1,quiet,16,0.072515,57.0,0
3rk1nr/ppp1ppb1/8/5bN1/1P1n3P/8/PB4P1/2R1KBNR b k - 4 12,607.0,547.0,g8f6,quiet,23,0.011661,60.0,0
r3kb1r/2pq1ppp/bp2p3/p1n1P3/3N4/2NPQ3/PP1P1PPP/R1BR2K1 w kq - 4 10,-268.0,-494.0,e3f3,quiet,29,0.121130,226.0,0
8/8/5p2/2R5/5k1p/5P1K/1r5P/8 w - - 6 44,0.0,0.0,c5c4,quiet,8,0.000000,0.0,0
8/1K6/1p6/1Pk2B2/3p4/7r/2P5/8 b - - 37 68,742.0,641.0,h3g3,quiet,8,0.010595,101.0,0
1k1r2r1/1ppq4/4bp2/p5pp/7P/2PBNPQ1/P1PB4/4RK2 w - - 3 18,140.0,-2.0,c3c4,quiet,22,0.194114,142.0,0
1k2r3/1pp5/2n5/pnq2p2/3p4/PP1Pr3/2PNBQPP/R1K1R3 b - - 10 21,1190.0,999.0,b5c3,quiet,23,0.002112,191.0,0
6r1/1R6/8/1P6/k2N1K2/4P1n1/8/8 b - - 2 56,-579.0,-568.0,g3f1,quiet,8,0.002170,11.0,0
6k1/3R2b1/b3p1p1/8/2n3P1/7R/3NKP2/r7 w - - 2 35,-459.0,-641.0,d7d8,quiet,13,0.042104,182.0,0
r1b1k2r/p4qb1/p1P2pnp/3p3Q/4pP2/1P2P1P1/PBP1N2P/R3K2R b KQq - 3 14,77.0,566.0,g6e7,quiet,27,0.353933,489.0,0
3rk1r1/1p3p2/4p3/2q1P2R/4B1P1/2Nn1P2/3Q4/1R3K2 b - - 0 28,-788.0,-753.0,d3e5,capture,17,0.002336,35.0,0
2r1r1k1/1p3bp1/3n4/pP6/q2N2R1/2PPp3/1Q4B1/1KR5 w - - 0 27,-11.0,248.0,g2f3,quiet,19,0.322353,259.0,0
1r2kb1r/3b2pp/B2qpn2/3pN3/P2p4/7P/3BQPP1/2R1K2R b k - 6 20,-133.0,119.0,d7a4,capture,23,0.347428,252.0,0
8/8/8/4nk2/1R4p1/7p/4rN2/7K w - - 2 68,-904.0,-1175.0,f2h3,capture,8,0.004312,271.0,0
r1b4R/2p3p1/4nk1p/p1p5/2P3P1/P4N2/P7/2K4R w - - 0 22,598.0,744.0,h1e1,quiet,17,0.017381,146.0,0
3r4/p3r1kp/Pp3np1/1Bp2p2/1b1p1P1P/1N3K2/1PP2P2/R6R b - - 1 24,502.0,442.0,f6h5,quiet,23,0.020144,60.0,0
2r1k2r/pR1bnpp1/4p2p/3pPP2/3b3q/P1PBB3/2P3P1/3Q1RK1 w k - 0 14,-103.0,258.0,c3d4,capture,25,0.459386,361.0,0
r7/1p2q1k1/p4n1p/P3r1p1/5p2/2N4P/1PQB2P1/5RK1 b - - 3 26,871.0,1064.0,e7c5,quiet,19,0.004418,193.0,0
4B3/p5pk/3r2q1/5p1p/5P1P/P7/KB2Q3/2Rn4 b - - 3 29,-804.0,-793.0,g6g4,quiet,16,0.000626,11.0,0
r2qk1nr/1pp2ppp/p1nb4/3N4/2p4P/6P1/PP2PP2/RNBQ1RK1 w - - 1 10,-3.0,-76.0,b1c3,quiet,27,0.103344,73.0,0
2bq1r1k/R6p/1r1b4/2p1n3/3p1p2/3P1N1B/5P1P/Q3RK2 w - - 4 26,-904.0,-1184.0,h3c8,capture,20,0.004370,280.0,0
8/8/R1bk4/8/P6r/1rp1B3/1PK2P2/1R6 b - - 1 41,-343.0,-10.0,b3b2,capture,12,0.363703,333.0,0
r2qkb1r/pp1N1pp1/2p1p2p/3n4/2NP4/2PQ2PP/PP3P2/R1B1K2R b KQkq - 0 9,-359.0,-34.0,d8d7,capture,27,0.338837,325.0,0
5Q2/1p6/p1p1R1r1/6k1/2Pq4/1P3b2/P2p1P2/1K6 w - - 8 52,-745.0,-1231.0,e6g6,capture,15,0.012703,486.0,0
6k1/2p4p/4R3/r5p1/1p6/1P2Pp2/1BP2P2/3K4 w - - 0 32,895.0,1007.0,e6e5,quiet,14,0.002726,112.0,0
r1bqk2r/1np3p1/1p2pn2/5p1p/2P5/b3PN2/2Q2PPP/RN2KB1R w KQkq - 0 12,-802.0,-314.0,a1a3,capture,26,0.131148,488.0,0
r1bq1k1r/1p3pp1/p1n2n2/3pp2p/2P5/1P2PP2/P1NNB1PP/R2QK2R w KQ - 0 9,-49.0,-77.0,e1g1,quiet,28,0.038980,28.0,0
6k1/3b1p1p/3p1qpQ/3P4/2Pp4/pr1P3P/5PP1/R4BK1 w - - 0 27,-298.0,-418.0,a1a2,quiet,20,0.069760,120.0,0
8/7r/2k5/8/3B4/8/6K1/8 b - - 5 71,-26.0,18.0,c6b7,quiet,4,0.063228,44.0,0
7k/1p5q/5p2/1N2b3/P1p1P3/1P6/2P5/1K1QB2r w - - 0 32,-883.0,-734.0,b1a2,quiet,15,0.008248,149.0,0
4r1k1/1qb2p2/3p2p1/1P1R3p/2B1P3/2P4P/4QPP1/6K1 w - - 0 34,623.0,520.0,e2f3,quiet,18,0.020772,103.0,0
1r1q1rk1/1p2bpp1/p1npbn1p/2p1p3/P3P3/2NPB2P/1PPNBPP1/R2Q1RK1 b - - 0 10,122.0,111.0,b7b5,quiet,32,0.014175,11.0,0
6rk/r4Qp1/7p/7P/3q1p2/5P2/5RR1/6K1 w - - 7 46,-432.0,-495.0,f7b3,quiet,13,0.022080,63.0,0
5r1k/4n1p1/pP5p/3B4/P1P1p1b1/2P1P1q1/3Q2P1/RN4K1 w - - 0 24,4.0,223.0,d5e4,capture,20,0.277321,219.0,0
r1br2k1/1p3pp1/p1n4p/8/P4p2/2RB4/1P1N2PP/5R1K b - - 2 16,760.0,778.0,c6e5,quiet,20,0.001210,18.0,0
r1bqkbr1/1pppp2p/8/1P3p2/1n4n1/P3P2N/1B1PB1P1/RN1QK1R1 b Qq - 0 9,135.0,204.0,b4d5,quiet,27,0.078865,69.0,0
rq4k1/5pp1/2Rb1n2/p2p3p/1p6/3B1PP1/PP3B1P/4Q1K1 b - - 0 21,113.0,81.0,a5a4,quiet,21,0.042617,32.0,0
8/1b2k3/8/1p3r2/p3n3/2PN4/1P6/1BK1R3 w - - 12 40,241.0,211.0,d3b4,quiet,12,0.029048,30.0,0
8/1P4pk/P2N4/3b1n1p/8/3K3P/5r2/R7 b - - 0 37,-579.0,-279.0,f2f3,quiet,12,0.132681,300.0,0
7r/p1Q5/N2Pbpk1/1P2r3/7p/6p1/3P4/2R3K1 w - - 3 35,692.0,814.0,d6d7,quiet,15,0.009139,122.0,0
r7/1k5p/6p1/2p1qp2/1p2b3/1P2P2P/P2Q1PP1/2RR2K1 w - - 0 30,1189.0,2250.0,d2d7,quiet,19,0.001062,1061.0,0
r3r1k1/2pb2b1/p7/2pq2Pp/3ppB1N/7P/PPP1QP2/3RK1R1 w - - 0 19,-644.0,-593.0,e2h5,capture,24,0.007915,51.0,0
8/1p3k2/4rpRp/5n1P/5P2/1P1K4/1B6/8 b - - 12 42,67.0,58.0,b7b5,quiet,12,0.012541,9.0,0
r1b2rk1/5pbp/p5p1/1p2P3/2PP4/4P3/1R2B1PP/2BR2K1 b - - 0 17,-489.0,-448.0,b5c4,capture,21,0.013985,41.0,0
r1bqk2r/p1n1ppbp/3p1np1/PPpP4/2B2P2/2N4P/1P1B2P1/R2QK1NR b KQkq - 2 11,-18.0,131.0,e8g8,quiet,30,0.205952,149.0,0
8/1p6/p3k3/8/3KP3/Pr6/1P4R1/8 b - - 6 44,-159.0,-192.0,a6a5,quiet,9,0.037162,33.0,0
8/k7/1p2pR2/pB1p3b/Pb1P3r/1P6/2K5/2B5 w - - 0 42,-27.0,-112.0,f6e6,capture,15,0.117042,85.0,0
2kr1b1r/p7/1q1p2pP/4p1P1/1np1b2N/2B5/PP4BK/R2Q1R2 b - - 1 21,-213.0,-292.0,e4g2,capture,23,0.069882,79.0,0
4r1k1/2p2ppp/1p6/8/5P2/r3pQPP/1q2R3/6KR b - - 1 24,1542.0,1145.0,b2d4,quiet,17,0.001231,397.0,0
r1b1k2r/pp1p1ppp/3p1n2/3Pp3/2P5/3BB2P/PP3PP1/R3K2R b KQkq - 0 13,-149.0,-125.0,b7b5,quiet,25,0.029673,24.0,0
8/7k/5Q2/8/6PK/8/3q1P2/8 w - - 15 54,903.0,1760.0,f6f5,quiet,6,0.005457,857.0,0
r2qkbn1/1p6/2p1n1p1/p3p3/N2pP2r/P4P1B/1PPBQ3/R3K2R b KQ - 3 15,127.0,123.0,d4d3,quiet,25,0.005071,4.0,0
2R5/1p4rk/1p1P4/4n3/p2Rpr1P/8/P3P2K/8 w - - 2 34,-656.0,-886.0,h2h3,quiet,15,0.016337,230.0,0
1k5r/2q2pp1/p3b3/3r2N1/PpNp4/1P1P3p/2P2Q1P/1K1R1R2 b - - 0 24,-1302.0,-296.0,d5g5,capture,22,0.153399,1006.0,0
8/3r4/8/8/8/pR6/k1B1K3/8 b - - 19 62,-119.0,-74.0,d7g7,quiet,6,0.059945,45.0,0
r7/2b1pk2/1pP1b1p1/6B1/1n2B1p1/pPR4p/P2R1P2/7K b - - 4 28,11.0,87.0,a8a5,quiet,20,0.106825,76.0,0
5rk1/6p1/2pq1pn1/Bbb5/3pP1Pp/1P1P1Q1P/2P3B1/4K1NR b - - 0 17,300.0,635.0,f8a8,quiet,23,0.125779,335.0,0
4rrk1/p2b2pp/2nq1n2/2p1p3/P1Pp4/3B1NBP/5PP1/R2QR1K1 w - - 4 19,-189.0,-203.0,a1b1,quiet,25,0.014885,14.0,0
2r3k1/4bp2/5npp/4qb1P/1P1N4/4PB2/1QP3R1/2KR4 w - - 5 28,193.0,270.0,b2b3,quiet,19,0.073211,77.0,0
1n1k1bnr/1pq1p1p1/4b2p/3pPp1Q/r1pP1P2/1P3N2/P1PB2PP/R3KB1R b KQ - 0 10,271.0,137.0,a4a6,quiet,30,0.138815,134.0,0
2b1kbnr/1pp2pp1/2n1p2p/3q4/2PP1P2/5NP1/1B1N3P/r2QKB1R w Kk - 0 11,-1178.0,-16.0,d1a1,capture,26,0.475857,1162.0,0
8/Br1n4/B3k1p1/3b3p/5p2/5P2/6PP/R5K1 w - - 0 39,164.0,932.0,a6b7,capture,14,0.275425,768.0,0
2k1r3/1p6/3b1nq1/1PpP2p1/Q5b1/4PN2/1P3PB1/R1B1K3 w Q - 1 23,48.0,236.0,c1d2,quiet,20,0.226879,188.0,0
3r1Bnr/p2P1kpp/5p2/3p4/8/P4P2/1P3P1P/RN2KB1R b KQ - 0 12,-2011.0,-1442.0,f7f8,capture,21,0.000239,569.0,0
5rk1/p1p1r1p1/3p1p1p/p2P4/2P3qP/1PB1pRP1/4Q3/5K2 b - - 1 21,1517.0,1666.0,f8b8,quiet,21,0.000093,149.0,0
2kr1b1r/1bqpn3/p1n2p2/1p2p1p1/Pp2P3/2PP1PN1/3B1NBP/R2Q1RK1 w - - 0 14,-28.0,24.0,c3b4,capture,29,0.074692,52.0,0
r2q1rk1/1p2bppp/p1p2n2/2Pp4/1P1Q2b1/P1N2N2/4PPBP/R4RK1 b - - 5 10,559.0,515.0,g4f5,quiet,27,0.010553,44.0,0
8/8/8/4k3/8/3K4/7r/6R1 b - - 1 68,-19.0,7.0,h2h3,quiet,4,0.037388,26.0,0
8/4k1p1/2p1p3/p2r2P1/1pN1K3/1P4R1/P7/8 w - - 4 36,1022.0,958.0,g3g2,quiet,13,0.001233,64.0,0
4r1k1/4R2p/p1b3p1/r6n/3B2P1/2Nn4/1p2N2P/5RK1 w - - 1 29,-462.0,-87.0,e7e8,capture,18,0.311943,375.0,0
1R6/5ppk/2p4p/2P2r1r/3P1Pq1/3PP3/6P1/2R1Q1K1 b - - 4 34,-164.0,138.0,h5h3,quiet,18,0.408693,302.0,0
r1b1k3/1p3r2/2n3Qp/p1Pp4/5B1q/P1P5/4BPP1/RN2K3 w Qq - 4 21,195.0,0.0,g6g8,quiet,21,0.254454,195.0,0
8/5rk1/4r3/2Qpb1p1/3p2P1/1P1P4/2P2RK1/8 w - - 2 45,609.0,963.0,c5d5,capture,14,0.025253,354.0,0
8/5k2/R5pp/P3pp2/2r5/P7/6KP/8 b - - 0 35,717.0,877.0,c4a4,quiet,11,0.009491,160.0,0
8/4n1k1/2p3Pp/3b4/3P2K1/8/p1B5/B7 w - - 30 68,-371.0,-681.0,c2f5,quiet,11,0.086228,310.0,0
5k2/3R1b2/2rn4/5p2/5K2/8/8/3B2R1 w - - 20 60,245.0,321.0,d1f3,quiet,9,0.060053,76.0,0
1r3rk1/2pp1q2/1nn1pP2/1bb4p/p7/P1B2NP1/1PQ2PB1/3RR1K1 w - - 1 22,-3.0,1062.0,f3g5,quiet,25,0.502109,1065.0,0
4r1nr/pp3k1p/n2q1p2/2pp2pP/3P4/P1PB3N/1PQN1PP1/R4K2 b - - 1 12,134.0,205.0,g5g4,quiet,26,0.081145,71.0,0
2r1r1k1/p6p/Q1B1p3/8/3q3b/B6P/P1K3P1/1R6 b - - 2 26,1016.0,2479.0,d4e4,quiet,16,0.002875,1463.0,0
8/6p1/2k5/4RP2/1P6/1K6/r7/8 b - - 2 68,-267.0,-187.0,a2f2,quiet,7,0.077201,80.0,0
r1b1k2r/ppp2q1p/3b4/3n1pp1/PP1P4/1Q2Pp2/3NB1PP/R1B2RK1 w - - 0 13,41.0,400.0,d2f3,capture,27,0.350360,359.0,0
r2qkb1r/pp1n1ppn/2p1p2p/3p4/3P1BP1/P1N1PN1P/1PP2P2/R2QK2R w KQkq - 0 9,-5.0,45.0,d1d3,quiet,30,0.071596,50.0,0
r5k1/3p3p/1pbqpp2/n4p2/2P2P2/4N3/1Q2B1PP/1N1R2K1 b - - 0 19,-730.0,-345.0,d6f4,capture,21,0.105941,385.0,0
q5k1/1p3pp1/1R3n1p/P1p2P2/2N5/3r2P1/3B3P/4R1K1 b - - 1 24,1033.0,1053.0,d3d4,quiet,18,0.000283,20.0,0
r1b1r3/1p5p/p1nk2p1/3p1p2/P2P1N1P/2P5/1P3PP1/RN3K1R b - - 2 14,-388.0,-439.0,c6a5,quiet,23,0.022801,51.0,0
4qrk1/r1pb1npp/3p4/3Qn2B/p4N2/2PP2P1/PP5P/R1B2RK1 b - - 6 17,-181.0,-61.0,d7c6,quiet,25,0.152325,120.0,0
4rrk1/pp1b2pp/1n3q2/2pPbp2/3n1N1P/1PNQ1PP1/PB1P4/R2K1BR1 w - - 3 18,-321.0,-288.0,f4e2,quiet,29,0.023921,33.0,0
8/8/p1k5/4b3/8/4B3/6p1/3K4 w - - 0 49,-1143.0,-1227.0,d1e1,quiet,6,0.000531,84.0,0
1k6/3B4/8/4p3/4p3/2b1Pb2/3N4/4K3 b - - 69 76,189.0,194.0,b8c7,quiet,9,0.005387,5.0,0
r3r1k1/p4pb1/1p2qn2/3pBp2/7P/3N1QP1/PP6/R4RK1 b - - 3 22,227.0,119.0,f6e4,quiet,21,0.122105,108.0,0
r3k2r/p2q1nbp/1p3pp1/1P2p3/1QN5/3P2BP/4PP2/R3K2R b KQq - 0 16,226.0,260.0,g7f8,quiet,23,0.031082,34.0,0
8/8/8/2kb4/p7/Np6/8/K7 b - - 1 73,573.0,647.0,c5b4,quiet,6,0.012066,74.0,0
k1r1b2R/8/1p1Bp3/pP1pPp2/P1pr4/8/2B5/4K3 w - - 0 47,-875.0,-953.0,h8h6,quiet,17,0.002324,78.0,0
4r3/3pqp2/2p3pk/4Pp2/3P1P1p/2P2N1P/Q5PK/4R3 b - - 4 30,-1207.0,-1255.0,e8b8,quiet,19,0.000231,48.0,0
8/p5k1/6p1/pr3nPp/2p1K3/3p4/R7/6R1 b - - 1 41,1144.0,1142.0,b5c5,quiet,13,0.000016,2.0,0
4r1k1/1p3ppp/p1n5/4nb1P/4pB2/1P4P1/P4PB1/3R2K1 b - - 2 22,1271.0,1464.0,e5d3,quiet,20,0.000445,193.0,0
k2r1r2/pp1q1p2/2p1p1p1/2PnP1Np/3P4/PQ5P/5PP1/1R1R2K1 w - - 5 20,262.0,340.0,g5e4,quiet,24,0.057436,78.0,0
r3kbnr/pp6/2p5/P2bnp2/1P1B3p/N1P3P1/4N2P/R2K1BR1 b kq - 1 13,10.0,-147.0,f8d6,quiet,24,0.214157,157.0,0
5rk1/1bpq1ppp/3b4/1r2p3/4n3/1PBN4/3P1NPP/1R1Q1RK1 w - - 0 18,-749.0,-771.0,d1e2,quiet,23,0.001556,22.0,0
r5kr/1bpnqpb1/p5pp/2nPp3/P1B1P3/B1P1QN2/3N3P/R3K1R1 w - - 6 18,65.0,640.0,d2b3,quiet,27,0.383030,575.0,0
8/8/Q7/2PPN3/4kp2/1p2p3/6K1/1r6 b - - 2 60,-830.0,-724.0,e4e5,capture,10,0.006908,106.0,0
5k2/8/4p2p/1P5p/4B2P/3Q3K/8/6q1 w - - 6 57,1073.0,1059.0,e4g2,quiet,10,0.000174,14.0,0
6k1/8/1R6/8/4K3/8/8/6r1 b - - 3 56,1.0,6.0,g1g7,quiet,4,0.007195,5.0,0
8/7k/1P6/P1K4p/2P2q2/8/5r2/8 b - - 6 50,4353.0,4827.0,f4e5,quiet,8,0.000000,474.0,0
2b1k2r/2r2p2/pp6/2pBP1R1/3b1P1p/3N4/P3KP1P/2R5 b k - 5 25,21.0,62.0,b6b5,quiet,20,0.058105,41.0,0
2R5/8/1k1P3p/p5rP/5p2/Bp6/1P3r2/7K b - - 7 60,1193.0,1206.0,g5h5,capture,13,0.000075,13.0,0
1n3rk1/2p5/4b1p1/2q3p1/2NpP3/P2P2PP/2PQ2B1/3K1R2 b - - 1 20,-224.0,-268.0,e6c4,capture,20,0.039808,44.0,0
r2q1rk1/1b1pbppp/4pn2/p7/1nNp4/1P2PN1P/1B2BPP1/R2Q1RK1 w - - 0 11,-270.0,-234.0,b2d4,capture,28,0.031885,36.0,0
r4bk1/pp3rpp/n1n5/3N1p2/2P5/B4NP1/P5KP/3RR3 w - - 11 24,-51.0,-112.0,a3f8,capture,21,0.082948,61.0,0
4R3/p1pk3p/1pNb4/1P1P1P1r/5p1q/3Q1PrP/6P1/R6K w - - 14 32,540.0,862.0,e8d8,quiet,21,0.035809,322.0,0
r1bqr1k1/pp3ppp/8/2Pp1n1P/3b1P2/P3P3/1BPQ1P2/R3KB1R w - - 0 16,-620.0,-86.0,b2d4,capture,26,0.351292,534.0,0
Q7/2kb2rp/3p2p1/1P3p2/2P5/2q2P2/P5PP/4R1K1 w - - 9 29,294.0,2785.0,b5b6,quiet,17,0.155460,2491.0,0
1k1r3r/nbp3bp/1p3qp1/p1nPN3/P3N3/8/3R1PPP/BB1QR1K1 b - - 6 25,-277.0,-291.0,c5e4,capture,26,0.011005,14.0,0
3rkb2/1b4p1/p3pp2/2pq4/Pp2nP2/1P2PN1r/1BQPB2P/2K2RR1 b - - 3 20,95.0,78.0,d8d7,quiet,26,0.023005,17.0,0
4kb1r/5p1p/4p3/3pP3/1nbP1NpP/1qN1Q3/1P1B1PP1/1K5R b k - 9 18,642.0,1020.0,f8h6,quiet,23,0.021419,378.0,0
5rk1/R2Q4/5p2/2P1p1p1/2qp4/5PK1/7P/8 b - - 1 41,-112.0,-63.0,f8f7,quiet,13,0.066137,49.0,0
rnbqkb2/ppp1p3/6N1/3r1p1p/5P2/NP2P2P/P2P2P1/R1BQ1KR1 b q - 0 9,-149.0,-595.0,f8g7,quiet,27,0.266297,446.0,0
1k4rr/1pN5/p7/q2ppQ1p/4n3/b3P1PP/2R1B1K1/1R6 b - - 0 25,273.0,348.0,g8g3,capture,20,0.053138,75.0,0
8/6p1/5k1p/r7/5NKP/6P1/8/8 w - - 4 56,-680.0,-691.0,f4h5,quiet,8,0.001178,11.0,0
r4k1r/1pp2pbp/3p2n1/pN1P4/4nP1p/4B2B/PP3P2/R3K2R b KQ - 1 14,44.0,-75.0,a8e8,quiet,24,0.169273,119.0,0
2k3r1/1rn5/2pQp3/1p2Bb2/7p/1P3BPq/5P1P/5RK1 w - - 2 26,-67.0,571.0,d6c6,capture,19,0.559221,638.0,0
r1b4r/1p2k1pp/2n2n2/3p4/1p6/5NP1/P2NPPBP/R3K2R w KQ - 4 12,-117.0,-114.0,e1g1,quiet,22,0.003873,3.0,0
N1k4r/pp4pp/3b1n2/1B1P4/6PP/2N5/PPbK1P1R/n1B5 w - - 1 15,2.0,-170.0,h2h1,quiet,22,0.229708,172.0,0
r1bq1rk1/5ppp/2p1p3/3p4/3P3n/1PN5/P2QNPPP/R3K2R w - - 0 12,-221.0,-397.0,h1g1,quiet,24,0.126538,176.0,0
8/2k1p3/2p5/1p6/1P6/2b1R3/3NKPP1/2r5 w - - 0 31,-104.0,-226.0,e3e7,capture,12,0.140644,122.0,0
7r/1p3k2/4pp2/1P1n3p/q2b3N/6PP/1Q1P1PB1/4R1K1 w - - 4 30,463.0,549.0,b2b1,quiet,19,0.024368,86.0,0
1n2kb1r/1b3ppp/3qp3/1Pp5/1pP2P2/3P4/1B4PP/Q3KBNR w Kk - 1 13,146.0,538.0,a1a7,quiet,24,0.258209,392.0,0
n7/P3kp2/4p3/Q1p5/3q4/1P2N3/4K3/8 w - - 13 53,122.0,74.0,a5b5,quiet,11,0.063782,48.0,0
8/5k2/8/n2K2b1/8/5N2/8/8 b - - 1 58,-21.0,14.0,g5f4,quiet,5,0.050321,35.0,0
r2q1k1r/4npp1/p7/1p1n1b1p/P1p5/2P2PPN/1P4KP/RN1Q1B1R w - - 0 14,-487.0,-490.0,d1d4,quiet,26,0.000923,3.0,0
4r1k1/5qp1/3p3p/3B1P2/p1p3P1/P1r5/1PP5/2KR4 w - - 0 29,-1934.0,-244.0,d5f7,capture,17,0.197076,1690.0,0
r1bqk2r/ppp3pp/4pp2/1P6/1b1n1P1P/2NP4/1PP2PB1/R1BQK2R w KQkq - 3 10,188.0,127.0,a1a4,quiet,28,0.071873,61.0,0
4r1k1/5pb1/3p4/1q1P4/p1R1n3/BP1QPbPp/P4P1P/2R3K1 w - - 0 27,-509.0,-581.0,a3b4,quiet,22,0.016613,72.0,0
r4rk1/1Np4p/P2q1p2/P2p2pb/3Pp3/2Q1P3/2P2PR1/4KB2 b - - 4 28,438.0,355.0,d6d7,quiet,22,0.040330,83.0,0
4r3/6kp/1P3bp1/3Q4/3P3q/2B4b/1R3PBP/7K b - - 0 34,-481.0,-494.0,h4g4,quiet,16,0.004022,13.0,0
8/p7/1pk2p2/3p4/1P1P4/Pb2K3/8/5B2 w - - 20 50,-139.0,-130.0,f1d3,quiet,11,0.011189,9.0,0
8/5k2/N5p1/8/7p/6P1/2p4P/2B1K3 w - - 0 45,1336.0,2024.0,g3g4,quiet,9,0.000448,688.0,0
k6r/3b4/P2qpR2/P2p1Q2/1p1P4/2P3p1/4B1K1/1R3N1r w - - 0 28,143.0,187.0,f5f4,quiet,19,0.050913,44.0,0
1nkr1b1r/pppn1p2/4b1pp/4P3/4P3/P1N1BN1P/1PP3P1/R3KB1R b - - 4 10,-76.0,69.0,b8c6,quiet,27,0.205675,145.0,0
8/5k2/8/4n3/p7/2N5/2K5/8 b - - 5 75,0.0,-4.0,a4a3,quiet,5,0.005756,4.0,0
r3kbn1/pbpp1pp1/2n1p3/1p6/3PP2q/2P2NN1/PP3PB1/R1BQK3 b Qq - 7 9,77.0,50.0,h4g4,quiet,27,0.037569,27.0,0
r1b2r1k/1p4pp/p7/2PQN3/4p3/q6P/6PK/1R2R3 b - - 1 23,-87.0,-427.0,c8f5,quiet,18,0.298495,340.0,0
8/2pk4/5rp1/2KP2R1/PP3r2/7p/8/7R b - - 2 46,209.0,202.0,f4h4,quiet,12,0.007234,7.0,0
3r3k/1p4p1/p1bq1p1p/3p4/P2R4/3Q3P/1P4P1/4R2K b - - 0 27,-43.0,-111.0,a6a5,quiet,18,0.092952,68.0,0
r1b2rk1/1pp2q2/3b1np1/pN1p2B1/P2n4/3N4/1P2BPPP/R2QK2R b KQ - 3 11,260.0,338.0,d4e2,capture,26,0.057896,78.0,0
8/1pN2k1p/2b5/r1p5/p1n2BP1/7P/PP2R3/6K1 b - - 2 30,-128.0,-168.0,b7b5,quiet,16,0.048237,40.0,0
1rb3k1/1np1qppp/B2p3n/3Pp3/1Q2P3/4PNP1/2PN4/4R1K1 w - - 2 20,-187.0,-138.0,e1b1,quiet,23,0.057050,49.0,0
k1b3r1/1pP5/1n1P3p/p7/1q2BB1P/5N2/2Q4K/8 b - - 1 32,-179.0,723.0,g8g4,quiet,16,0.721656,902.0,0
r7/5rpk/2pB3p/2Pb4/p2PpP2/Q3P2q/2P2R1P/6RK w - - 0 27,-79.0,55.0,g1g3,quiet,21,0.190267,134.0,0
2r3r1/1p1k3q/p1nbpn1p/3p1pp1/P2P4/1PPB1NPP/1BR1QP2/5K1R w - - 2 22,-38.0,32.0,b3b4,quiet,28,0.100391,70.0,0
2k2r1r/1p6/5P2/p2p3p/3PbR1B/2P5/P2Q1Kpq/6R1 w - - 10 28,-643.0,-402.0,h4g3,quiet,19,0.065868,241.0,0
2k5/8/R7/2N4K/8/1P3n2/8/6r1 b - - 0 51,3.0,7.0,c8c7,quiet,7,0.005755,4.0,0
5r2/1p1k4/8/pP1p1q2/P1pPpNnQ/N1P1PbP1/3K4/5R2 w - - 9 29,194.0,214.0,a3c2,quiet,21,0.020762,20.0,0
2r5/Rp3p2/4b2p/1P4pP/2Pk2P1/3B1P2/3K4/8 b - - 6 35,-228.0,-260.0,c8b8,quiet,15,0.029152,32.0,0
r3k2r/1p3p2/4b3/p3p2p/K5nR/P1P3q1/1P1B4/3R1BN1 w kq - 0 21,-2632.0,-2999.0,h4h1,quiet,20,0.000000,367.0,0
8/4rk2/8/8/8/8/3K4/1R6 w - - 8 70,-22.0,6.0,d2d1,quiet,4,0.040252,28.0,0
8/pk6/1p6/8/P1KN3r/1P6/8/8 w - - 23 61,-629.0,-629.0,c4c3,quiet,8,0.000000,0.0,0
3k4/3P1p2/8/1B3p2/5P1p/7K/5b2/8 w - - 14 47,83.0,73.0,b5d3,quiet,9,0.013689,10.0,0
8/2kr2p1/2npb1pp/1p6/1P2P2P/2P2P2/3R1KP1/3R4 b - - 4 42,261.0,262.0,c6e5,quiet,18,0.000856,1.0,0
r5n1/ppq2kp1/2bbpp2/2p5/2P2PPN/2NPB3/PP1KP3/R2Q4 w - - 5 12,277.0,276.0,f4f5,quiet,25,0.000809,1.0,0
8/8/8/8/6p1/7p/5k2/7K b - - 1 57,1289.0,3959.0,h3h2,quiet,4,0.000599,2670.0,0
4Q3/3K2k1/8/2b3p1/6P1/8/2P5/8 b - - 0 67,-2212.0,-3051.0,c5d4,quiet,7,0.000003,839.0,0
r3kbr1/1bppq3/ppn1pn1p/5p2/P1NP1N1P/2PBP3/1P1B1P2/R2QK2R b KQq - 3 10,212.0,516.0,c6d4,capture,30,0.179087,304.0,0
r2r4/2k2pp1/4b2p/3Pp3/p3Pn1P/5P2/P1KN1bP1/1R1R1B2 b - - 0 23,868.0,699.0,e6d7,quiet,22,0.010856,169.0,0
8/8/1p1kbpp1/1P5p/r1PK3P/2R2PP1/3N4/8 w - - 0 40,494.0,408.0,d2e4,quiet,15,0.032166,86.0,0
5r1k/2p4p/1pq2np1/2b1Q3/1p3pP1/1B3N2/P1P2PKP/5R2 b - - 0 22,118.0,160.0,f8e8,quiet,21,0.051679,42.0,0
1q2k2r/R3p2p/2p5/6p1/2n1B1P1/8/8/4K2R w Kk - 0 24,-1221.0,-1399.0,e4c6,capture,13,0.000567,178.0,0
8/1pB5/p3k3/2p3p1/PPP5/2K2n2/8/8 b - - 0 37,358.0,340.0,c5b4,capture,11,0.010806,18.0,0
r5k1/2r1b1pp/1pn1p1n1/p2pPp2/3P1P1q/1PPB1Q1P/R4P2/1NBK3R w - - 3 16,-7.0,35.0,f3g3,quiet,28,0.060272,42.0,0
8/8/2k1N3/p7/p1NPp3/2P1P3/5r2/2K5 w - - 7 49,304.0,577.0,e6c5,quiet,11,0.113210,273.0,0
r1br2k1/1p2npp1/2nqp2p/3p4/p2P4/4NNP1/PRQ1PPBP/1R4K1 b - - 0 14,295.0,225.0,a8a7,quiet,27,0.060267,70.0,0
2R5/4kp2/8/3P4/3n1PK1/3P4/3r4/8 b - - 3 38,632.0,677.0,d2g2,quiet,9,0.005732,45.0,0
1r6/2r1kpQ1/bq1p1p2/3PpB2/p3P2P/1P4P1/3R1P2/3R2K1 b - - 0 32,-321.0,-162.0,a4b3,capture,21,0.146280,159.0,0
8/3N2R1/4k3/3p4/7r/5P2/2b3K1/8 w - - 0 43,-8.0,12.0,d7b6,quiet,8,0.028773,20.0,0
8/2p5/6R1/4p2k/4B3/3K2P1/5r2/3n4 b - - 13 57,-19.0,-4.0,f2f8,quiet,9,0.021560,15.0,0
r3kb1r/ppp3p1/3nP3/1P6/2p1N3/4B2p/P3PP2/R3K2B b Qkq - 0 21,751.0,852.0,h3h2,quiet,21,0.005727,101.0,0
5rk1/p4ppp/1p1r3q/6P1/8/2P2NP1/PP2P3/R3KB2 b Q - 0 13,2591.0,2829.0,h6e6,quiet,19,0.000000,238.0,0
k6r/8/1B6/3pPbp1/4n3/P4p2/P4P2/3K2R1 w - - 0 26,-1357.0,-1406.0,e5e6,quiet,14,0.000099,49.0,0
r3k1nr/pp3pbp/n1p1p1b1/3p2P1/RPP3P1/1P1P1N1P/4P3/1NBK1B1R b kq - 2 9,-192.0,-272.0,h7h5,quiet,29,0.075937,80.0,0
5rk1/p2b1r2/Bp1b3p/3N2p1/1P1Pp1P1/P3Bp1P/5Pn1/2RK3R b - - 0 28,351.0,446.0,g8g7,quiet,24,0.045798,95.0,0
2k1r3/5pp1/p1b5/2N4p/4N1PP/4KP2/P1PR3q/1R6 b - - 1 23,733.0,749.0,h2g3,quiet,18,0.001258,16.0,0
2r1rbk1/2qn1p1p/p2p1np1/8/1PN2P2/2QP1P2/1B2B2P/R3K2R b - - 0 19,590.0,1242.0,d6d5,quiet,24,0.031626,652.0,0
2b2rk1/2qp1pp1/3n1b1p/p1pPN2P/1rP1P3/2NB1PP1/8/R2Q1RK1 w - - 1 19,-229.0,-289.0,f3f4,quiet,26,0.051836,60.0,0
2kr3r/1b1q2p1/Bp1bpp2/3p1n1P/3P3P/2P2N2/PP2QP2/R1B1K1R1 b Q - 0 13,-177.0,-128.0,h8h5,capture,26,0.058455,49.0,0
1Q6/4qpk1/6p1/r7/P7/7P/6PK/5R2 w - - 19 55,105.0,127.0,b8b3,quiet,11,0.028371,22.0,0
7R/8/8/2pB2rp/2P1K3/8/1k6/8 w - - 10 58,688.0,899.0,e4f4,quiet,8,0.013074,211.0,0
r4k1r/p1p2p1p/5np1/1Qp5/2Pqp3/4R2P/P4P1P/3RKB2 b - - 3 16,428.0,889.0,d4e5,quiet,22,0.072482,461.0,0
r1q1r1k1/1p1n1ppp/3bpn2/pPpp1b2/P1PP3P/B3PN2/3NBPP1/R2Q1RK1 b - - 3 9,59.0,-35.0,e6e5,quiet,32,0.134300,94.0,0
r1b2rk1/1p2bppp/p1n1pn2/1q6/N1p2B2/PP3NPP/4PPB1/R2Q1RK1 w - - 0 12,43.0,182.0,b3c4,capture,29,0.178760,139.0,0
r1b1kbnr/pp4pp/2p1N3/3p4/P5p1/4P3/1PPP2BP/R1B1K1NR b kq - 0 10,-712.0,366.0,c8e6,capture,26,0.875244,1078.0,0
8/5npk/4N3/3q4/p6P/4Q1P1/5P1K/8 w - - 16 54,132.0,135.0,e6f8,quiet,11,0.003738,3.0,0
3qkb1r/prpp2pp/5n2/5p2/QPP2P2/P4PP1/7P/R1B1K2R b KQ - 0 12,757.0,635.0,c7c5,quiet,24,0.012554,122.0,0
6k1/3r1p2/pq4b1/3B2Q1/2p5/P7/1P6/2K5 w - - 0 30,-1566.0,-1673.0,d5e4,quiet,12,0.000056,107.0,0
3rr1k1/ppp1bpp1/2q2n2/8/6Pp/2N1BN1P/PP2QP2/2RR2K1 b - - 7 15,-921.0,-995.0,d8d1,capture,24,0.001714,74.0,0
r4k2/q5p1/2Q5/1p2p1P1/2n1p1b1/8/5PP1/5RK1 b - - 1 25,1305.0,1539.0,a8d8,quiet,15,0.000404,234.0,0
8/1rp1kp2/3p2p1/p2P4/7P/5R2/P4PK1/8 w - - 13 47,-387.0,-407.0,f3c3,quiet,13,0.009653,20.0,0
8/3rk1p1/7p/PR6/5P2/4P3/2rpK3/3R4 b - - 0 35,-158.0,-25.0,c2a2,quiet,12,0.176986,133.0,0
1k1rr3/p1p5/1p6/3p4/5qPP/3Q1P2/1P1R4/1BK4R b - - 4 27,-815.0,-729.0,d5d4,quiet,17,0.005736,86.0,0
rnbqr1k1/1p4b1/2p2pB1/p2p3n/3P1P2/P1N1P2P/1P4P1/R1BQ1RK1 b - - 0 10,-323.0,-59.0,h5g3,quiet,27,0.281119,264.0,0
r5k1/1bp1bp1p/3p1np1/1PqP1p2/2PN1P2/2NQP3/1B4PP/5RK1 w - - 4 17,459.0,364.0,h2h3,quiet,25,0.043079,95.0,0
8/2p3b1/1p1p4/1P1P2k1/8/3K1B1P/8/8 b - - 14 68,-118.0,-115.0,g7h8,quiet,10,0.003866,3.0,0
r3r1k1/1pp2pb1/p1n2qp1/3Npb1p/2P5/3PP1P1/PB3PBP/R2Q1RK1 b - - 3 12,-159.0,-133.0,f6d6,quiet,28,0.031509,26.0,0
2r5/8/pkn1p2R/2np4/8/Pq6/1P3R2/1K2Q3 b - - 3 34,908.0,949.0,c6d4,quiet,14,0.001118,41.0,0
4r1k1/1p6/p2p2p1/P2P1b1p/1PPb4/8/3B1PR1/5BK1 b - - 2 34,216.0,220.0,h5h4,quiet,18,0.003975,4.0,0
3R4/2P5/8/6p1/5pK1/P1r5/4kp1P/8 w - - 4 77,-646.0,-625.0,d8e8,quiet,10,0.002963,21.0,0
r3r1k1/1pqn1pp1/p2b1nb1/6B1/3pN3/1Q4P1/PP2N1BP/2R1K2R b - - 0 17,684.0,1061.0,d7c5,quiet,25,0.016905,377.0,0
3r1rk1/2pnqp2/p3p2p/1p5Q/3R3N/2P3PP/PP5K/5R2 b - - 2 21,-133.0,-95.0,g8h7,quiet,21,0.049163,38.0,0
1k6/1p3p1p/6p1/Q1p3P1/3b1PK1/P3q2P/1PPr4/R4B2 w - - 7 27,-720.0,0.0,a5d8,quiet,19,0.484398,720.0,0
4k3/2R4P/K4R2/4r3/p4p2/P7/7r/8 b - - 0 57,-564.0,-833.0,f4f3,quiet,10,0.029246,269.0,0
rnk1Bb2/1bp1n2r/1p1pP1p1/pP6/2P2q1p/4NPR1/PB1Q4/1K4R1 w - - 0 27,-283.0,-273.0,g3g4,quiet,26,0.008044,10.0,0
8/8/2k2r1p/3pp2R/8/4K3/3N4/8 b - - 1 38,62.0,13.0,f6e6,quiet,8,0.069590,49.0,0
3b4/1p1k1p2/p1p1b1p1/P1P5/2P2K2/2BB4/5P2/8 w - - 2 41,-429.0,-445.0,f4e5,quiet,15,0.006373,16.0,0
1k1r1r2/p1p5/1p2p2p/8/2q1P3/P3R2P/1P1BQnKP/R7 b - - 11 21,832.0,767.0,f2d3,quiet,20,0.003699,65.0,0
2kr2nr/pbqp2p1/1pn1pp2/8/1bP1P3/2N1BNPp/PP2BP1P/2RQ1RK1 b - - 4 10,-32.0,-212.0,b4c3,capture,30,0.226207,180.0,0
6k1/4nppp/1r6/pp2PP2/3rBB2/7P/PP3P2/4R1K1 w - - 3 20,7.0,-269.0,f4c1,quiet,19,0.334768,276.0,0
R7/6p1/6k1/p5r1/2pB4/P1P1K3/7P/3b4 w - - 10 40,124.0,130.0,a8a7,quiet,12,0.007576,6.0,0
6k1/8/8/1p1P4/2b4r/4P1K1/1Q1R2P1/5r2 b - - 4 48,-749.0,-914.0,h4h5,quiet,11,0.008073,165.0,0
1rr3k1/p5p1/4q3/7p/Q2PpP1R/4N1P1/P4PK1/2R5 b - - 0 25,-1528.0,-160.0,c8c1,capture,18,0.284596,1368.0,0
8/1R6/3p1k2/6p1/4rb1p/p6P/P4KP1/5N2 b - - 4 49,699.0,866.0,e4c4,quiet,13,0.010779,167.0,0
r2qk1nr/pbp4p/3p4/3P2P1/1p1pp3/7P/PPPQ1NP1/R3KB1R w KQkq - 0 10,289.0,1304.0,f1b5,quiet,26,0.158728,1015.0,0
2kr1br1/ppqn1p2/2p1pnp1/6B1/3P4/1QP3N1/PP3PP1/2KR1B1R w - - 4 14,125.0,187.0,f1d3,quiet,26,0.073314,62.0,0
3kn3/8/n1K1P3/P1P5/3N4/8/8/8 w - - 5 53,472.0,417.0,c6b6,quiet,8,0.021164,55.0,0
1r2qrk1/1bppb1p1/np3n1p/p2N2P1/2PpP2P/P2B4/1PQBN3/1K1R3R b - - 0 15,-533.0,-614.0,f6d5,capture,29,0.016091,81.0,0
4R1bk/8/8/8/P7/8/6PP/1q4BK b - - 12 50,396.0,414.0,b1g6,quiet,9,0.008365,18.0,0
5r1k/1b4pp/1p1bp3/1P1p4/3PpP2/1P2P2P/1B4P1/R5K1 b - - 0 20,1008.0,1023.0,f8a8,quiet,20,0.000248,15.0,0
r2q1rk1/1b2ppbp/1ppp1np1/p7/Pn1PP3/1NN1B1PP/1PP2PB1/R2QR1K1 w - - 6 10,170.0,108.0,d1d2,quiet,32,0.076225,62.0,0
5bk1/1r3bpp/5n2/3p1P2/1N1q1NP1/B3R3/8/2R3K1 w - - 0 29,-1541.0,-1991.0,f4g2,quiet,17,0.000130,450.0,0
r1b1k2r/3n1pb1/p2qpnp1/1p1p3p/1P5P/P1N1PP2/1BPQ2P1/1K1R1BNR w kq - 3 12,5.0,-22.0,e3e4,quiet,30,0.038813,27.0,0
r2k3r/p5p1/n4p2/2p1bn1p/1pP5/3K1P1N/PPN2BPP/1R5R w - - 0 14,-85.0,33.0,f3f4,quiet,24,0.167290,118.0,0
1k5r/1p2R3/3pP1r1/p3q1B1/2Q4P/8/P1P5/6K1 b - - 0 23,513.0,1634.0,g6g5,capture,15,0.049510,1121.0,0
rnb1kbnr/pp3q1p/2pp4/4p1B1/2N1PNp1/2Q4P/PPP2PP1/R2K1B1R b kq - 0 10,-252.0,-321.0,b8d7,quiet,30,0.053776,69.0,0
r3b1k1/5pp1/1p5p/3pN3/3Pn3/3BQ2P/1q3PP1/2R3K1 w - - 4 27,-54.0,-58.0,d3e4,capture,19,0.005609,4.0,0
8/6pp/1p1r4/pBkn2Q1/P4n1P/4p3/1P6/1K6 w - - 3 34,-31.0,53.0,g5g7,capture,15,0.120182,84.0,0
5k2/2r1p2p/5bp1/3b3P/P2p4/3B1Pq1/1P1Q2P1/4RK1R b - - 2 25,-371.0,-554.0,f6g5,quiet,19,0.066101,183.0,0
2kr3r/pppn2p1/5n2/1Pbqp1Np/P3p3/3P4/1NP2PPP/R1BQ1RK1 w - - 1 13,146.0,297.0,d3e4,capture,28,0.148235,151.0,0
rn2k2r/pp1q2pp/3p1n2/2p2p2/3p1P2/PR2PN2/P1PB2PP/3QK2R w Kkq - 0 9,-483.0,-116.0,e3d4,capture,27,0.280607,367.0,0
6R1/2p5/2p4k/p1P3R1/K7/5q2/5P2/8 b - - 1 59,-77.0,-58.0,f3c3,quiet,10,0.026331,19.0,0
8/2K2k2/2P5/1r6/8/1P2R3/2r5/8 w - - 41 67,-503.0,-641.0,c7d6,quiet,7,0.028010,138.0,0
5rk1/pB1bq1pp/2p2n2/2p1p3/P1P2pP1/3P1P1P/P3P3/1R1QK2R w K - 2 15,347.0,384.0,b7a6,quiet,25,0.020653,37.0,0
1kbr1r2/pp6/P6R/6Pp/3qP3/3p3P/1P1Q2B1/R6K w - - 1 25,259.0,115.0,a6b7,capture,19,0.156509,144.0,0
8/2k2p2/8/4P3/p7/5bR1/7P/6K1 b - - 1 47,-710.0,-664.0,f3d1,quiet,8,0.004898,46.0,0
r1bqkbr1/1pn2ppp/2p4n/3p4/3Pp3/PQp1N1P1/4PP1P/RNB1KB1R w KQq - 0 9,-566.0,-450.0,b1c3,capture,30,0.032723,116.0,0
8/1pk4r/6R1/4N3/P3K1Pp/1r6/8/8 w - - 2 49,-831.0,-1184.0,g6f6,quiet,10,0.007201,353.0,0
4k3/5p2/3b1r2/p1pN1p2/2P4p/4PP1P/6P1/6K1 w - - 0 28,-1754.0,-278.0,d5f6,capture,15,0.167899,1476.0,0
br4rk/4q1p1/p3p2p/P1p1Pp1Q/2PNpP2/B3P2P/6PK/5R2 w - - 7 25,-448.0,-221.0,h5g6,quiet,24,0.148376,227.0,0
7r/kp6/p7/1P3b2/2P2Ppp/2K1b3/P5R1/7R w - - 0 32,-1767.0,-1252.0,g2e2,quiet,15,0.000703,515.0,0
8/3R4/5r1p/R3pk2/5n1P/3p4/5P1P/5K2 b - - 3 31,-150.0,23.0,f6c6,quiet,12,0.236436,173.0,0
r1bq1k1r/p3npp1/1pnN3p/3p4/8/B4P2/PP1QN1P1/2KR1B2 b - - 3 14,219.0,195.0,d8c7,quiet,24,0.024687,24.0,0
2R2b2/5k1p/5p2/8/2P4N/6PK/5r1P/8 w - - 4 34,241.0,287.0,c4c5,quiet,11,0.039013,46.0,0
k1r5/pp6/6p1/1b1Q4/8/7P/P4R1K/1q6 w - - 0 37,-1301.0,-1446.0,d5b3,quiet,12,0.000316,145.0,0
r4b1r/pbpq1kp1/1pn2P2/5p2/8/2N2N2/PPPBQ1PP/R3K2R w KQ - 1 13,423.0,579.0,f6g7,capture,25,0.046087,156.0,0
2b1qk1r/1p3npp/3b1p2/Q2N3P/2Pp4/1P3PP1/1P4K1/4R3 b - - 4 21,1556.0,1586.0,e8d8,quiet,21,0.000020,30.0,0
1QQ5/2p1k1p1/p7/4bp2/8/P2K4/8/4q3 b - - 2 47,163.0,1263.0,e1d1,quiet,11,0.280548,1100.0,0
4q1k1/2Q2pr1/7p/3p2P1/P6P/4PR2/2pr2PK/5R2 w - - 0 31,9.0,-177.0,c7c3,quiet,17,0.247706,186.0,0
r3k2r/1b1p2pp/2pb1n2/4nN2/1P2P3/P1N5/2K3BP/1RB4R b kq - 0 19,-191.0,-215.0,d6b8,quiet,22,0.024989,24.0,0
4B3/p1k3rp/2P5/3pp3/7P/B1P3P1/P2P1b2/3K4 b - - 6 24,348.0,505.0,f2b6,quiet,16,0.067054,157.0,0
r4r2/pp1b1k2/7p/2R5/P4B2/N1P1n3/6PP/4R1K1 b - - 0 24,-370.0,-543.0,e3g4,quiet,17,0.064168,173.0,0
8/2Nkq3/6p1/3p4/P2P4/1P4Qp/1KPB4/5b2 b - - 0 33,-1068.0,-1362.0,e7e2,quiet,14,0.001740,294.0,0
2k5/8/8/1B6/PP6/8/1K6/3r4 b - - 6 52,5.0,-32.0,d1d2,quiet,6,0.053117,37.0,0
1r4k1/Q4p2/3q2p1/3p3p/2p1r2P/P1P2NP1/KPP2P2/5B1R b - - 0 23,-634.0,208.0,e4e7,quiet,21,0.742709,842.0,0
8/5p1k/5Qp1/3q3p/7P/6PK/7R/1r6 b - - 15 59,541.0,979.0,d5d7,quiet,11,0.038967,438.0,0
rn1q1rk1/1p2npb1/p5p1/2ppp1N1/2P5/2BPP3/PP2KP2/RN4QR b - - 1 10,42.0,-28.0,f8e8,quiet,27,0.100358,70.0,0
8/8/5pk1/6p1/7p/r1P2P1P/3KR1P1/8 b - - 0 51,-242.0,-260.0,g6f5,quiet,11,0.015998,18.0,0
r1bk1b1r/2qp2p1/p1n2nPp/2p2p1P/1p3P2/3P2N1/PPP1R3/R1BQKBN1 w Q - 4 12,-78.0,56.0,g1f3,quiet,30,0.190302,134.0,0
2r2rk1/Bp3p1p/6n1/5p2/5Pp1/P1b5/1PP1N1PP/2K2B1R w - - 0 16,21.0,999.0,e2c3,capture,21,0.466645,978.0,0
r4rk1/pbppqppp/np3n2/P7/2P5/4PN2/1P2BPPP/R1BQK2R w KQ - 3 10,-58.0,31.0,e1g1,quiet,28,0.127196,89.0,0
8/2k5/4bn2/2p1p3/3rPp1p/pPP2BrP/3NR1P1/1K1R4 b - - 0 40,264.0,366.0,d4d3,quiet,20,0.071073,102.0,0
rn2k2r/pppb1p2/4p3/3pP3/1b1P2pq/2N2P2/PP1Q3P/R2K1BNR w kq - 1 10,-644.0,-566.0,a2a3,quiet,27,0.013076,78.0,0
1r1q1r1k/6b1/p7/2p2bpN/P3p3/2P1BnP1/Q4N1P/R4R1K b - - 3 26,470.0,429.0,g7e5,quiet,22,0.015375,41.0,0
r1bqr2k/p6p/6p1/2p2p2/1n1n1P2/1PNB3N/2PP1QPP/R4RK1 w - - 6 16,120.0,95.0,h3g5,quiet,25,0.032732,25.0,0
2kr1br1/1p5p/p1n1b3/2pNpp2/P3P1nP/2P4N/1P1B2P1/R1K2B1R w - - 0 13,-251.0,19.0,f1c4,quiet,26,0.336524,270.0,0
5k2/8/6R1/5N2/7P/rp5K/2r3P1/8 w - - 1 53,-661.0,-717.0,g2g3,quiet,9,0.005905,56.0,0
2kr3r/ppN2pp1/2p1bn1p/2b5/4P3/1P3n1P/PBPQB1P1/2KR3R b - - 0 11,-1211.0,640.0,f3d2,capture,26,0.974559,1851.0,0
r1bq1r1k/pp4bp/6p1/3p4/QRn2p2/P1P2N2/4PPBP/2BR2K1 b - - 5 14,258.0,228.0,c8d7,quiet,25,0.027425,30.0,0
3k4/3r1p2/1q5p/4Q2P/1P2B3/2K5/8/8 b - - 7 45,427.0,606.0,b6c7,quiet,10,0.049211,179.0,0
r5k1/1p1b2pp/1b1B1n2/1NPP3q/nP1NrP2/5R1P/4P1B1/3Q1RK1 b - - 0 23,-948.0,-751.0,d7b5,capture,25,0.008838,197.0,0
8/5k2/6R1/1r3p1P/3K2p1/8/8/8 w - - 5 79,-118.0,-123.0,g6g5,quiet,7,0.006395,5.0,0
2R5/6k1/p5pp/8/4r2P/P2b1N2/5K2/8 w - - 0 30,-207.0,-305.0,c8c7,quiet,11,0.085648,98.0,0
8/4pk2/4b3/B3Pp1p/Pp5P/r4Pr1/1KP2R2/3R4 b - - 0 33,275.0,487.0,a3a2,quiet,17,0.113226,212.0,0
8/1k5p/2p3p1/p3p3/qp6/1r3PP1/1BR4P/1K1Q4 w - - 0 37,320.0,368.0,d1d7,quiet,16,0.029484,48.0,0
r2qkb2/ppp2pr1/4pn1p/3p1b2/PnPP1N2/N3P3/1P2B1PP/R1BQ1RK1 b q - 6 9,137.0,49.0,f6e4,quiet,30,0.117485,88.0,0
7r/ppR3pp/4k3/5p1P/3n3P/1P3PKB/P7/8 w - - 0 29,205.0,394.0,h3f1,quiet,16,0.141235,189.0,0
2R5/8/8/p6k/8/5P2/6K1/r7 b - - 9 51,-27.0,-29.0,a1a2,quiet,6,0.002860,2.0,0
7R/1pR5/2b1p2P/3pP3/p1kP4/P7/2r4r/1KB5 b - - 1 40,312.0,678.0,c2c3,quiet,16,0.122552,366.0,0
r3kb1r/2p4p/1pPp1np1/p3q3/4P1P1/2P3Q1/1P3PBP/R1B1R1K1 w k - 4 16,889.0,1905.0,c1f4,quiet,25,0.005938,1016.0,0
2b2rk1/3qn2p/r1p1pppP/1p6/1P1P4/p2B1N2/P1P2PP1/2KRQ2R b - - 1 15,-57.0,-20.0,e7d5,quiet,26,0.052551,37.0,0
4Q1r1/3R4/3N4/1p1k4/1P6/5K2/8/8 b - - 0 46,-3946.0,-2428.0,g8e8,capture,8,0.000001,1518.0,0
1b6/1k2rp2/p1p1b3/Pp4RR/1P6/2P1P3/2K2P2/8 w - - 1 38,-423.0,-429.0,f2f4,quiet,16,0.002521,6.0,0
2k3rr/p1nqpp2/5n2/3p3b/P4P2/2RQ4/1PP1P1BN/2B2RK1 w - - 0 17,36.0,88.0,d3a6,quiet,23,0.072378,52.0,0
r4rk1/pp1bqn1p/5p2/3Q2pP/2B2P2/P3b3/1P1B2P1/R3K1NR w - - 0 16,-126.0,-221.0,d2b4,quiet,24,0.107339,95.0,0
r1b2rk1/ppq2pb1/2p2np1/4p2p/2P1P3/P1N1B2P/1P2BPP1/R2Q1RK1 w - - 0 12,137.0,111.0,d1c2,quiet,28,0.033018,26.0,0
2k2r2/p2bp3/2p5/1p6/4B3/1P1P4/1B1NPP2/n2K4 b - - 1 20,1.0,-194.0,f8f2,capture,16,0.254825,195.0,0
1rr3k1/3n2pp/R7/R1pb1p2/4p3/1P2P1P1/1BK1BP1P/8 b - - 0 31,-238.0,-70.0,d5b3,capture,20,0.197990,168.0,0
7r/4p2p/1pk1np2/p1p5/P1P2P1n/2P5/4KP1P/4RNR1 w - - 10 27,451.0,585.0,e2d1,quiet,20,0.036060,134.0,0
8/8/8/3kp3/1b3r2/8/2R5/7K w - - 0 51,-1152.0,-1430.0,c2c7,quiet,6,0.001051,278.0,0
8/8/1p6/8/1Q6/4k3/2P1p3/2K2n2 w - - 5 51,440.0,540.0,b4e1,quiet,7,0.030829,100.0,0
3r4/7R/4kp2/2R2p1p/1p1p1P1P/1r1P4/8/5K2 w - - 0 44,-304.0,-520.0,f1e2,quiet,14,0.100325,216.0,0
2kr4/pp3pnp/2n1b3/b1B5/5r2/2NP1N2/P2K1RBP/5R2 b - - 6 22,539.0,1422.0,f4c4,quiet,21,0.042716,883.0,0
2k3r1/1pp1n3/p4p1r/P3pn2/2P1P3/P1B1P3/5K1p/2R2B1R b - - 0 25,819.0,1499.0,f5g3,quiet,21,0.008706,680.0,0
6k1/5p2/4qb1p/1p1r4/r2pn1pN/1Q3PP1/1P2P2P/2RRN1K1 b - - 0 28,264.0,105.0,e4c5,quiet,22,0.173826,159.0,0
2kr1b1r/p1p2pp1/1pn1p3/3q1n1p/1P2NP2/P2P1NP1/2P4P/R1BQK2R w KQ - 0 9,-187.0,-109.0,c1b2,quiet,28,0.093911,78.0,0
8/p1pp1rk1/6p1/3Pq2p/1P6/P2RP2P/6B1/6K1 b - - 5 29,2327.0,2397.0,e5a1,quiet,16,0.000001,70.0,0
8/8/4k3/8/2b2p2/8/5N2/4K3 w - - 14 56,-80.0,-11.0,f2h3,quiet,5,0.097312,69.0,0
7r/1p2pk2/2n1bp1P/p1q1P3/5Bp1/2P5/2PQB1P1/5K1R b - - 0 24,38.0,460.0,c6e5,capture,20,0.379417,422.0,0
2b1kb1r/p3n1p1/1p6/2p3B1/3nB3/2NP4/PP1KPPpq/R2Q2R1 b k - 0 14,-47.0,-415.0,c8h3,quiet,24,0.348751,368.0,0
r2q1rk1/5ppp/pp1bp3/6P1/2pNnP1P/4P3/PBQP4/R3K2R b Q - 1 15,293.0,137.0,e4c5,quiet,25,0.156244,156.0,0
2rq1r2/3b2kp/6p1/1p1P3n/p3p3/1B2N2P/PPPQ1P2/1K1R3R w - - 0 21,303.0,-391.0,d2d4,quiet,23,0.755938,694.0,0
4k2r/q3bppp/2n1p3/2Pp3n/3P3P/5P2/1P1RN2B/3QK3 b - - 2 18,1038.0,938.0,e7h4,capture,21,0.001964,100.0,0
1R6/8/b1kPp3/P2p1n2/8/4P3/3N1PP1/4K3 b - - 0 28,-2065.0,-2564.0,c6d7,quiet,13,0.000006,499.0,0
4rr2/1pq3kp/p1nR2p1/2P2b2/PPB5/2P2P2/5KPP/3Q3R b - - 2 19,497.0,690.0,c7e7,quiet,22,0.035629,193.0,0
2RR1bk1/1p3r1p/p7/7p/r2NKP1P/6P1/8/8 w - - 12 41,365.0,324.0,e4d5,quiet,15,0.025121,41.0,0
5R2/8/8/2B2np1/5rk1/8/3K4/8 b - - 17 59,156.0,124.0,f4e4,quiet,7,0.039299,32.0,0
8/1b2bp2/4p1p1/k1p1P2p/ppP1PP1P/P3B1P1/1P2B3/2K5 w - - 29 47,136.0,131.0,e2d3,quiet,21,0.006230,5.0,0
7Q/3r2p1/4kB2/p1p4B/PnP1p3/1P2q3/8/1K6 b - - 0 35,624.0,2523.0,e6f6,capture,15,0.026804,1899.0,0
3Q4/8/6k1/8/8/8/3K4/8 b - - 2 62,-2385.0,-3818.0,g6g7,quiet,3,0.000001,1433.0,0
4r1k1/1pq1rpb1/p2np1p1/P2p2Pp/3P3P/2PNN1Q1/1P2RP2/4R1K1 w - - 5 27,-28.0,-39.0,e1a1,quiet,26,0.015683,11.0,0
r4rk1/pb2b1p1/1qn4p/1p6/2PpBR2/P5P1/1BPPQ1KP/RN6 b - - 0 16,286.0,522.0,f8f4,capture,25,0.114397,236.0,0
2rq1bk1/1p3p2/2p1pnpn/7p/3P1P1P/3BP3/P5PN/2R1Q1KR b - - 3 18,128.0,213.0,c8a8,quiet,24,0.096838,85.0,0
8/8/p1k2p2/5R2/P4P2/2b1P3/3p3r/3K2R1 w - - 2 41,305.0,669.0,d1c2,quiet,12,0.126513,364.0,0
8/8/2k3p1/6Rp/2P1b2P/7r/4K3/8 w - - 3 37,-1335.0,-1666.0,g5e5,quiet,9,0.000391,331.0,0
4R3/8/8/5k2/2K4P/8/1r6/8 b - - 0 64,13.0,0.0,b2b1,quiet,5,0.018700,13.0,0
6k1/p2rbpp1/2p1q2p/3rP3/P1NpR2P/1P1Q2P1/2P3K1/5R2 b - - 0 26,-90.0,-50.0,e7d8,quiet,22,0.055236,40.0,0
8/3r3p/2N5/8/5k1P/8/6K1/8 w - - 1 45,-908.0,-1042.0,g2h2,quiet,6,0.002865,134.0,0
Q7/8/8/5k2/7p/1p6/8/6K1 b - - 0 46,-1083.0,-1287.0,b3b2,quiet,5,0.001352,204.0,0
5r2/1R3p2/p4k1p/3P1npP/P7/8/7K/1R6 b - - 0 44,-374.0,-499.0,g5g4,quiet,13,0.050528,125.0,0
1r6/5pkp/6p1/8/3qR3/5P2/4BPK1/8 w - - 0 34,-2198.0,721.0,e4d4,capture,11,0.984483,2919.0,0
8/8/4k2p/6p1/1PP5/3r2B1/1K5P/8 w - - 1 58,-336.0,1.0,b4b5,quiet,9,0.375150,337.0,0
8/k7/8/8/2N5/2K4B/8/8 w - - 1 60,888.0,1346.0,c3d4,quiet,4,0.005558,458.0,0
r4rk1/1pp1q1b1/p2pPnp1/P4p1p/4pPnP/R3P3/BPPBN1P1/3QK2R b K - 2 15,287.0,338.0,d6d5,quiet,30,0.035800,51.0,0
r1bqk2r/ppp3bp/2n1P1p1/1B2n3/4N2P/P2p4/1PPPQPP1/R1B1K1NR w KQkq - 0 9,97.0,-99.0,b5d3,capture,30,0.274815,196.0,0
8/1k3p2/3q4/P1n5/2P5/2Q2P2/1KB5/8 w - - 7 68,474.0,405.0,c3b4,quiet,10,0.027249,69.0,0
r2q3r/1p1b2k1/3b2p1/Pp1PN3/1p2RPp1/1P5P/5P2/R1BQ2K1 w - - 0 18,572.0,972.0,e5d7,capture,23,0.032121,400.0,0
8/2p3p1/1b4k1/3pp2p/3Pb1nP/1NP3P1/3Br3/R4BK1 b - - 3 29,798.0,804.0,e2f2,quiet,19,0.000337,6.0,0
r3r1k1/pp1n1qp1/2p1b2p/4B3/3P4/1PP3P1/P1B4P/R2QR1K1 w - - 1 21,347.0,576.0,e1f1,quiet,23,0.084431,229.0,0
8/6k1/1p6/5R2/p1b1BKP1/P7/1r6/8 w - - 0 47,140.0,71.0,f5g5,quiet,10,0.090458,69.0,0
8/1pk5/8/2K5/P7/2P4n/4R3/3r1q2 w - - 0 47,-3009.0,-4210.0,e2e7,quiet,9,0.000000,1201.0,0
3rk1nr/ppp3pq/4bp2/PPb1p1p1/8/2N4P/1P1BBPP1/R2Q1RK1 w k - 1 12,-245.0,-251.0,e2f3,quiet,27,0.005389,6.0,0
8/3b4/3P2k1/4Q1p1/8/p4R2/P4P1K/5q2 w - - 3 39,885.0,2143.0,e5f6,quiet,11,0.006089,1258.0,0
r6r/2Q1qkn1/p2pp3/1p1b1p2/1P1N4/B1PB4/P2P1P1P/1R2K3 w - - 0 20,-451.0,-722.0,c7b6,quiet,23,0.053960,271.0,0
2b2rk1/p4p1p/2p2q2/5p1Q/3P3R/r2nN1P1/5PBP/5RK1 b - - 4 23,-202.0,-122.0,f6g6,quiet,21,0.093147,80.0,0
8/5bk1/4rn1p/p5p1/2B3P1/2P4P/PP6/2K2R2 b - - 1 31,571.0,791.0,e6e3,quiet,15,0.025600,220.0,0
r1q2rk1/p3p2p/1p2Pp1b/1P1Q1p2/8/4PPP1/PB1NN1KP/2R5 b - - 2 16,-1272.0,-932.0,c8d8,quiet,24,0.003995,340.0,0
r7/2bnkp2/P1p1pn2/3p2Bq/3P3P/2NB4/7P/5RQK w - - 3 23,509.0,612.0,c3e2,quiet,20,0.022022,103.0,0
6q1/8/6kp/6p1/6P1/2Q2P2/8/6K1 w - - 16 64,57.0,61.0,c3c2,quiet,8,0.005594,4.0,0
2kr1b1r/1bppq2p/1p1n4/p2Pnp2/3N1B1p/P1N5/1PP1BPP1/R2QK2R b - - 1 12,68.0,163.0,f8g7,quiet,29,0.122128,95.0,0
r2qk2r/np1b2p1/3b4/p2P1ppP/1p1P4/1P1BBP2/3N2P1/R2QK2R w KQkq - 3 14,-53.0,32.0,d2c4,quiet,26,0.121609,85.0,0
r1bq1rk1/3nbppp/8/1p1n4/p1p5/4PP2/PBNPBNPP/R2QK2R b KQ - 1 14,544.0,395.0,d8c7,quiet,28,0.051490,149.0,0
8/5B2/8/6r1/p7/1p6/8/1K1k4 w - - 0 66,-1550.0,-1581.0,b1b2,quiet,6,0.000022,31.0,0
r1bqr1k1/p4pp1/1p1p1n2/7p/2P4P/B1N2P2/P3N1P1/2KR1B1R b - - 0 15,996.0,1155.0,b6b5,quiet,24,0.001931,159.0,0
1k2r3/1p3p1p/p3q3/5rp1/3Pn3/BP1QP2P/2R4K/5R2 w - - 0 27,-583.0,-561.0,f1f5,capture,19,0.004376,22.0,0
3r4/PP6/2R3pk/8/8/8/1K1p2p1/3Rr3 b - - 0 47,-111.0,1209.0,g2g1q,promotion,11,0.653571,1320.0,0
6R1/7p/3pk2P/p7/P1PK4/8/6p1/5b2 b - - 0 41,-119.0,-312.0,e6d7,quiet,11,0.192805,193.0,0
r1b1kn2/1pq1bp2/p1pp3r/4p1pn/3PP3/1BN1BP2/PPPQNR1P/R6K b q - 1 13,57.0,87.0,h6h7,quiet,30,0.041349,30.0,0
3rk1r1/pp1nbp1p/1qp1p1b1/8/3PPQ1P/P1NR3B/1PP4B/2K2R2 w - - 7 21,412.0,409.0,f4f2,quiet,26,0.001358,3.0,0
3b1R2/6k1/1Q4p1/1p1b4/2p1P3/1P1n4/7P/5RK1 b - - 0 33,-2793.0,607.0,d8b6,capture,14,0.970521,3400.0,0
3k1r2/1pp3p1/1n1b2q1/1P5p/1r1Pp3/Q3P2P/P1RNBPP1/3R2K1 b - - 0 30,-457.0,-419.0,b4b5,capture,24,0.015077,38.0,0
rnq2r1k/pbppn1bp/4ppp1/8/R2P1NN1/1QP2PP1/1P2B2P/2B2RK1 w - - 9 13,-44.0,-85.0,g4e3,quiet,29,0.056957,41.0,0
8/8/5k2/1N1n3Q/P7/1P1q1r1p/KR6/8 w - - 9 43,13.0,277.0,b5d4,quiet,11,0.312554,264.0,0
2rq2k1/3p1rb1/1p4Q1/4p1P1/1RP2p2/P7/5P2/2B1K2R w K - 1 21,254.0,142.0,b4b6,capture,18,0.118172,112.0,0
r2r2k1/4pp1p/2p3p1/p5P1/P7/4B2P/1b4P1/3R1RK1 b - - 2 21,639.0,600.0,b2a3,quiet,18,0.006012,39.0,0
2r5/4bk2/2r2n2/p6q/3pp3/P5R1/4PP2/1R1Q1K2 w - - 0 27,-1923.0,-1770.0,d1d4,capture,16,0.000022,153.0,0
1rb1k2r/Qp1np2p/5ppb/1NnB4/5P2/P1B3P1/3RP2P/2q2NK1 b - - 0 22,208.0,279.0,e8f8,quiet,25,0.064811,71.0,0
8/k1p5/pp2n3/4B2p/PP2b3/3Q2P1/1KB3q1/8 w - - 1 44,-188.0,1199.0,d3e4,capture,15,0.745908,1387.0,0
1r5k/P1R3pp/8/8/2p5/6P1/1p4KP/R7 b - - 0 34,-1061.0,-2043.0,b8e8,quiet,12,0.002213,982.0,0
1k1r4/1p4p1/2n4p/4p3/1BQ4P/KR1P4/P6q/8 b - - 1 28,337.0,302.0,h2h1,quiet,15,0.023854,35.0,0
3r2k1/p3qpb1/1p1rb1p1/P1p1p2p/2P1P3/2B1P2P/1RQ1BPPK/5R2 w - - 1 23,-110.0,1.0,f1a1,quiet,26,0.154656,111.0,0
2r1k3/p1pq1n2/1pn2p2/8/3PPB2/2P5/P3NK2/6RQ b - - 3 19,-467.0,-430.0,c6e7,quiet,18,0.013940,37.0,0
3Q4/7k/3p3p/3Pb3/4P2P/1r4PK/4R2N/7q w - - 33 55,326.0,452.0,d8d7,quiet,14,0.063764,126.0,0
8/8/8/1p5k/4n3/8/1KP1b2P/3R4 w - - 20 59,40.0,155.0,d1e1,quiet,8,0.152043,115.0,0
k7/2K5/P6q/1p2P3/8/2P5/8/8 b - - 0 56,1568.0,2650.0,h6e6,quiet,7,0.000120,1082.0,0
3b2k1/p2r3p/2R5/2B2pp1/8/2P4P/2P2P2/6K1 b - - 0 29,100.0,102.0,a7a5,quiet,14,0.002648,2.0,0
7k/1p5p/p7/P1R5/q1p5/P3R3/4K3/8 b - - 1 42,313.0,260.0,a4c2,quiet,11,0.041286,53.0,0
1r1q2rk/1p3n1p/pNp2p2/P2p4/3P2Q1/2P3b1/1P4R1/R1B3K1 w - - 1 25,-437.0,-319.0,g4e6,quiet,22,0.062715,118.0,0
4kb1r/r2b1ppp/p3p3/2p5/1nP2B2/3P2P1/1q2B2P/1R1QK2R b k - 1 17,1111.0,1504.0,b2d4,quiet,23,0.001493,393.0,0
1k6/3R4/8/1P6/1K6/8/8/2r5 w - - 3 72,-49.0,124.0,b4a5,quiet,5,0.241293,173.0,0
5rk1/2b2pp1/8/1B1p1b1p/1B2nPq1/4P3/1Q3P1K/R4R2 b - - 6 24,812.0,813.0,g4h3,quiet,19,0.000053,1.0,0
6r1/1P1Q4/3pPk2/8/7P/pP3p2/4p1rP/2R1R2K w - - 2 46,1602.0,4993.0,d7f7,quiet,16,0.000099,3391.0,0
8/8/3p1kp1/2p3R1/5BK1/r7/5P2/8 b - - 23 46,-400.0,-431.0,a3a2,quiet,9,0.013711,31.0,0
1kb2rQ1/2q4p/8/p6r/P1P5/8/KP3P2/4R3 w - - 0 36,-1989.0,-841.0,g8f8,capture,14,0.007825,1148.0,0
8/1p5k/3K4/4N3/3B4/p5R1/8/3r4 w - - 4 52,977.0,929.0,g3d3,quiet,8,0.001139,48.0,0
1kn1RQ2/8/2q5/1pPp3p/6p1/P1b5/5PPN/6K1 w - - 9 34,952.0,1192.0,f8d6,quiet,16,0.003105,240.0,0
r1b2rk1/1p4p1/3Rp1Bp/4qP2/5B2/8/5PPK/8 w - - 2 33,-2601.0,-638.0,f4e5,capture,16,0.024780,1963.0,0
7r/3P2p1/5qk1/p2Q1p2/P4P1p/4R2P/2r3P1/7K w - - 0 33,-343.0,175.0,e3e6,quiet,16,0.610597,518.0,0
8/Q2Nk2p/1pp3pb/8/P2KnP2/8/7P/4q3 b - - 2 30,1286.0,1183.0,e1b4,quiet,14,0.000492,103.0,0
2bq1rk1/5pbp/2p2np1/P1Ppp3/8/P1P1PP2/6PP/RNBQ1RK1 b - - 0 12,-170.0,-10.0,e5e4,quiet,26,0.212443,160.0,0
6R1/1pp2B2/p1b3pk/8/2PK3p/4P3/r6P/8 b - - 3 35,672.0,559.0,a2g2,quiet,14,0.018034,113.0,0
r1bn3r/ppp1kp2/8/3Pp2p/7R/P1P5/1P3PP1/RN2KB2 w Q - 1 15,160.0,177.0,c3c4,quiet,22,0.019504,17.0,0
2k5/pp6/5NR1/8/2b5/Pr2P3/2K5/8 b - - 2 29,157.0,216.0,b3e3,capture,10,0.064432,59.0,0
2r5/5P2/1p6/3pN3/k2P4/8/8/1K6 b - - 0 62,379.0,584.0,c8f8,quiet,8,0.067894,205.0,0
8/1b2k3/8/1p3r2/pN2n3/2P5/BP6/2K1R3 w - - 8 38,188.0,206.0,a2b1,quiet,12,0.019082,18.0,0
r5k1/3p4/6p1/8/1p1BP3/3P1N2/P1r3PP/R5K1 b - - 4 22,-724.0,-440.0,b4b3,quiet,15,0.058336,284.0,0
r2qr1k1/3b3p/3P1np1/pp3p2/1n1PpN1P/4N1PB/PP1Q1P2/2R2RK1 w - - 1 16,463.0,572.0,a2a3,quiet,27,0.029233,109.0,0
8/1p6/3q1b1k/3p1B2/2r2n1P/P3Q3/K5R1/4R3 w - - 3 43,638.0,5667.0,g2g6,quiet,14,0.024780,5029.0,0
5Q2/8/8/8/6N1/6K1/1k6/8 w - - 1 61,3712.0,6117.0,f8f5,quiet,4,0.000000,2405.0,0
R1bq1rk1/4b2p/3np1p1/4N3/3P1B2/8/2Q3BP/6K1 b - - 0 29,-85.0,707.0,f8f4,capture,17,0.603148,792.0,0
2k4r/p1p3p1/1bn2p2/3b3r/QPNp2q1/3P1NP1/3BPPB1/2R3K1 w - - 1 22,-261.0,366.0,c4b6,capture,24,0.709506,627.0,0
7r/1p2k3/8/PP3p2/2PrpPp1/2R5/R6P/4K3 w - - 2 37,74.0,331.0,a5a6,quiet,15,0.265587,257.0,0
6r1/6P1/2p1k3/4pbRp/1Pp1N2P/r1P1K3/8/2R5 b - - 3 39,-293.0,-736.0,f5h7,quiet,16,0.141969,443.0,0
r1bq1rk1/2p3b1/p5p1/3pP3/P1n5/2P1P1Pp/4NN1P/R1BQ1RK1 w - - 1 17,-419.0,-227.0,e5e6,quiet,25,0.130771,192.0,0
r3r1k1/1pp2ppp/2n3b1/p7/2Pqp1PN/1P1P3P/P3QPB1/R3R1K1 b - - 0 15,246.0,261.0,a5a4,quiet,26,0.013213,15.0,0
r4r2/1p2ppkp/2pn3p/3p1b2/3P3N/4P2P/1QP2PP1/6KR b - - 6 18,-288.0,-309.0,b7b5,quiet,22,0.015591,21.0,0
3B4/8/8/p5p1/r4pk1/8/2R2K1P/8 w - - 4 48,77.0,35.0,d8f6,quiet,9,0.058833,42.0,0
rn3rk1/pN2qp2/2p1p1p1/P6p/1p1P4/1PP2Q1P/5PBb/R4R1K w - - 0 18,174.0,40.0,a5a6,quiet,25,0.174066,134.0,0
8/2k2PBb/8/3p4/2P5/3P4/p6P/K7 b - - 0 44,-1462.0,-1835.0,h7d3,capture,10,0.000195,373.0,0
1n3b2/3p2k1/r1b1r2p/p6Q/1pPp4/8/PP1N1PPP/5RK1 w - - 9 27,123.0,116.0,d2b3,quiet,21,0.008970,7.0,0
r3k1nr/ppp2ppp/8/3p1b2/1n1PP3/5P1P/PPPK1N2/RN3B1R b - - 0 10,-170.0,-200.0,f5e6,quiet,26,0.032917,30.0,0
2r3k1/1p3qp1/7p/1b1p4/1P1P1Pp1/r7/3QN1PP/4RRK1 w - - 0 22,-321.0,-323.0,f1f2,quiet,20,0.001348,2.0,0
5k2/4rp1p/3Q4/pR6/2b5/8/PPq2PP1/5RK1 w - - 1 27,1240.0,2987.0,b5b8,quiet,15,0.000794,1747.0,0
8/1p6/2pk4/P7/6b1/2P1B2p/2B4K/8 w - - 5 46,787.0,770.0,e3b6,quiet,10,0.001083,17.0,0
r2qr1k1/ppp2pb1/2n2n1p/3p1bp1/P7/N1P1BNP1/1P2PPBP/R2Q1RK1 w - - 2 10,-65.0,-132.0,f3d4,quiet,30,0.088856,67.0,0
rr3n2/2b2qpk/p1p1bn2/1pPp1p1p/1P1Pp3/PN2P1PP/K1Q1BP2/1NB3RR w - - 0 19,-108.0,-96.0,g3g4,quiet,32,0.015861,12.0,0
8/6b1/1p2b1k1/1p6/1P3R1P/3KN3/8/8 b - - 10 51,-618.0,-693.0,g6h5,quiet,10,0.009542,75.0,0
1q4k1/1b3ppp/4pn2/1B6/1BPr3P/1Q6/5PPb/R4R1K w - - 0 21,85.0,153.0,b3h3,quiet,20,0.087034,68.0,0
1n6/7p/Pk4p1/3K4/8/6P1/3B3P/8 w - - 5 44,683.0,484.0,d5e6,quiet,9,0.038845,199.0,0
6k1/pb1q1rb1/6pp/1P6/PBRp1p2/3P3P/4BQP1/6K1 w - - 2 30,115.0,316.0,e2g4,quiet,20,0.200743,201.0,0
8/8/1B5p/P6k/2P5/2r4b/4R3/K7 b - - 0 51,-198.0,-96.0,c3c4,capture,9,0.122896,102.0,0
4Q3/1pk5/p2p4/3p4/3Pn1P1/8/5r2/6K1 w - - 6 55,330.0,328.0,g4g5,quiet,11,0.001309,2.0,0
3q4/1k6/1p1RQ1p1/p1p2p2/2P1pP1P/1P6/P2R2K1/8 b - - 0 39,-2039.0,-1902.0,d8h4,capture,17,0.000010,137.0,0
r2q1rk1/P2bppb1/2p5/2B5/3PpNp1/1Q2P1P1/7P/R4RK1 b - - 0 21,-824.0,-844.0,d7f5,quiet,22,0.000932,20.0,0
r1bqk2r/1p4pp/n6n/p1p5/1NPpp3/1PN1P3/PB3PPP/R1Q1KB1R b KQk - 0 10,-377.0,13.0,a6b4,capture,29,0.416240,390.0,0
r2qk2r/1b3pp1/ppnbpn1p/3p4/8/1P1B1P2/PBPQNNPP/1K1R3R b kq - 5 12,174.0,192.0,d8c7,quiet,29,0.019863,18.0,0
r1b2rk1/ppq1bppp/8/8/1PN1PPnP/5N2/P2BQ3/2R1KB1R b K - 2 12,-621.0,-706.0,c8e6,quiet,25,0.010369,85.0,0
3r4/pp3pkp/3q4/3Nr1p1/3p4/P5PQ/1PP3BP/3K3R w - - 0 21,32.0,225.0,d5b4,quiet,20,0.239105,193.0,0
4b3/4k1K1/4P3/8/p5p1/8/8/8 w - - 2 74,-1664.0,-4719.0,g7h6,quiet,6,0.000069,3055.0,0
2bqkbnr/p1pp1p2/2n1p1p1/8/1rPPP3/2N2N2/PPQ2PBP/R1BK3R b - - 6 11,-174.0,92.0,b4c4,capture,29,0.360766,266.0,0
r5qr/1bp1n1k1/ppnbpp2/P5p1/3PB1P1/1PPN3p/3NQP1P/R1B1R1K1 b - - 0 14,-94.0,-143.0,a8d8,quiet,30,0.062840,49.0,0
5k2/1p2pp2/7p/4P2P/3q4/1K2Nn2/1P3Q2/8 b - - 5 37,604.0,942.0,f3e5,capture,13,0.025580,338.0,0
r1bq1r1k/pp2b1pp/2p1n3/3ppp2/PP1P1P2/2P1N3/4N2P/1RBQ2RK w - - 0 15,-543.0,-308.0,d4e5,capture,28,0.103114,235.0,0
3r3r/p5k1/2q3p1/1p1Nnp1p/2BQ1P2/1P6/P2B4/R2K3R b - - 0 24,-1126.0,-1188.0,b5c4,capture,20,0.000458,62.0,0
2r1k3/p4q2/1p2pb2/2pn1p2/8/1P1P1N2/P2B2PQ/4RK2 b - - 8 24,260.0,423.0,e8d7,quiet,19,0.102378,163.0,0
2kr2r1/ppp5/2n2b1B/3pnN2/8/1PP2PN1/PK5P/R6R w - - 0 26,-3.0,-33.0,a1f1,quiet,21,0.043031,30.0,0
8/3R1p2/4k3/2p2p2/5P2/r7/P1PPN3/4bK2 w - - 12 44,286.0,192.0,d7d8,quiet,13,0.087156,94.0,0
4k3/1B6/4p3/8/1b2p3/4Pb2/3N4/4K3 w - - 17 38,-170.0,-217.0,b7c6,quiet,9,0.050323,47.0,0
1b3k2/1P6/6K1/8/8/8/8/8 w - - 9 70,-142.0,-62.0,g6f6,quiet,4,0.105398,80.0,0
8/4R3/1pr5/p4p2/P2k4/1P4P1/3K4/8 b - - 3 61,46.0,83.0,c6h6,quiet,10,0.051410,37.0,0
5kr1/pp2p2p/1q1p1p2/1B2nb2/P4P2/BP6/2PQ2P1/2K1R3 b - - 0 21,-5.0,12.0,e5c6,quiet,21,0.024458,17.0,0
r3k1r1/2p5/2pbpq2/p2pNpp1/3P2n1/PPB1P1P1/5PK1/R2Q3R w - - 2 18,16.0,49.0,e5g4,capture,25,0.047043,33.0,0
3r2k1/6pp/B7/1p3p2/2b2P1P/3pr1P1/P6R/1K1R4 w - - 3 28,-838.0,-559.0,h2b2,quiet,17,0.030528,279.0,0
r2k3r/pbp1b1p1/1p2p1p1/2ppP3/1P6/4BN2/P1P2K2/R2Q4 w - - 0 21,681.0,815.0,b4c5,capture,22,0.010363,134.0,0
r4rk1/7R/p2p3p/P2Pp3/4Bb2/3QNP1b/1PPK4/q7 w - - 2 40,-476.0,-979.0,d3e2,quiet,20,0.057094,503.0,0
4k2r/p2bP3/8/2N5/6pp/5r2/PP1R4/2K1R3 w - - 0 39,-667.0,2140.0,d2d7,capture,14,0.978945,2807.0,0
r2qk2r/1bpn3p/p4n2/1pb1p1p1/4P1P1/N2R1QN1/PPPP1PB1/R1B1K3 b Qkq - 5 9,56.0,18.0,h7h6,quiet,29,0.054019,38.0,0
r1bq1rk1/1pp1b1pp/3pp3/p4p2/2PPnP2/PPB1PNP1/2Q3BP/R3R1K1 w - - 7 12,137.0,127.0,c3b2,quiet,30,0.012498,10.0,0
1k3r2/2p4Q/p2b4/1b1pPr1p/7P/1PP1B3/3K2P1/R7 b - - 0 32,-520.0,-98.0,f5e5,capture,18,0.314865,422.0,0
r2k2r1/2p1bq2/2p1b1pp/3nB2N/4N3/1P1P1P2/2P1Q3/2K2R1R w - - 0 21,-117.0,-238.0,h5g3,quiet,22,0.135099,121.0,0
r1b1k2r/ppbnq3/2p3p1/5p2/P2P4/NPPNpRP1/R3P1B1/3Q2K1 b kq - 0 16,446.0,410.0,d7f6,quiet,26,0.014995,36.0,0
r3k1nr/1pp3pp/p1n5/4Pp2/2Pq1P2/1P1pN1P1/P2P3P/R2QKB1R b KQkq - 0 11,-142.0,-91.0,e8c8,quiet,27,0.065643,51.0,0
8/3k4/2b2B2/8/1p2P3/b3R3/8/1K6 b - - 2 50,-252.0,-279.0,d7e6,quiet,8,0.022768,27.0,0
8/8/8/7n/8/1K2k3/8/1N6 w - - 1 72,34.0,2.0,b1c3,quiet,4,0.045896,32.0,0
3q2k1/1bp3p1/1P1p4/5Q1p/1nP2PnP/6P1/4N3/rNB2K1R b - - 0 19,1013.0,1157.0,b7h1,capture,21,0.001646,144.0,0
3k2r1/2p5/1p3qP1/p2N4/6Q1/8/PbP5/1K2R3 b - - 0 34,-646.0,-783.0,f6g6,capture,14,0.012783,137.0,0
8/8/4p3/4P2p/2k3p1/4BbP1/3R1K2/1r6 b - - 20 57,292.0,276.0,f3d5,quiet,11,0.012577,16.0,0
1r1qk1n1/2p1pp1r/p5p1/2NP2B1/3Q2bN/1p4p1/P5B1/4R1K1 w - - 0 20,379.0,551.0,d4g4,capture,22,0.061166,172.0,0
8/8/pp6/2k5/P1n5/1R6/3p4/3K4 w - - 10 51,-100.0,-100.0,d1c2,quiet,8,0.000000,0.0,0
5rk1/2p2ppp/R4B2/3q4/1b6/3BP2P/2P2PP1/Q5K1 b - - 0 18,-964.0,-1029.0,g7f6,capture,18,0.001206,65.0,0
r4k2/1bp5/p1n2nrp/8/B3pP2/2P4N/PP3B2/2KRR3 w - - 0 22,409.0,419.0,f2e3,quiet,20,0.004452,10.0,0
r2q1rk1/pbpp2pp/np1bp3/5p2/Q1PP4/2B1PN1P/P3BPP1/R4RK1 b - - 2 10,157.0,147.0,c7c5,quiet,29,0.011953,10.0,0
8/5pk1/r2pn3/2p1rp1R/2P4P/4P1P1/4BP2/3R1K2 w - - 2 37,375.0,492.0,e2d3,quiet,17,0.047914,117.0,0
r1b1kb1r/pp4p1/2n1pn1p/3p1p2/3P1B1P/1qP1P2N/2N2PP1/R2QKB1R w KQkq - 0 9,-51.0,-199.0,f1d3,quiet,29,0.185822,148.0,0
q3nrk1/3b3p/3pp1pb/5P2/pN1P4/Pp3P2/1P2B1PP/R2Q1RK1 b - - 0 19,-67.0,-263.0,f8f5,capture,25,0.224403,196.0,0
r1b1k1nr/ppq3pp/1bp1np2/8/2BPP3/2N5/1P3NPP/R1BQ1RK1 w kq - 2 10,332.0,427.0,c1e3,quiet,27,0.049997,95.0,0
8/6kp/p7/8/P3KPP1/6rP/8/R7 b - - 2 34,-1032.0,-665.0,g3h3,capture,10,0.018666,367.0,0
r3k3/pp3npb/n1pq4/4p3/2P1p1p1/2Q1N3/PP1NBP2/R3K3 w Qq - 2 16,-294.0,-347.0,a1d1,quiet,23,0.035994,53.0,0
8/1k6/8/4p3/8/6K1/8/8 w - - 0 51,-30.0,-135.0,g3f3,quiet,3,0.141993,105.0,0
r4b1r/p1n1kNpp/2B1p1q1/1pp5/8/3PQ1P1/PPP4P/R4RK1 b - - 0 16,-1262.0,-2379.0,g6h5,quiet,24,0.000698,1117.0,0
4q3/1Q6/6pk/P1p5/3pB2P/4n1P1/2P1K3/8 b - - 0 35,-425.0,-334.0,e3f5,quiet,13,0.047870,91.0,0
1n3rk1/r3p1bp/2pq1np1/p2p1bN1/3P1P2/4P3/P1PNB2P/1RBQ1RK1 b - - 4 12,83.0,40.0,b8d7,quiet,28,0.059913,43.0,0
6br/6p1/2p4k/p3RnNp/P1p1BP1P/6r1/1P1R1K2/8 w - - 2 32,437.0,2868.0,e4f5,capture,19,0.074773,2431.0,0
1k1r1b1r/ppqn1p2/2pnp2p/5bp1/3P4/NQN1P2P/PP1BBPP1/R4RK1 b - - 10 14,71.0,32.0,e6e5,quiet,30,0.054856,39.0,0
2k4r/ppp2pb1/4b3/4p3/8/2P1P1B1/PP3PB1/R3K1N1 b - - 0 18,-891.0,-898.0,f7f6,quiet,19,0.000231,7.0,0
4r3/1k6/1P6/1P2pp1p/8/3pB3/6PP/4K3 w - - 0 34,-981.0,-1165.0,g2g3,quiet,12,0.002294,184.0,0
3r2k1/1p2qpp1/p1n4p/P1bb1P2/4p1PP/2B1P2K/1P2B3/2RQ1R2 w - - 4 24,234.0,-39.0,d1a4,quiet,24,0.349532,273.0,0
8/2p2kpp/P2b2p1/1P6/8/7P/R4KP1/7r b - - 0 31,452.0,342.0,d6c5,quiet,13,0.053513,110.0,0
8/5pk1/6p1/7p/2R5/8/5PK1/r7 w - - 4 50,-698.0,-805.0,f2f3,quiet,8,0.008048,107.0,0
3Q1rk1/2r4R/p1P1bq2/7Q/4B3/P3bp2/7P/5R1K b - - 0 37,-1858.0,-846.0,f8d8,capture,17,0.007593,1012.0,0
4k3/p4p2/5B2/1rp1Pq2/5b2/2PN4/PPK1Q3/8 w - - 0 25,-69.0,370.0,e2g2,quiet,15,0.491788,439.0,0
4rbk1/5bp1/5p2/7p/3B4/1q2NQ1P/5PP1/3R2K1 w - - 3 43,-123.0,-132.0,d1c1,quiet,16,0.011353,9.0,0
r6r/4nk2/1pPqbp2/1P2p3/1b2P2p/4B2P/2QN1P2/3RKBR1 b - - 2 29,-121.0,122.0,a8a2,quiet,23,0.336113,243.0,0
3r3r/1R6/2nk1p2/2b1pP1p/2p5/3n3P/3P1PB1/B4KNR b - - 0 26,527.0,523.0,d3f2,capture,20,0.001020,4.0,0
6k1/5rp1/2P5/8/8/1P2r3/7P/3RR2K b - - 0 33,-432.0,-303.0,e3b3,capture,10,0.071990,129.0,0
8/4kp2/6p1/3b1p1p/1K1b1B2/8/2p3PP/r1N2B1R b - - 3 35,908.0,1191.0,a1b1,quiet,16,0.004290,283.0,0
3nk3/2p2p2/4b1p1/p2p2q1/Pb1Q4/2N1PR2/1PP2P1r/R3KB2 w Q - 0 15,178.0,201.0,f3g3,quiet,22,0.024919,23.0,0
5b1r/p1pk3p/1p4p1/5p2/2N2P2/4BK1P/PPP3P1/R7 w - - 2 19,1487.0,1488.0,e3d4,quiet,19,0.000001,1.0,0
1b4r1/p4k2/1p3p2/P2p3r/1P2n2p/3N1K1P/2P3P1/1R1RB3 w - - 1 28,-368.0,-398.0,a5b6,capture,20,0.015458,30.0,0
r1bq1rk1/3n1pp1/p1pb4/4p1Np/p2PP3/3B4/2P1QPPP/1RB2RK1 b - - 1 11,-212.0,-250.0,g7g6,quiet,27,0.036189,38.0,0
2bN2nr/7p/p4k2/1p6/5bp1/6P1/PP3K1P/3R3R b - - 0 26,448.0,681.0,f4c7,quiet,17,0.051057,233.0,0
8/8/p5k1/P3p1P1/2RbN3/3r4/7r/2K2R2 b - - 9 45,216.0,771.0,d4e3,quiet,12,0.212167,555.0,0
6k1/p4p1q/1p3Q2/3pN1p1/3P4/3rP1P1/P4P2/5RK1 b - - 0 24,-1350.0,-1667.0,d3c3,quiet,17,0.000354,317.0,0
r2qk2r/p1p1bpp1/1pnp3p/7n/2PP2bP/P1NB1N2/1PQB1KP1/R6R w q - 8 12,50.0,-48.0,c2a4,quiet,29,0.140105,98.0,0
3r4/p5k1/1p3qp1/2pp3p/P6N/1PP3P1/3P3P/1K2Q3 b - - 0 28,907.0,946.0,d5d4,quiet,18,0.001076,39.0,0
2r4r/p4k1p/4ppp1/1R2b3/1B2n3/8/P1P1B1PP/1K5R w - - 1 26,-396.0,138.0,b5b7,quiet,19,0.595944,534.0,0
4Q3/6pk/8/2q2p2/1p2p2p/1P2N2P/P5PK/8 b - - 0 41,-607.0,0.0,c5e3,capture,14,0.470522,607.0,0
7r/8/ppkp4/2p1r1R1/P2p4/1P3P2/2KPP1RP/8 b - - 0 31,-114.0,43.0,e5g5,capture,17,0.219982,157.0,0
r2qkbr1/1pp2p2/p1n1b3/3pp3/8/2NPBN1B/PPP1PP1P/R2QK2R b KQq - 0 9,-623.0,257.0,e6h3,capture,28,0.787529,880.0,0
r2r1bk1/2q2ppp/8/2p1pB1P/1nN1P3/pR1PP1P1/P3QR2/7K b - - 48 47,-96.0,-179.0,a8a7,quiet,24,0.102251,83.0,0
r4k1r/p3npp1/8/2p5/1p6/P4PP1/1PPNR1K1/R7 w - - 2 19,218.0,214.0,d2c4,quiet,18,0.004000,4.0,0
8/3n4/4bk1p/1p3p1P/B2K1P2/8/8/1R6 w - - 0 54,545.0,824.0,b1b5,capture,11,0.032961,279.0,0
3qr1k1/1b3pp1/4n2p/1p1n4/3P4/1P4PN/1B3PBP/3QR1K1 w - - 0 21,147.0,59.0,e1e5,quiet,21,0.115668,88.0,0
r4rk1/pp4p1/2p1pn2/7p/1P1n1P1P/P1N2P2/1B3K2/3R3R b - - 1 15,343.0,336.0,a8d8,quiet,21,0.004380,7.0,0
1r2k2r/1bq2pb1/3Rp3/p2pP1p1/P2P2N1/1P2R1P1/5P2/3Q1BK1 b k - 4 24,-625.0,-674.0,b8d8,quiet,23,0.006418,49.0,0
2k5/8/2n5/p7/5P2/2NK4/1pr5/R7 w - - 0 51,-61.0,-158.0,a1b1,quiet,9,0.126007,97.0,0
r2q1r1k/2p1b1pp/p2pQn2/1p4N1/8/1PPBP3/PB4PP/R2K3R b - - 2 15,-804.0,-881.0,f6g4,quiet,25,0.003444,77.0,0
1Q1R4/4k3/p2b2q1/p2p4/P2P2P1/5P2/2b1r3/R5K1 w - - 4 32,-87.0,-2.0,b8c8,quiet,16,0.119772,85.0,0
r1bq2nr/pp3kpp/5p2/2bpp3/2P3PP/P2BP3/1P1B1P2/R2QK1NR b KQ - 0 10,-136.0,-15.0,c8e6,quiet,28,0.164727,121.0,0
8/8/8/5ppk/1r6/8/2RBPK2/8 b - - 1 40,-482.0,-474.0,b4b1,quiet,8,0.002597,8.0,0
1r1q2k1/5p2/2p1rppp/2Q5/3P4/1P3N2/P1K2PPP/R2R4 b - - 1 17,-853.0,-996.0,g6g5,quiet,20,0.004091,143.0,0
5rk1/2pq2p1/bp3p1p/p2p1n2/P2P1BN1/2P2Q1P/1P3PP1/4R1K1 w - - 6 22,49.0,107.0,g4e3,quiet,24,0.079242,58.0,0
1r3rk1/3Q2p1/4p2p/2pp3q/Pp6/4RN2/3N1PPP/6K1 w - - 0 21,-113.0,-240.0,d7e6,capture,19,0.142121,127.0,0
8/8/8/6n1/2pk1b2/8/4R1K1/1B6 b - - 11 69,-183.0,-165.0,f4d6,quiet,7,0.020355,18.0,0
5bk1/p7/1p5p/8/4r1p1/P1B3PP/1P1R2K1/8 b - - 0 30,-54.0,-79.0,g4h3,capture,14,0.034678,25.0,0
8/2p5/5k2/3R2pp/7n/2rB4/5K2/8 b - - 1 43,1346.0,1485.0,c7c6,quiet,9,0.000238,139.0,0
8/1p2r2p/6k1/5pP1/1p3B2/1P1PP3/PK6/8 w - - 3 29,-653.0,-499.0,d3d4,quiet,13,0.030754,154.0,0
4r3/1p3k2/P2p2p1/P2P1b2/2Pb3p/8/3B1PR1/5BK1 b - - 0 36,8.0,268.0,b7a6,capture,17,0.312351,260.0,0
2r2rk1/pp2ppb1/2nqb2p/6p1/3Pp1P1/PP2PN1P/1B3P2/2RQKB1R w - - 0 13,-232.0,-74.0,f3d2,quiet,28,0.186836,158.0,0
4Q3/2k5/4K3/1P2p3/5q2/3p4/8/8 b - - 2 48,532.0,493.0,f4g4,quiet,7,0.010625,39.0,0
2k5/5pp1/p1p1p2r/4b3/2K1P2P/5B2/PRPr4/7R w - - 2 32,-531.0,-806.0,b2b6,quiet,17,0.035362,275.0,0
8/4kp2/2R4P/1r6/3b1PK1/8/8/8 b - - 0 54,461.0,357.0,b5b8,quiet,8,0.047783,104.0,0
r2q4/3PR3/p4pk1/1RQ2b1r/P1P2P1p/5p2/1P5P/6K1 w - - 0 29,87.0,-168.0,b5b7,quiet,19,0.347188,255.0,0
r1b1r3/2k3p1/pp6/P1pp1n1p/3n3P/2R5/1PPN1PP1/3K1BNR w - - 1 18,-138.0,-154.0,g1f3,quiet,24,0.019393,16.0,0
r6k/p4ppp/3N4/3R4/P7/2q2n2/5QKP/8 b - - 1 28,588.0,493.0,f3e1,quiet,14,0.022534,95.0,0
8/8/1k6/5p2/8/2p1N3/5K2/8 w - - 0 54,48.0,-15.0,e3d5,quiet,5,0.090215,63.0,0
r2q1rk1/pbp2pb1/np1pB1p1/4p1Pp/2P1P2P/2NPBN2/PP3P2/R2QK2R b KQ - 0 10,-364.0,154.0,f7e6,capture,31,0.598617,518.0,0
3r4/5qpk/1p5p/2p2p2/P4P2/2Q3PP/3n1BB1/R5K1 b - - 2 27,-776.0,-743.0,c5c4,quiet,18,0.002342,33.0,0
r2qk2r/1pp1p1bp/1n1nbpp1/pP1p4/P2P3P/2N3P1/2PNPPB1/R1BQ1RK1 b kq - 4 9,-59.0,-67.0,f6f5,quiet,32,0.011142,8.0,0
1b2rrk1/3qn1pp/P1p1p3/1p1n4/3P2P1/8/1PP2PB1/R1BQR1K1 w - - 1 18,-674.0,-822.0,g4g5,quiet,24,0.011502,148.0,0
r3k2r/p1qnppb1/b2p1np1/2pP2B1/2N1P1p1/P1NB4/1PP2P1P/R2QK2R w KQkq - 4 9,-149.0,-240.0,d1e2,quiet,30,0.097057,91.0,0
8/8/8/4BK2/5p1p/1k2r3/8/R7 b - - 1 71,-85.0,-65.0,f4f3,quiet,7,0.027475,20.0,0
1r4k1/6p1/5n2/Rb6/3P4/Br4P1/1P3P2/2R3K1 w - - 1 44,-370.0,-375.0,c1c3,quiet,14,0.002702,5.0,0
6k1/2p2rpp/1p6/p2Q4/8/1PN4q/PBPP3P/R2K4 w - - 4 21,1693.0,2049.0,d1c1,quiet,18,0.000051,356.0,0
2R3bk/4q1bp/5p2/2p2P1P/3pNB2/3P1Q1K/r7/8 b - - 0 40,-328.0,-92.0,e7d7,quiet,17,0.239152,236.0,0
r1b1k2r/ppp1qpb1/8/3Pn2P/3QN1np/P1Pp4/1P3P2/R1B1KBNR b KQkq - 3 10,598.0,1610.0,e5f3,quiet,28,0.030903,1012.0,0
4kb1r/rb4pp/p1n2p2/1p1q4/3ppP1N/1P4N1/PB1P2PP/2RQR1K1 w k - 2 16,-14.0,293.0,g3e4,capture,27,0.363919,307.0,0
8/p1p4q/2p4k/2P1Pr1p/P3Qbb1/8/1B6/1K3R2 b - - 4 31,850.0,1780.0,f4g5,quiet,16,0.007408,930.0,0
8/5pK1/5p2/4nk2/2r5/7P/8/6R1 b - - 7 57,1603.0,1491.0,f5e6,quiet,8,0.000089,112.0,0
1r1qkb1r/p1pp1ppp/n7/4Pp2/3P1N2/Pp1P1Q2/1P5P/R1B1K1R1 b Qk - 0 14,130.0,189.0,g7g6,quiet,26,0.069183,59.0,0
r3k1nr/3b1pp1/pqn1p2p/3pP3/N7/p5P1/1PPN1P1P/R2QKB1R b kq - 0 12,243.0,344.0,b6a5,quiet,27,0.076708,101.0,0
2k1r3/8/pp3pp1/2b2n1p/2P4P/P2p2PB/2bK1P2/R1B3N1 w - - 0 25,-919.0,-765.0,c1b2,quiet,21,0.007069,154.0,0
8/2r4k/8/8/4R2p/4K3/8/8 b - - 1 56,-13.0,7.0,c7f7,quiet,5,0.028772,20.0,0
6k1/P4rp1/2pq4/4p3/2P4b/8/3PP2P/3K2R1 w - - 0 32,-1338.0,-913.0,a7a8q,promotion,14,0.004739,425.0,0
r5k1/1p1b1pp1/p2b3r/2pp2q1/P7/1Q1PPB1P/1B3PP1/R4RK1 b - - 4 19,317.0,675.0,d7h3,capture,24,0.118737,358.0,0
1r3rk1/p1q3p1/p6p/2p1b3/3pP3/1P5P/P1P1NPP1/R2QK2R b - - 0 20,116.0,581.0,d4d3,quiet,23,0.304925,465.0,0
br2r1k1/4qpp1/p1nb1n1p/2B5/1P4P1/5N1P/2Q1NPB1/2RR2K1 b - - 2 19,79.0,836.0,d6c5,capture,24,0.380167,757.0,0
8/8/8/5p2/R7/4p2P/4krP1/6K1 b - - 2 46,520.0,1004.0,f2f1,quiet,8,0.044646,484.0,0
rk6/1pp1p2R/p2q4/3P2r1/2P3p1/1B6/PR3P2/3K4 w - - 1 25,-1940.0,-2066.0,b2e2,quiet,17,0.000007,126.0,0
r2qk1r1/p2n3p/2p1p1bQ/Pp1p1p1n/1b4P1/2NPPN1P/1BP2P2/R3KB1R b KQq - 0 13,94.0,461.0,d8f6,quiet,30,0.302170,367.0,0
r1br2k1/7p/p1p4p/5p2/8/P3PPPP/P5B1/R4K1R w - - 0 15,289.0,219.0,f1e2,quiet,19,0.061582,70.0,0
r1q1kb1r/1b1p1ppp/4p3/p7/3B1n1P/5N2/PPP3P1/R2QKB1R b kq - 1 11,639.0,569.0,f8e7,quiet,25,0.011783,70.0,0
8/pp2bk2/4bp2/1q2n3/3BB1r1/4Q3/2R2K2/R7 w - - 4 34,-308.0,-139.0,a1a7,capture,15,0.164823,169.0,0
1bk5/8/P7/P7/4Kp2/2P5/3B2r1/1R6 w - - 7 47,646.0,1212.0,d2f4,capture,10,0.022759,566.0,0
r4rk1/1QB2n2/2p5/3p1bpp/3P1P1q/P1PN4/P2K1n2/R4BR1 b - - 0 20,913.0,797.0,a8a3,capture,23,0.004881,116.0,0
r4k2/2p3p1/npP1p2p/8/2PBp3/pP5P/6P1/3R2K1 w - - 0 29,-356.0,-436.0,d4c3,quiet,18,0.038950,80.0,0
1r4k1/p3pp2/3b2p1/2p2b1p/P1R1p2P/2B1P3/1P2BPP1/4K3 w - - 1 22,-194.0,-212.0,a4a5,quiet,21,0.018743,18.0,0
2k3r1/1pp1n3/p4p1r/P3p3/2P1P3/P1B1P3/5KBp/7R b - - 0 27,1500.0,1560.0,c8b8,quiet,19,0.000052,60.0,0
1n1q1b1r/1r3k1p/1p2ppp1/pB1p1n2/P2P1B2/2P2P1P/1P5P/RN1Q1KR1 w - - 2 12,-69.0,1.0,d1e2,quiet,28,0.099453,70.0,0
r3k2r/p2qnp2/1p5b/2p5/2QpP1p1/3P4/PP2NPPP/R1BK3R b - - 2 15,78.0,49.0,e7g6,quiet,25,0.040350,29.0,0
5rk1/2p2pp1/2p1p3/2P3Pp/3Pn2P/4Bqb1/PQ3P2/R4K1R w - - 0 16,-224.0,-28.0,h1h3,quiet,22,0.243845,196.0,0
2r2b1k/1bqp1pR1/1p2nn1p/r4N1P/P1B2p2/2NPP3/1BP1Q3/R3K3 b Q - 0 19,43.0,657.0,f8g7,capture,26,0.416162,614.0,0
r1bq1rk1/pp4pp/2p2P2/2bp4/5N2/2P2P2/PP5P/R1BQKB1R w KQ - 0 10,250.0,230.0,f4d3,quiet,25,0.018473,20.0,0
r2qk2r/1bp2pb1/1pn1p2p/p2n2p1/3P4/P1NBPN1P/1PQB1PP1/R3K2R b KQkq - 1 9,-132.0,-142.0,e8g8,quiet,30,0.012366,10.0,0
6k1/3b4/p2p4/r5pp/4p3/4P2P/5PP1/2R2NK1 w - - 0 34,-116.0,25.0,f1g3,quiet,15,0.196915,141.0,0
r2qkb1r/3p1pp1/p1n5/p2N3p/4PBn1/8/1P3PB1/R2Q1RK1 b kq - 1 16,79.0,32.0,a8c8,quiet,23,0.065849,47.0,0
r3k3/5p2/b3p2p/p7/1p3P2/4N3/P4KPP/2RR4 w q - 4 27,1507.0,1649.0,c1c6,quiet,16,0.000095,142.0,0
r2r2k1/1N3p2/5np1/p3n3/8/4Bp1P/PPP5/R3K2R b - - 0 19,582.0,558.0,d8d5,quiet,18,0.004826,24.0,0
8/p7/P4kp1/3B1p1p/2Pp3P/3PqP2/2r1P3/4RK1R w - - 2 30,-778.0,-730.0,h1h2,quiet,18,0.003519,48.0,0
1kr5/1p2Bp2/p1r1p1q1/1p1pP2p/1P1P2pP/R1PQ2P1/3N1PK1/8 w - - 15 48,757.0,608.0,d3g6,capture,24,0.016668,149.0,0
8/1pk5/3b2N1/2p5/2q1nPN1/B3P3/3P4/4K3 w - - 2 37,-1961.0,-2018.0,g6e5,quiet,13,0.000004,57.0,0
r4rk1/2ppn1q1/pp2p1p1/8/5P2/3B2P1/P1PQ2K1/1R5R w - - 2 20,-123.0,-221.0,h1h4,quiet,20,0.111146,98.0,0
8/5Bpk/5bp1/r7/6R1/7P/2K5/8 b - - 3 48,-169.0,-26.0,a5a7,quiet,9,0.188338,143.0,0
8/8/8/8/1P6/6Kp/8/3k4 w - - 0 62,93.0,2308.0,b4b5,quiet,4,0.369268,2215.0,0
r2qk2r/pp3ppp/2nbbn2/8/P7/3N1N2/1BPP1PPP/R2QKB1R w KQkq - 4 9,87.0,106.0,f1e2,quiet,27,0.025333,19.0,0
r1bq1knr/5p2/ppn5/3pb3/1P4Pp/P1P2P2/4BN1P/RNBQ1RK1 w - - 2 14,214.0,329.0,f3f4,quiet,27,0.095049,115.0,0
8/1k5r/p7/p7/8/8/1B1KN3/8 b - - 1 47,97.0,89.0,a5a4,quiet,7,0.010726,8.0,0
1r2k2r/5p2/2p1p1p1/pb1pP1P1/4qP1p/2P2B2/P3P2P/2RQ1R1K b - - 4 21,193.0,391.0,e4f4,capture,24,0.152403,198.0,0
7k/8/3P1np1/5n2/1K5p/2R2Q2/8/4q3 w - - 0 51,-692.0,-918.0,b4a3,quiet,10,0.013236,226.0,0
r3k2r/ppp1n1p1/1q3p1p/nN1P4/8/1P1B1P2/P2Q1P1P/2KRR3 b q - 0 14,-624.0,-601.0,a7a6,quiet,24,0.003679,23.0,0
8/2bB1k2/7p/4p1pP/1pb1P1P1/1N6/1BP5/1K6 w - - 3 36,1017.0,1104.0,d7f5,quiet,15,0.001124,87.0,0
4k3/4npp1/p1p5/3p4/6B1/3r4/Pr5P/2R1RK2 b - - 3 22,1209.0,1452.0,b2h2,capture,15,0.000714,243.0,0
r3kbnr/pp1b3p/2q1ppp1/8/nPB1P3/5N2/P3QPPP/RNBR2K1 b kq - 0 11,-494.0,-372.0,f8b4,capture,28,0.050129,122.0,0
8/7r/7P/3k4/8/8/8/7K w - - 2 52,-721.0,-1308.0,h1g2,quiet,4,0.014977,587.0,0
8/8/8/4p1k1/4p1p1/4N1P1/5P1K/8 w - - 1 48,1063.0,1268.0,h2g2,quiet,8,0.001520,205.0,0
8/5k2/7p/3p2p1/2n4P/P7/6K1/2B5 b - - 0 41,232.0,172.0,g5h4,capture,9,0.062639,60.0,0
6k1/2p1B1p1/p1n1rn2/3p4/Q2p4/2P5/P4PP1/R4K2 b - - 1 23,-1375.0,-1259.0,c6e7,capture,17,0.000346,116.0,0
r2q1r2/pp3pkp/5np1/3p4/b2Q4/1P2PP2/P3B1PP/R4RK1 w - - 0 16,-553.0,19.0,b3a4,capture,23,0.487518,572.0,0
1r1nkb1r/pbppnpp1/4p1q1/8/1p1PP1P1/2PBNP1p/PP5P/R1BQ2RK w k - 4 13,-618.0,-497.0,e3c4,quiet,31,0.026398,121.0,0
8/5p2/4p1k1/r6p/5P2/p3RKP1/P7/8 b - - 11 51,223.0,212.0,a5a4,quiet,11,0.010949,11.0,0
r4k2/ppp4p/4q1pb/1P2N3/3PP2P/2P5/P1Q1K3/7R w - - 0 21,371.0,754.0,c2b3,quiet,19,0.092816,383.0,0
r2qk2r/1p1b2pp/p2b1n2/3pnp2/8/1P1BPP2/P1N3PP/1RBQK1NR w kq - 0 10,-202.0,-169.0,c1b2,quiet,28,0.036156,33.0,0
b2q1rk1/5ppp/1pp2n2/4n3/1b1p4/2N1P3/2PP1NPP/2BQKB1R w - - 0 10,-581.0,-773.0,e3d4,capture,25,0.022529,192.0,0
5q2/1k5P/1pp3K1/5p2/2P5/p3P3/6Q1/8 b - - 10 51,-30.0,0.0,f8e8,quiet,11,0.043066,30.0,0
8/3k1pp1/4p3/b6p/P2P1n2/Br6/2RP1PPP/3R2K1 w - - 5 30,961.0,917.0,a3f8,quiet,18,0.001131,44.0,0
r4r1k/2ppq1pp/b1pb1pn1/8/N2QP3/P3B3/1PP1BPPP/R3K2R b - - 6 16,46.0,524.0,c6c5,quiet,27,0.387494,478.0,0
1r1qk2r/8/2pb2p1/1p2pbPp/4p2P/P1N5/1PPQ1P2/1RB1K2R w Kk - 0 15,-239.0,-148.0,d2e2,quiet,24,0.097337,91.0,0
3q1rk1/Q1p2pb1/1n1p1npp/1P2p3/2B1P3/B1N2P2/2PP1P1P/4K2R w K - 3 12,158.0,130.0,c4b3,quiet,25,0.034085,28.0,0
r4k2/1bq5/4p2r/pBP5/3QnN2/6Pp/7P/RR4K1 b - - 0 23,-374.0,49.0,e6e5,quiet,18,0.465994,423.0,0
r2nqrk1/1bppb1pp/4pn2/1p3p2/3P3P/2PBPN2/3NQPP1/R1B1K2R w K - 0 12,-378.0,-233.0,a1a8,capture,29,0.105372,145.0,0
r3kb1r/7p/n1p1PppP/pp1q1b2/2p1N1n1/5N2/PPQBPPP1/3RKB1R w q - 2 12,24.0,-709.0,f3g5,quiet,30,0.517879,733.0,0
8/1kp5/2p5/2PpK3/8/2P5/3rp3/6R1 w - - 0 58,-1082.0,-1539.0,g1e1,quiet,10,0.001826,457.0,0
6k1/2q2rp1/2b4p/4p3/2p1PpQP/2B5/6P1/R6K w - - 0 41,-476.0,-463.0,g4e6,quiet,16,0.004406,13.0,0
2rq1rk1/pp2ppbp/3p1np1/n7/P2PP1b1/2N1BN2/1Q2BPPP/R4RK1 w - - 5 12,-193.0,-153.0,a1c1,quiet,29,0.045340,40.0,0
5k2/1pR5/p5pp/n7/8/1PN5/1KPN2Br/4r3 w - - 3 34,189.0,781.0,d2f3,quiet,15,0.240968,592.0,0
5b1r/4n2p/1k3B1P/n6R/b1p5/P3P3/4BPP1/4K3 b - - 2 24,638.0,753.0,h8g8,quiet,17,0.011843,115.0,0
4r1k1/2qn2p1/1ppb1p2/p2p1b1p/P6P/1P1N1PP1/1BPQ1PB1/2R3K1 b - - 1 17,143.0,111.0,d7c5,quiet,26,0.040390,32.0,0
1k1q4/pp2bRpn/2n5/4p1rb/1P1p3P/P2P2Q1/2PB2B1/R5K1 w - - 0 23,-181.0,260.0,d2g5,capture,23,0.556299,441.0,0
6k1/p4p2/6p1/6Pp/r4p1P/5N1q/3Q1K2/6R1 b - - 9 53,89.0,76.0,a4a3,quiet,14,0.017690,13.0,0
5Q2/6pk/p1P1b2p/4Np2/P2p1P2/B5P1/1KPn3P/7q w - - 0 27,-62.0,-2611.0,f8g7,capture,19,0.411710,2549.0,0
8/p1k1r1Rp/8/2ppr3/8/P2QN2P/2P1KP2/2qN4 w - - 2 45,616.0,818.0,d3h7,capture,17,0.019097,202.0,0
8/p2r4/1pk5/P1p5/2P5/1P6/2K5/6R1 b - - 1 37,-28.0,-13.0,d7h7,quiet,10,0.021508,15.0,0
r3k2r/2pn1p2/1p2p2p/p3n3/2PpNbPP/BP1P3R/P3BP2/R2K4 w kq - 0 18,-117.0,-249.0,d1c2,quiet,26,0.145136,132.0,0
6Q1/p2rk3/8/4p3/3b1q2/6p1/PP4PP/3R3K w - - 0 36,-545.0,-596.0,g8g7,quiet,14,0.010251,51.0,0
2k1r3/p2q4/2pb1p1p/2pp4/P7/2PQ1P2/1P4K1/R4N2 b - - 3 22,1009.0,1380.0,c5c4,quiet,18,0.002639,371.0,0
rnb1kb2/ppp3r1/4pn1p/3p4/3P1Np1/2P5/PP2P1BP/RNB1K2R w q - 1 9,-100.0,-79.0,f4d3,quiet,27,0.028294,21.0,0
2r5/1p5p/3qb1pk/p4p2/P3p3/1P1pPP1P/3P2P1/Q2B1RK1 b - - 2 20,153.0,173.0,e4f3,capture,22,0.023270,20.0,0
8/7p/8/5kPK/8/8/8/8 w - - 6 60,-50.0,-24.0,h5h4,quiet,4,0.036979,26.0,0
8/5p2/3np3/2kp4/1p5r/2NB4/2PP4/2K2R2 w - - 0 32,417.0,316.0,c3a4,quiet,13,0.056410,101.0,0
4r1k1/8/8/8/P3p3/2B3P1/1P5r/2KR4 b - - 0 41,0.0,127.0,e4e3,quiet,10,0.175040,127.0,0
r3k2r/pp2qpp1/2n1b3/2Q5/3Pp3/7P/PPPB4/2KR1B1R w kq - 3 17,268.0,203.0,c5c3,quiet,22,0.060977,65.0,0
5k2/p4p2/2B2n1p/2P5/1P1PpP2/P6P/2r3r1/R4K1R b - - 6 35,364.0,331.0,g2d2,quiet,18,0.019950,33.0,0
r2r2k1/5p1p/4p2n/ppQ5/3PP1Pq/7R/4NPP1/5RK1 b - - 4 21,-306.0,-1169.0,h4g4,capture,20,0.145411,863.0,0
5rk1/6pp/3q4/8/pp2Q2P/6P1/PP3P2/2R3K1 w - - 1 29,439.0,360.0,e4c2,quiet,15,0.037835,79.0,0
8/8/2k5/pp1p2p1/3P4/P2NK3/1Pr1B3/8 w - - 10 40,39.0,53.0,e2d1,quiet,12,0.019796,14.0,0
2k5/6Q1/p2q4/1p6/3pP3/3P4/1P6/1K6 w - - 11 38,144.0,132.0,g7f7,quiet,10,0.014807,12.0,0
rn2k1nr/1p1b1pp1/1q1bp3/p1p1P1Bp/2pP4/P4N2/1P3PPP/R2QKB1R w KQkq - 0 9,-354.0,26.0,e5d6,capture,30,0.422055,380.0,0
2kr2r1/1pq2p2/2pbp3/p7/3P2Pp/P1N1P3/1P2QPP1/R4RK1 b - - 2 18,10.0,70.0,f7f5,quiet,23,0.085010,60.0,0
4r1k1/2R4R/p4p2/8/8/6K1/3r4/8 w - - 26 52,17.0,36.0,c7g7,quiet,8,0.027178,19.0,0
1r1kq2Q/p1pnb3/8/7p/2B5/1P6/2P3PP/1K1R4 w - - 5 28,6.0,-129.0,h8d4,quiet,16,0.186194,135.0,0
8/1b3rpk/2q1p2p/4Pn2/ppP3Q1/3R3P/1B4P1/2R3K1 w - - 0 38,-309.0,-322.0,g1h2,quiet,19,0.009005,13.0,0
8/6k1/4nb2/Q7/3P4/P3q3/1P1R4/K2B2r1 b - - 0 50,514.0,613.0,e6d4,capture,12,0.020815,99.0,0
6k1/pp5p/2p1pbp1/2Pr1p2/1PQ5/PR6/4B1P1/q1B2K2 b - - 2 27,-271.0,-49.0,f6g5,quiet,20,0.256301,222.0,0
r4k2/pR1R4/1p4pp/2p5/4n3/P5P1/P1P4P/6K1 w - - 0 31,1702.0,1694.0,d7f7,quiet,16,0.000003,8.0,0
8/1p6/2p1b3/P1P3B1/8/5BKp/1k6/8 w - - 17 59,663.0,698.0,g5f6,quiet,10,0.003859,35.0,0
2r5/1p4b1/pR3nk1/3pB1p1/2b3p1/2P5/1PN4P/2KR4 b - - 5 26,-249.0,-323.0,c8e8,quiet,18,0.057796,74.0,0
r3r3/1pk3B1/2p5/p1bn1b1p/8/1P2P3/P2P1NPP/R3KB1R w KQ - 1 17,188.0,142.0,a1c1,quiet,22,0.053225,46.0,0
4Qb2/1q3pkp/p4pp1/B1p2b2/2P5/1P3r1P/5PP1/1R4K1 w - - 0 35,-1016.0,-1088.0,b1d1,quiet,20,0.000974,72.0,0
4r3/1kp1nr2/p5pp/5b2/5P2/qPQ1B1RP/P4K2/4R3 w - - 0 25,-1029.0,-773.0,c3c4,quiet,19,0.008878,256.0,0
r3k2r/1bqpb1p1/pp2pn2/2p1np1p/P2P3P/2N1PPPN/1PP1BK2/R1BQ3R b kq - 0 9,279.0,299.0,e5g6,quiet,32,0.015418,20.0,0
k7/8/7p/PPp1p2p/2P1P1nP/2BKP1P1/8/8 w - - 1 40,1474.0,1443.0,a5a6,quiet,15,0.000040,31.0,0
r2qkb1r/p4ppp/4pn2/1P6/1n1p2P1/5P2/1BPP1N1P/R2QK1NR w KQkq - 1 9,-179.0,-148.0,g1e2,quiet,26,0.036017,31.0,0
8/6k1/8/R3N3/7p/1P1K1Pr1/2P5/6b1 w - - 0 44,390.0,251.0,a5a4,quiet,10,0.095012,139.0,0
r2b2r1/2p4q/1kP4p/4p2B/p3PpP1/P2Q3P/1P6/K1R5 w - - 1 35,164.0,-288.0,g4g5,quiet,20,0.559870,452.0,0
8/1kr5/pp2K3/8/3R4/P2B4/8/8 b - - 0 40,-406.0,-329.0,b6b5,quiet,8,0.042708,77.0,0
r1bq2k1/2p1nr2/3p1npB/1p1Pp2p/1P2P2P/P1N2P2/6B1/R2QK2R b KQ - 0 16,-27.0,-141.0,c8d7,quiet,26,0.153685,114.0,0
2b1k3/p4pb1/3Bn1q1/3p4/1p1r4/1P2N3/P2N3P/3QR2K w - - 6 25,-304.0,-207.0,e3c2,quiet,19,0.084923,97.0,0
8/2p2R2/3k4/p4p1r/np2pP2/4P3/2P5/2KN4 b - - 2 35,1027.0,1183.0,d6c6,quiet,14,0.001598,156.0,0
n1bq1rk1/5pp1/3b1n1p/p2Np3/2Pp4/P5P1/1P1BNP1P/R2QK2R w - - 2 14,-204.0,-418.0,f2f4,quiet,26,0.153374,214.0,0
3R4/8/3b4/p1k2r1p/P1P4P/6P1/6K1/8 b - - 4 72,866.0,823.0,f5e5,quiet,11,0.001891,43.0,0
8/8/8/4k3/6K1/5r2/8/8 b - - 5 80,1404.0,1721.0,f3b3,quiet,3,0.000259,317.0,0
5k1r/p3np2/Np3n2/4p2p/7R/1P2PP2/P2P4/4KB2 w - - 1 15,61.0,105.0,a6c7,quiet,18,0.059774,44.0,0
8/2kb2p1/p6p/2K5/7P/6P1/P7/8 b - - 1 52,1459.0,1531.0,h6h5,quiet,9,0.000076,72.0,0
r1bq1rk1/pp3p1p/2n2npP/8/P1BNp3/1PN1PPb1/R2K2P1/2BQ3R w - - 1 12,-241.0,-135.0,d2c2,quiet,28,0.115102,106.0,0
r1b2k2/1pb5/2p1p3/p1P2p2/P2Pp2P/1P6/2N1PpK1/R4R2 w - - 0 22,254.0,340.0,g2f2,capture,21,0.064369,86.0,0
k7/7p/7P/7b/3BK3/8/8/8 w - - 17 66,-61.0,-47.0,d4f2,quiet,6,0.019666,14.0,0
8/2n5/2k4P/7r/2pB4/2Nb4/R7/6K1 b - - 15 74,14.0,-16.0,h5h6,capture,10,0.043146,30.0,0
r5b1/1ppk4/p1nb1Bp1/5pNr/4p2P/1P3PP1/P3P1B1/3RK2R b K - 0 17,-82.0,-229.0,a8e8,quiet,24,0.173023,147.0,0
8/pk2q1p1/1pn5/2p5/2PpQ1P1/P2r4/P7/R1B1nK2 w - - 0 24,-1562.0,-1305.0,e4e7,capture,18,0.000422,257.0,0
8/4rk2/8/B1pb4/P2p4/3P2P1/1K6/4R3 w - - 3 29,41.0,51.0,e1c1,quiet,11,0.014141,10.0,0
2r1b3/k3nqr1/1p2pNnR/pP1pPp1B/P1pP4/2P1B3/5Q2/3K3R w - - 7 35,437.0,420.0,h1g1,quiet,25,0.007058,17.0,0
r2qk1nr/p2bp3/Q4p2/7p/1Pp1P2R/2N1p3/P4PP1/R3KB2 w Qkq - 0 12,352.0,233.0,f1e2,quiet,23,0.090832,119.0,0
8/1k6/3b4/p2n4/3R4/8/P1K5/8 b - - 3 63,-58.0,-2.0,d5b4,quiet,7,0.079824,56.0,0
8/pk1b4/1p1p1Q2/3P4/1q4p1/8/P4Pp1/K5R1 b - - 1 32,441.0,717.0,b4c4,quiet,14,0.057327,276.0,0
r1b5/p3k1p1/1pnN3p/8/2r5/8/P4BP1/R5K1 w - - 2 31,-1961.0,-596.0,d6c4,capture,15,0.031333,1365.0,0
r4rk1/1q1n1ppp/b1pb1n2/p2pp3/N7/3PPNP1/PPQ2PBP/R1B1R1K1 b - - 11 11,184.0,255.0,e5e4,quiet,30,0.070202,71.0,0
r1b1kbr1/1p3p1p/p7/4q1p1/1n1NN3/4P3/PQ3PBP/3R1RK1 b q - 4 16,-432.0,-293.0,g8g6,quiet,23,0.079428,139.0,0
4r1k1/2q2p2/4pn2/p4pN1/Pp5P/1Pr3p1/4Q1P1/3R1RK1 b - - 3 29,1131.0,1200.0,c3b3,capture,20,0.000486,69.0,0
3q1k2/3n3p/2pN1nr1/3b4/2p4R/4Q2B/3PP3/4K3 w - - 7 22,-744.0,-762.0,d6c4,capture,16,0.001324,18.0,0
r2qkb1r/1pp1npp1/p1n1b2p/4p3/3pP3/P2P1N1P/1PPN1PP1/R1BQKB1R w KQ - 4 9,-54.0,-146.0,h3h4,quiet,32,0.121466,92.0,0
r5k1/1p4p1/p1np2r1/5q1p/2P4R/1PQR1N1P/PB3P2/5K2 b - - 6 25,-908.0,-896.0,c6e5,quiet,21,0.000380,12.0,0
6R1/r7/6p1/6k1/5p2/5P2/5K2/8 b - - 27 77,10.0,75.0,a7a2,quiet,7,0.091901,65.0,0
r1bq1rk1/1pp1bpp1/3p1n1p/pN2p3/2PnP3/P1NP4/1P3PPP/R1BQKB1R w KQ - 6 10,-120.0,7.0,b5d4,capture,32,0.176212,127.0,0
8/5p2/p4P2/5PK1/PP4b1/6k1/3B4/8 b - - 1 44,-616.0,-316.0,g4e2,quiet,10,0.111517,300.0,0
1Q6/p3N3/k2p4/6rp/8/P3p3/1P2P2K/5q2 w - - 2 41,-260.0,311.0,b8d6,capture,13,0.674038,571.0,0
1k6/pP3p2/P7/3PP3/4p3/6p1/6Kp/8 b - - 0 45,56.0,1208.0,e4e3,quiet,11,0.419146,1152.0,0
8/1r4kp/R4p2/5B2/4PP1K/1r4PP/8/8 b - - 20 47,-168.0,-153.0,b7e7,quiet,12,0.017563,15.0,0
1r3rk1/pbqp1pp1/4p3/2pn3p/2B1N1nP/PP3N2/2KB2P1/R3Q2R w - - 3 20,-45.0,-221.0,c4d3,quiet,26,0.216715,176.0,0
N1bk4/1p4pp/2p5/p1b5/2P3P1/1P2rN1P/n2K2B1/R7 b - - 1 27,733.0,647.0,a2c3,quiet,19,0.009065,86.0,0
r4bk1/Nb3pp1/1n2r2p/Q1p4P/P3B2q/RP4P1/1B1N1P2/5K2 b - - 0 21,974.0,1728.0,h4h3,quiet,23,0.003612,754.0,0
1R6/5p2/4p2p/k2pP2P/2bP4/5P2/7r/2K5 w - - 6 62,-1119.0,-1329.0,b8b7,quiet,13,0.001116,210.0,0
r1bqk1nr/6pp/2pbpp2/p7/P1P2PP1/5N2/1PP1QK1P/RNB4R b - - 0 9,19.0,-14.0,e6e5,quiet,27,0.047453,33.0,0
r6k/8/6KP/5B2/p7/R7/8/8 w - - 5 74,914.0,847.0,f5e4,quiet,7,0.002411,67.0,0
4r3/2k2p2/8/5r1p/P1K4p/2P2P2/1R4P1/R7 w - - 0 29,472.0,354.0,a1b1,quiet,13,0.053317,118.0,0
3rkr2/pbq1n1p1/1Pp1Bp1p/3pp3/4P2P/1QP1NPP1/3R2K1/R7 b - - 0 19,-374.0,-103.0,a7b6,capture,25,0.251907,271.0,0
8/1p6/p3r1k1/P2p1p1p/1P3B1P/1qbQ1pP1/8/5B1K b - - 7 54,768.0,1088.0,b3c4,quiet,18,0.009978,320.0,0
2b2rk1/n1p2p2/3q1n2/3p2p1/3Pp2p/4P2P/1PP1NPP1/2BQKB1R b K - 1 12,-96.0,-70.0,c8a6,quiet,25,0.035347,26.0,0
r2qkb2/1p1nnp2/1r2p1p1/pP1pP1Bp/3P3P/2PQ1P2/4N1P1/RN2K2R w KQq - 1 12,172.0,246.0,e1g1,quiet,28,0.075615,74.0,0
8/4k1p1/4n1P1/8/3B4/8/6K1/8 w - - 1 45,-45.0,-15.0,d4e5,quiet,6,0.042827,30.0,0
8/R7/6p1/p1p1k2p/3nn3/PP1K3P/8/8 w - - 14 44,-617.0,-506.0,d3c4,quiet,12,0.023650,111.0,0
1k6/1pr5/8/8/Q2P2p1/P7/KP6/7q w - - 8 70,-1005.0,-939.0,a4e8,quiet,10,0.001409,66.0,0
8/p7/P7/6p1/5p2/5Pk1/4K3/8 w - - 0 57,-833.0,-2768.0,e2f1,quiet,7,0.008202,1935.0,0
rnbq1rk1/2p3pp/3Npn2/3p1p2/8/p2P1NPP/2Q2PB1/R1B2RK1 b - - 0 10,-469.0,168.0,c7d6,capture,26,0.661552,637.0,0
r1b2rk1/pppn2bp/4pnp1/P7/5P2/6PP/1PP3B1/R1BNK1NR w KQ - 1 11,235.0,180.0,g1e2,quiet,26,0.056473,55.0,0
1n3k2/p3bp2/1p2p3/8/1r6/2B3Pp/r2PBP1P/3RR1K1 w - - 0 23,27.0,292.0,c3b4,capture,19,0.304244,265.0,0
b2r1nk1/6q1/3pp3/1Np1n2p/2P1P1p1/1N2Q3/4B1PP/5RK1 b - - 0 26,276.0,334.0,h5h4,quiet,21,0.041990,58.0,0
1r3rk1/6pp/8/p1q1p3/P2nQ3/1PN2P2/2P4P/R4RK1 w - - 1 20,-258.0,-188.0,e4d5,quiet,19,0.068439,70.0,0
8/2k1r3/3b4/8/P7/8/2K2R2/8 w - - 5 56,-70.0,-65.0,a4a5,quiet,6,0.006931,5.0,0
3N4/5p2/p2b1k2/4pp2/8/1P3P1P/P5K1/8 b - - 0 40,21.0,4.0,f6e7,quiet,12,0.024428,17.0,0
2q4k/p1N1nr2/b1p4p/3pP3/Pr5P/4PP2/1PQN4/R3K1R1 w - - 1 21,309.0,909.0,e5e6,quiet,22,0.139147,600.0,0
8/8/8/5kpp/5b2/8/2r5/4R2K b - - 4 57,2472.0,2705.0,h5h4,quiet,7,0.000000,233.0,0
8/1R5p/P3kp2/2Kn4/8/5pB1/4r2P/6R1 w - - 2 36,1959.0,2049.0,g1e1,quiet,12,0.000005,90.0,0
5r1k/r1qpn1pp/2b2p2/2R4N/4p3/7P/3Q1PP1/2R3K1 w - - 0 20,-1113.0,-1276.0,c1b1,quiet,19,0.001002,163.0,0
2k5/7p/r1qp1Q2/nN1Nn3/2P5/4P3/7P/R6K w - - 1 37,1087.0,1278.0,a1a5,capture,15,0.001275,191.0,0
r3k3/6p1/1B1R1p2/P3p1n1/1p5r/5P2/1PP5/1K2R3 w - - 1 26,314.0,489.0,e1d1,quiet,16,0.084413,175.0,0
r4bnr/1pp2kp1/n2p3p/p2N4/3P4/1P6/P1PBNP2/2KR3R w - - 4 13,37.0,48.0,d2a5,capture,23,0.015594,11.0,0
8/5k2/2b1p3/bp3p2/p1r4p/P2RPP1P/3PKP2/1B4R1 w - - 2 30,546.0,597.0,f3f4,quiet,19,0.010196,51.0,0
r6k/p4R1p/8/8/8/6P1/4r2P/1R5K w - - 2 27,49.0,242.0,b1b7,quiet,10,0.231028,193.0,0
Qnk2b1r/B3pp1p/5n2/p7/5P2/2P3P1/1qPK3P/1R5R b - - 1 15,-860.0,-1748.0,b2a2,quiet,20,0.006987,888.0,0
4R3/7k/8/5bp1/2q5/P1N5/1P6/K2R4 w - - 1 40,344.0,282.0,e8e7,quiet,10,0.043452,62.0,0
8/6kp/4p2p/7P/2pr4/5BP1/5PK1/8 w - - 0 54,-1204.0,-1806.0,g2f1,quiet,11,0.000946,602.0,0
r4rk1/2b2p1p/B7/1pPp4/3PpP2/P3B1nP/1R4P1/6KR w - - 0 27,-131.0,-961.0,a6b7,quiet,21,0.315987,830.0,0
2kr2r1/ppp1qp1p/2n5/3p4/2nP4/1Q4PP/PB2PPB1/1N1R2K1 w - - 1 18,-170.0,-59.0,b1c3,quiet,24,0.142729,111.0,0
r1bq1kn1/1ppn3r/3p4/3PpPp1/Pp2N2p/5P1P/2PB2P1/R2QKB1R b KQ - 1 11,-384.0,-293.0,h7g7,quiet,28,0.057405,91.0,0
r2q1rk1/1pp1ppbp/2n3p1/8/2pP4/P1NbPNPP/1P1n1PB1/R2QR1K1 w - - 0 12,-487.0,-72.0,f3d2,capture,29,0.340701,415.0,0
4rrk1/p5pp/7q/3P4/2PN4/5N2/PPQ3Pb/5R1K w - - 0 23,-279.0,250.0,d4f5,quiet,18,0.641180,529.0,0
3q3r/2p1k3/3pbnB1/2n5/1Q2PP1P/p7/PPP3PR/R3K3 b Q - 2 15,258.0,163.0,a3b2,capture,21,0.096595,95.0,0
r2kbR2/ppq5/3p4/n6r/2P1PNp1/2PB2Q1/P2K3P/1R6 b - - 5 23,-610.0,-693.0,h5h6,quiet,21,0.010811,83.0,0
rn2kb1r/p2ppp2/b3q3/2p1P1pp/3P4/PPN5/4NPPP/R1BQ1RK1 b kq - 2 10,-69.0,-235.0,h5h4,quiet,28,0.196568,166.0,0
2rq1rk1/1p2ppbp/1nn3p1/p1p5/P2pPB2/NQPP2PP/1P4B1/3R1RK1 b - - 3 16,259.0,224.0,g7e5,quiet,29,0.032163,35.0,0
r2kbb1r/1pq5/p2p1N2/2pPp2p/3n4/PP1Q3P/1BPP1P2/R3KB1R b KQ - 0 13,73.0,58.0,e8f7,quiet,27,0.020834,15.0,0
8/1p3r2/pR3pk1/8/3R4/1P4KP/1r1P4/8 w - - 3 27,54.0,20.0,h3h4,quiet,12,0.048342,34.0,0
4r1k1/p7/1p1q4/6p1/P1PPp2p/4Qb2/R4P2/2B3KR b - - 3 28,-523.0,-651.0,e8e7,quiet,18,0.023913,128.0,0
rr6/1bp2q1k/3pp3/n2n1pB1/p2PP1pP/P1RB4/1PQN2P1/4K2R b K - 0 21,-184.0,-42.0,d5c3,capture,26,0.182385,142.0,0
8/3k4/6p1/3p1p1p/3PnP1B/2P1P3/b1K1B3/8 b - - 11 51,117.0,167.0,a2c4,quiet,14,0.061100,50.0,0
2r5/p2k4/3p1p2/1b1B4/1P2Pp2/P4P2/1K4P1/3R4 b - - 1 26,-338.0,-482.0,b5a4,quiet,15,0.066313,144.0,0
4r1k1/4R1pp/5p2/3p1P1Q/2pn2N1/2q1B3/6PP/5RK1 b - - 0 24,-1712.0,-295.0,e8e7,capture,18,0.154654,1417.0,0
r1bqk2r/pp3p1p/3b1np1/3pN3/3P4/P1NpP2P/3B1PP1/R2QK2R w KQkq - 4 9,1.0,7.0,c3b5,quiet,27,0.008633,6.0,0
r2q1k1r/p3n3/1p5p/2p1Q1p1/8/BP2P1NP/P1b1BP1R/4K3 b - - 0 19,-332.0,-489.0,e7g6,quiet,22,0.072328,157.0,0
8/5R1R/8/8/6r1/6k1/4K1b1/8 b - - 13 48,-184.0,-215.0,g2e4,quiet,6,0.032617,31.0,0
6k1/1b2r3/5bpp/1p1q1p2/p4P2/P2r3P/1PQ3PB/2RR3K b - - 1 34,1487.0,1431.0,d3d1,capture,21,0.000073,56.0,0
r5k1/3p3p/8/p2b1r1p/P3q3/2Q1B2P/5PP1/R3N1K1 w - - 1 25,-372.0,-258.0,e3d4,quiet,18,0.079511,114.0,0
2kr1b1r/3n1pp1/pp5p/4Pp1P/3B1P2/2PN1b1N/PPK5/4R1R1 b - - 4 18,-129.0,95.0,h8g8,quiet,24,0.310968,224.0,0
r1q2rk1/p2pppbp/2n2n2/3N4/2P2B2/3B1pP1/1P3P1P/3Q1RK1 b - - 6 14,773.0,877.0,f6d5,capture,24,0.005168,104.0,0
7r/1b2bk1p/4np2/5p2/3N1N1P/2q1PPP1/5K2/3Q3R w - - 0 21,-328.0,204.0,f4e6,capture,18,0.632466,532.0,0
r5qr/p1pkn1p1/1pnbp3/3p2B1/3P2P1/1PPQ3N/P2N3P/2KR3R b - - 0 14,130.0,104.0,a8f8,quiet,26,0.033464,26.0,0
3R4/8/8/8/8/4kp1p/1r6/6K1 w - - 12 73,-786.0,-678.0,d8e8,quiet,6,0.009061,108.0,0
1r1qk2r/1pp2p2/p2bbn1p/4n1p1/P7/2PQ4/1PN2PPP/R1B1KBNR w KQk - 1 12,-457.0,-546.0,d3e2,quiet,28,0.025821,89.0,0
4r3/1p4k1/2p3P1/5K2/4B2p/3R4/8/8 b - - 1 49,-708.0,-831.0,e8e7,quiet,9,0.008403,123.0,0
6k1/1R6/7R/8/r7/4r3/1KP3PP/8 w - - 7 35,1060.0,1127.0,h6g6,quiet,9,0.000714,67.0,0
1r1qk2r/p1p1pp2/2n1bnpp/8/R3P3/4N3/1bPB1PPP/1Q2KBNR b Kk - 2 10,515.0,839.0,b2c3,quiet,27,0.041126,324.0,0
8/4k3/2R1p1pp/2P1P3/p3KPP1/1r1B2P1/8/6b1 w - - 0 45,286.0,85.0,c6a6,quiet,15,0.218456,201.0,0
r3k2r/1pq2p2/p2pbb2/2B1p2p/4P2P/2P2NQ1/PP2BPP1/3R1RK1 b k - 0 20,-1075.0,-422.0,c7c5,capture,26,0.078922,653.0,0
4Q3/kpp5/3q4/2n5/4pN2/7P/r5PK/5R2 w - - 4 32,-344.0,-239.0,h3h4,quiet,13,0.080390,105.0,0
1r1k4/1bR5/8/R3P3/Pp3pP1/3B4/n4KPP/8 w - - 3 35,1811.0,2386.0,c7f7,quiet,15,0.000029,575.0,0
8/2rb1rk1/R6p/7R/3N2P1/4KP2/8/8 b - - 2 32,-332.0,-440.0,f7e7,quiet,11,0.055265,108.0,0
r4rk1/5pp1/2Nb1n1p/3p4/3N4/p3P2P/1qb1BPP1/R3QRK1 b - - 1 21,611.0,658.0,f8c8,quiet,23,0.006682,47.0,0
6k1/5p2/ppr1p1p1/1bNp4/1P1P2q1/P3Q3/3K1P2/7R w - - 0 31,-578.0,-154.0,e3e5,quiet,18,0.257185,424.0,0
rn2k2r/p3bppp/2p2n2/B2p4/Q2Pp1b1/3qP1P1/2N1NP1P/R3KB1R b kq - 0 11,465.0,448.0,d3b5,quiet,28,0.006150,17.0,0
1K2k3/2P5/3Q2p1/8/q4p2/8/8/8 b - - 10 54,-725.0,-605.0,a4b5,quiet,7,0.014644,120.0,0
r3k2r/1pp1qp2/p1npb1p1/1Q4B1/Pb6/2N2R2/1PP1PP1P/R3KB2 w Qkq - 0 10,-250.0,436.0,b5b7,capture,26,0.733145,686.0,0
r1b1kb1r/3p1ppp/nN2p3/p2n4/8/2PP1P2/P3N1PP/1RB1KB1R b Kkq - 0 9,-129.0,1041.0,a8b8,quiet,26,0.675069,1170.0,0
r3kbr1/pp1npp1R/2pp4/3b4/q2NN3/2B1PP2/P1PP1K2/6RQ b q - 5 13,104.0,433.0,g8g1,capture,25,0.278265,329.0,0
r3k2r/1pqb1pp1/p4n1p/4p3/1P1b2PP/P1NQ4/1BP2P2/R3KB1R b KQkq - 1 15,548.0,754.0,f6g4,capture,26,0.028049,206.0,0
5r1k/R3Nppp/8/4P3/3N2n1/1P4P1/1r6/6K1 w - - 1 28,-732.0,-740.0,e7c6,quiet,14,0.000647,8.0,0
8/8/r7/5k2/6Rp/3K3P/8/8 b - - 3 56,-70.0,6.0,a6a3,quiet,6,0.108031,76.0,0
2kr3r/pppbqpb1/2np1n2/3P3p/4Pp2/1PN5/PB1Q1NP1/1K1R1B1R b - - 0 13,253.0,282.0,c6e5,quiet,28,0.024274,29.0,0
8/4Rpk1/2P5/3B2pp/1B1b2b1/1P4P1/2r5/5K2 b - - 1 38,127.0,-9.0,c2c1,quiet,14,0.187989,136.0,0
r1b2rk1/pp2bppp/2n4n/3p3q/3P4/6P1/PP2PPBP/RNBQ1RK1 w - - 1 11,-685.0,-625.0,b1c3,quiet,28,0.007636,60.0,0
2b1kb1r/1pp1n1pp/2nq1p2/r7/p7/P1N1BN2/1PQ2PPP/3RKB1R b Kk - 1 9,-300.0,-309.0,c8f5,quiet,27,0.006522,9.0,0
8/6K1/8/6kp/8/8/8/8 b - - 1 75,334.0,3939.0,h5h4,quiet,3,0.127565,3605.0,0
r3k2r/1pp1qb2/2n2n1p/3pbB2/pP4pP/P1N1P3/1BPQNPP1/1K1R3R b kq - 0 15,-372.0,-363.0,c6b4,capture,29,0.004975,9.0,0
r4k2/8/3K4/8/8/1R6/8/8 w - - 6 78,-24.0,0.0,d6c7,quiet,4,0.034484,24.0,0
6r1/8/4k3/P3p3/1PR4N/7K/5r2/8 b - - 0 47,669.0,613.0,f2a2,quiet,9,0.007692,56.0,0
8/8/2Pk3b/7b/KN6/5p1P/8/4N3 w - - 0 66,-291.0,-216.0,b4d3,quiet,9,0.066104,75.0,0
r1bq1r1k/pp1n2pp/3b1n2/1P1p1p2/P2P4/1Q2PpP1/3N1N1P/R1B1KB1R w KQ - 0 11,-447.0,-231.0,d2f3,capture,29,0.138315,216.0,0
r1bq1bk1/1p3pp1/p1pp1n1p/7P/2Pp4/3B1Q2/PP3PPN/2B1R1K1 w - - 0 16,-376.0,-196.0,g2g4,quiet,26,0.141491,180.0,0
8/k1b1R3/p2q3p/3P1p2/6bP/1Q4p1/P5P1/1K6 w - - 4 36,-446.0,-514.0,e7e6,quiet,15,0.021946,68.0,0
r5k1/1b1nbpp1/4pn1p/2pp2P1/1p3P2/1P1PPN1P/2PN2BK/q1BQ1R2 b - - 0 13,102.0,325.0,h6g5,capture,28,0.223844,223.0,0
4kr2/1qpb3Q/3b2rp/R2P1ppN/1P2p3/2B5/6PP/5RK1 w - - 6 28,541.0,1551.0,h7g6,capture,21,0.042391,1010.0,0
r1bq1rk1/1p1nbppp/2p5/3n4/p2B4/4PP2/P2PQNPP/RN2KB1R b KQ - 2 9,530.0,608.0,d5b4,quiet,28,0.015863,78.0,0
2b3rk/pR6/2nQ1n1p/2p2p2/3b1B2/7P/P5P1/5R1K w - - 2 26,1457.0,1741.0,b7c7,quiet,18,0.000183,284.0,0
3r4/1p2pk1p/2p5/2p1B3/n3q3/4P1PQ/P4P2/R5K1 w - - 1 27,-62.0,-255.0,h3h5,quiet,17,0.224448,193.0,0
r1b2k2/pp1r4/2n2p1p/2R3p1/P3B1P1/2P4P/5P1B/4R1K1 b - - 0 30,-381.0,-512.0,f8g7,quiet,20,0.050498,131.0,0
b5r1/6pk/7p/8/8/8/6QP/6RK w - - 1 44,-107.0,-80.0,h2h3,quiet,9,0.036158,27.0,0
8/p1Nk4/6R1/1p4p1/6n1/r5B1/8/3b2K1 w - - 4 28,-420.0,-486.0,g6g7,quiet,11,0.024380,66.0,0
2r3k1/5r2/p4q2/4p3/P2p2PN/1P4PK/3Q4/8 b - - 1 39,2527.0,2308.0,e5e4,quiet,14,0.000001,219.0,0
2rqk2r/pp2b1pp/3p4/3Bp1P1/b2p4/3P3P/1PPBQP2/2KR3R w - - 1 13,93.0,-102.0,b2b3,quiet,25,0.273443,195.0,0
r5k1/1p3rp1/6Qp/p2pPb1P/5N2/qP4R1/2P5/1K1R4 w - - 1 24,-154.0,-565.0,g6b6,quiet,19,0.254593,411.0,0
r1bqk2r/pp6/2pp1p1b/2n1n1pP/P3P3/2Q1N2P/1PP1BP2/R1B1K1NR w KQkq - 2 10,37.0,25.0,f2f3,quiet,29,0.017131,12.0,0
8/R7/5kp1/P7/6P1/1bP4K/8/6r1 b - - 2 46,552.0,847.0,b3e6,quiet,9,0.032447,295.0,0
8/8/6pk/8/1Q3p2/P3q3/6KP/8 w - - 0 56,-83.0,-63.0,b4f8,quiet,8,0.027542,20.0,0
8/8/3k4/p5p1/n2KB3/6P1/P7/8 w - - 1 41,195.0,196.0,d4c4,quiet,8,0.001065,1.0,0
4r3/bkn3Qp/2p5/p2p4/Pp6/8/1P1K4/q7 b - - 0 32,5056.0,13406.0,a7e3,quiet,14,0.000000,8350.0,0
5r2/7Q/p3r2b/4kp2/PP6/4P1R1/4K3/8 w - - 10 47,981.0,1077.0,g3h3,quiet,12,0.001489,96.0,0
8/1k3r2/p7/8/8/B7/4N3/3K4 b - - 8 53,72.0,93.0,f7c7,quiet,6,0.028572,21.0,0
r1b1kb2/1p2q1p1/p4n2/3Bpp1p/P3p2P/1PN5/2P2PP1/R2QK2R b KQq - 1 13,244.0,564.0,e7c7,quiet,25,0.159643,320.0,0
r1bqk2r/p3b1pp/2p2p2/1p3n2/2nP3P/P7/BP1NNPP1/R1BQR1K1 b kq - 7 12,-349.0,-451.0,e8g8,quiet,28,0.048875,102.0,0
1r6/p4pRp/1pBk1n2/2p1pP2/P4b2/5N2/1Pr4P/R3K3 w Q - 0 20,-817.0,-989.0,c6b5,quiet,20,0.005629,172.0,0
1r1q1rk1/3bb1pp/3p1n2/pNnPpp2/P7/N4PP1/1P4BP/R1BQ1RK1 w - - 3 14,-175.0,-46.0,c1e3,quiet,28,0.166692,129.0,0
r2qk2r/1b2ppbp/pnpn2p1/Pp1pN3/1P1P1P2/2PBP3/6PP/RNBQ1RK1 b kq - 0 9,39.0,27.0,b6c4,quiet,32,0.017113,12.0,0
r2k1b1r/2p1n3/1p1n2q1/p2P4/P1N1N1p1/R2Q1p1p/1PP2P2/2BK3R w - - 0 21,-465.0,28.0,c4d6,capture,25,0.475849,493.0,0
8/p1B2k2/1p2p3/8/2P3p1/1P2P3/P2P1n2/2K1RB1r b - - 2 22,-909.0,-943.0,f2d3,quiet,16,0.000940,34.0,0
8/8/4p3/3k1p1p/4nP1K/5NPP/8/8 w - - 3 69,166.0,92.0,f3e5,quiet,10,0.092846,74.0,0
4k3/2p1n2r/p3p3/1b2Ppp1/4N3/4P1PP/Pr3RB1/3R2K1 b - - 0 19,2.0,-372.0,b2f2,capture,20,0.397741,374.0,0
rnq1k2r/ppp2pb1/4p2p/6p1/P5BP/3R4/1PP2P1P/2BQK2R b Kkq - 0 10,-156.0,-64.0,b8c6,quiet,25,0.119464,92.0,0
R7/6pk/2p1p3/4Pr2/2qr1p1P/P4Q2/5P2/4R1K1 w - - 0 37,-187.0,-129.0,a8c8,quiet,16,0.068263,58.0,0
r2qkbn1/ppp5/2n2p2/8/3prBb1/P2Q1N2/1PP1N3/R3KB1R b KQq - 1 13,334.0,290.0,d8d5,quiet,24,0.030942,44.0,0
3qr1k1/1p3ppp/n3b3/8/Pb1Bp3/4P1PP/2rN1PK1/RN1Q3R b - - 6 19,585.0,652.0,d8c8,quiet,24,0.010420,67.0,0
7r/1pk3pB/2p2p2/p1n5/3N1b2/2P5/PPK3PP/4R3 w - - 0 22,-5.0,-34.0,e1e7,quiet,18,0.041579,29.0,0
3q1r1k/2p3p1/7p/p2bp3/P3Np2/2PPnP2/2B1QKnP/1R5R w - - 0 26,-412.0,-630.0,h2h4,quiet,23,0.059442,218.0,0
6Q1/1pk1q3/p4p2/6p1/2PP1n2/P7/K7/5B2 b - - 25 46,420.0,611.0,f4e6,quiet,13,0.053005,191.0,0
r4rk1/3p2pp/4pp2/2q5/p3bPP1/1R2PN1P/3Q1K2/R7 w - - 0 18,-903.0,-897.0,b3c3,quiet,20,0.000192,6.0,0
1r4r1/8/3k4/P1p2R2/3p3p/1P3R1P/6P1/7K b - - 0 38,127.0,81.0,g8e8,quiet,13,0.060539,46.0,0
8/p7/1p3pPk/1Pp4P/P1Pq4/1KQ5/8/8 b - - 11 43,-187.0,-21.0,d4d1,quiet,13,0.215639,166.0,0
4n3/1p4pk/4p3/p2pBpqp/P2P3b/PR3Q2/2r2PP1/5RK1 w - - 2 24,311.0,391.0,b3b7,capture,22,0.047758,80.0,0
4r3/1p4pk/1p5p/3RP3/1P3R1P/8/2PKN2r/8 b - - 2 26,-1176.0,-1318.0,g7g5,quiet,15,0.000640,142.0,0
rnbk2nr/2pp2q1/pp2pp2/4b1pp/N2NP3/8/P1PPBPPP/BR1QR1K1 w - - 2 10,109.0,-60.0,d2d3,quiet,31,0.237411,169.0,0
3r3k/8/3p2p1/pP6/PbQ1p3/8/5PP1/1qBK4 w - - 0 27,-685.0,-1208.0,d1e2,quiet,15,0.018064,523.0,0
r1b2rk1/2P2pp1/4pq2/P1Qp4/2B4p/3pB3/5PPP/R4RK1 b - - 0 18,-833.0,-228.0,d5c4,capture,22,0.203871,605.0,0
2kr3r/p4pp1/1p1b1n1p/2n2N2/4p3/P1N1P3/RB2KPPP/7R b - - 3 15,197.0,148.0,a7a6,quiet,23,0.055603,49.0,0
3nkb2/6p1/3pPp2/P3p2r/4N3/6R1/1B2PP1P/3K4 w - - 0 23,360.0,1282.0,a5a6,quiet,17,0.111192,922.0,0
2q1k2r/2pp2p1/1p1P1p1p/4n3/4P1P1/1PQ5/P1P3BP/5RK1 b - - 0 17,-139.0,-48.0,c7c5,quiet,21,0.121365,91.0,0
8/k1p5/p2b3p/2P4q/3P4/8/1nQK4/5R2 b - - 18 52,682.0,491.0,h5h2,quiet,12,0.036570,191.0,0
r3kb1r/1pqn1ppp/2pp4/7b/N2N4/1Q2BPnP/PPP5/R3KB1R w KQkq - 1 10,-361.0,-424.0,h1g1,quiet,27,0.031127,63.0,0
2r1r1k1/1p2pn1p/3N1p2/B2P3R/5P2/P5P1/2P4R/2K5 b - - 0 24,-1427.0,-469.0,e7d6,capture,18,0.062716,958.0,0
2kr3r/pp2qp2/n1pb1n2/3p1b1p/3P1N1R/P4NP1/1P1BPP2/R2QKB2 b - - 3 10,92.0,248.0,c8b8,quiet,28,0.177139,156.0,0
2b2rk1/Q3ppbp/6pn/8/8/1P1P4/P2KBPPP/q1B4R b - - 0 15,1288.0,1556.0,h6f5,quiet,21,0.000473,268.0,0
8/R3bkp1/4n2p/5K2/6P1/4Bb2/8/8 b - - 13 42,760.0,862.0,g7g6,quiet,10,0.005483,102.0,0
8/7p/4pk2/2p2p1B/5P2/2b1N3/3n1P2/6K1 w - - 0 40,-709.0,-683.0,g1g2,quiet,12,0.002629,26.0,0
r2k1b1r/pb1p1n1p/1pp1q3/P7/3Q4/RPP2P2/1K6/1NB2BR1 b - - 0 16,62.0,226.0,f8c5,quiet,23,0.197707,164.0,0
2b2r2/5k2/2p2p1p/P2n4/2B5/4P3/2nP2PP/1R3RK1 w - - 1 19,763.0,1201.0,a5a6,quiet,17,0.011229,438.0,0
q3r3/3b2p1/3Q1nk1/r4pp1/8/4P2P/3P2P1/1RB1KB1R w - - 1 22,-171.0,-184.0,h3h4,quiet,19,0.014564,13.0,0
8/3nk2p/4q2p/R1b5/3pP3/5QPP/2r1N1K1/5R2 w - - 4 25,763.0,736.0,f1f2,quiet,16,0.002026,27.0,0
r1b1k2r/pp3p2/1qn1p2p/3pPn2/3P4/P4P1R/P2BN1P1/R2QKB2 b kq - 6 12,-87.0,-245.0,f5d4,capture,26,0.181168,158.0,0
3k4/p3p3/8/1p1bb2P/7K/4B3/r3n3/5B1R b - - 0 27,1767.0,3412.0,d5h1,capture,13,0.000038,1645.0,0
8/2k1r3/7p/7R/3p4/3N4/8/5K2 b - - 5 45,-92.0,-60.0,e7e3,quiet,7,0.043890,32.0,0
r4r1k/1p6/1nppQ2p/p5q1/Pb2PP2/1B5P/6P1/R4RK1 b - - 0 25,832.0,1096.0,g5g7,quiet,21,0.006433,264.0,0
2r5/1p3k2/6pb/3P1p1p/p3P3/P1B5/1P4PP/3K1R2 w - - 1 29,337.0,671.0,e4f5,capture,17,0.105075,334.0,0
2R5/8/2n1k3/p2r4/b3N1P1/2B5/6K1/8 w - - 1 49,86.0,61.0,g2h2,quiet,10,0.034402,25.0,0
3Q4/2K2k2/8/8/8/8/8/8 w - - 1 62,3403.0,3843.0,d8d4,quiet,3,0.000000,440.0,0
2B5/5N2/8/3k4/5p2/3b1P1K/1r5P/4b3 w - - 0 58,-1514.0,-1547.0,h3g4,quiet,10,0.000028,33.0,0
2r5/p4pk1/R3p2n/3pb1B1/4r1P1/1P3R1P/2P2Q2/3K1B1q b - - 1 43,-102.0,-116.0,e5d4,quiet,20,0.018286,14.0,0
5k2/6p1/4Q2p/2q4P/7P/2p5/6K1/8 w - - 2 62,-477.0,-932.0,e6e4,quiet,9,0.055667,455.0,0
5N2/pp6/2pK1k2/2P5/3p3r/5P1b/PP6/7R w - - 2 33,43.0,-25.0,h1h2,quiet,14,0.097484,68.0,0
r1b1k2r/p1p2ppp/1p2p3/2np4/P2PPQ1q/5P1P/1PP3P1/RNBK1B1R b kq - 0 9,-1071.0,-1608.0,h4f4,capture,29,0.002001,537.0,0
1q2k2r/5p1p/p4np1/3pb3/b2N4/2BPP2P/2P3Q1/2RK1R2 w - - 0 24,464.0,569.0,d4e2,quiet,21,0.028283,105.0,0
r2qk2r/ppp1bb1p/5n2/3p4/1Pn2NpP/P1N1P3/1BPP1PB1/RQ2K2R b KQkq - 4 9,-60.0,-49.0,a7a5,quiet,29,0.015446,11.0,0
8/8/3PQ3/4p3/2P2p1k/8/6PK/4rr2 w - - 0 52,258.0,479.0,e6h6,quiet,10,0.124975,221.0,0
8/2k1rbR1/1p3n2/1Pp2p2/5N2/1p2PP2/8/rNK1R3 b - - 0 32,578.0,598.0,e7d7,quiet,17,0.003651,20.0,0
7R/1p3k1p/1p3p2/6p1/4PP2/8/PP5P/4KN2 w - - 0 30,3539.0,5191.0,e1f2,quiet,14,0.000000,1652.0,0
r2qk2r/1ppb1pb1/p1n1p3/3p1n1p/3P3R/P1NNPP2/1PPBQ1P1/2KR1B2 w kq - 2 10,162.0,264.0,h4h3,quiet,30,0.102903,102.0,0
8/R7/1p1k4/8/P1P4p/2r5/1RB2r2/1K6 b - - 0 35,-493.0,-578.0,h4h3,quiet,11,0.020660,85.0,0
8/8/8/7p/5k2/5p1P/5K2/8 w - - 12 59,-443.0,-2430.0,f2g1,quiet,5,0.072418,1987.0,0
r2q1r1k/4b1pp/2p2p2/2n5/p2pP3/3P1N2/1PQB1PPP/R4RK1 w - - 1 18,142.0,217.0,c2c4,quiet,24,0.083465,75.0,0
r1bq1r2/p4kp1/1pn2n1p/2pp1p2/3Pp3/PPP1P3/4BPPP/RNBQK2R w KQ - 2 9,-128.0,-105.0,e1g1,quiet,30,0.029633,23.0,0
1r1q1rk1/n1pnbp2/p5p1/2ppP1P1/N2p1P2/P2P4/3B2PK/2RQ3R b - - 1 18,606.0,626.0,g8g7,quiet,26,0.003138,20.0,0
5r1k/1Rb1r2p/5q2/p6p/2PR2P1/2Q2p1K/PP3P1P/8 w - - 0 30,-837.0,-1045.0,c4c5,quiet,19,0.005582,208.0,0
8/1pp2q2/6p1/2R5/2Pp1k1p/2r5/5P1P/4QK2 w - - 28 56,-180.0,0.0,e1e5,quiet,14,0.238109,180.0,0
6br/6k1/2pR4/p3RpNp/P1p2P1P/6K1/1P6/8 w - - 2 35,2453.0,3638.0,d6c6,capture,16,0.000001,1185.0,0
3k4/2b2Q2/4p3/P2n2q1/3N4/5R1P/1r3B2/5K2 b - - 6 38,-235.0,0.0,g5c1,quiet,13,0.294582,235.0,0
r4k1r/ppp1qpp1/3p1nbp/8/1nPP4/1PN2NP1/PR1QP2P/4KB1R w K - 3 10,-10.0,-55.0,e1d1,quiet,28,0.064110,45.0,0
8/8/R5pk/8/2r5/7P/2P2RK1/1r6 w - - 9 45,20.0,16.0,a6a3,quiet,9,0.005741,4.0,0
6k1/5p2/6pp/p3q2P/P7/1P1P1QP1/K7/8 w - - 0 30,265.0,171.0,h5g6,capture,13,0.093370,94.0,0
r1k2b1r/1p1bnnp1/8/8/p3pBPP/P1PB1N2/1P6/R3K2R w - - 2 21,-740.0,-694.0,d3e4,capture,22,0.004146,46.0,0
1R2nk2/6pp/3N4/5P2/8/5K2/8/4r3 b - - 22 52,-52.0,-25.0,g7g6,quiet,9,0.038364,27.0,0
k7/2b1nQ2/3p3R/2p1p3/2P5/p2qP3/P4P2/2K5 b - - 5 42,369.0,283.0,d3c3,quiet,15,0.057183,86.0,0
r1b1kb1r/5ppp/P7/2qp4/3pB3/5N2/2PN1PPP/R2Q1RK1 b kq - 0 12,-1140.0,-718.0,d5e4,capture,23,0.014369,422.0,0
8/1p4R1/4r3/Pk3p2/6N1/8/8/3K4 b - - 2 47,-28.0,6.0,e6d6,quiet,8,0.048842,34.0,0
5k2/2r4p/2P1p3/Nb3p2/1P5P/2b3P1/1R3PB1/6K1 w - - 2 29,536.0,474.0,b2b3,quiet,16,0.017598,62.0,0
r6k/pp2q1pb/2pR3p/8/1P3r2/2P2pQP/P3BPR1/5K2 w - - 0 20,-1077.0,-1458.0,g3f4,capture,21,0.001799,381.0,0
r3k2r/1pB1p3/q6b/pNpP1p2/P1P1p1n1/8/1P2QPp1/R3K1R1 w Qkq - 0 17,-1.0,-54.0,d5d6,quiet,24,0.075653,53.0,0
r1b3nr/pp1k4/2pN3p/8/7q/2P1Q1n1/PP1B2P1/RN2KB2 w Q - 1 16,33.0,-175.0,d6f7,quiet,22,0.279856,208.0,0
1k1r4/pp2qp2/Pb1p3p/2r5/5B2/2PB1Q2/1P4P1/R6K w - - 5 21,-213.0,-235.0,f4e3,quiet,19,0.021442,22.0,0
r5k1/8/8/5R2/2K5/2P5/8/8 w - - 6 52,464.0,528.0,c4b5,quiet,5,0.019030,64.0,0
1r2b2k/ppp3b1/P1n1p3/3p2p1/2qP4/2P1P1P1/6B1/1Q3RK1 b - - 0 23,1408.0,1687.0,b7b5,quiet,21,0.000241,279.0,0
8/8/6Bp/4k2P/1p6/p6r/K4R2/8 w - - 25 58,135.0,159.0,f2f5,quiet,9,0.029019,24.0,0
3k1b1Q/3n4/5p2/1p3N2/2pPp1q1/8/P1R1RK2/3r2N1 w - - 8 41,88.0,-226.0,f5g3,quiet,17,0.409998,314.0,0
B6r/3k4/p5p1/4p1p1/6p1/8/P4P1P/4K2R b - - 0 29,-671.0,161.0,h8a8,capture,13,0.695843,832.0,0
rb5r/4kp2/4p3/1B2n1P1/NP6/P7/5KP1/2RR4 w - - 3 24,288.0,374.0,c1c3,quiet,16,0.055990,86.0,0
r1b1kbnr/p1pq2p1/1p3p1p/3Pp2R/2P1N1P1/1Q3P1B/P3P3/R1B1K3 w Q - 0 14,253.0,349.0,c1b2,quiet,27,0.070760,96.0,0
8/1P1b1pk1/Q3n1p1/4q3/P3P3/1r1p4/5PPP/R4RK1 w - - 0 30,-122.0,-87.0,a6c4,quiet,18,0.046045,35.0,0
8/1p3k2/2qB3R/5p1p/p6P/P4P2/6P1/2n4K b - - 1 40,1206.0,1290.0,b7b5,quiet,14,0.000370,84.0,0
7r/2p2p2/1p1bb3/3P2p1/2k1B2p/4pPP1/7P/RR4K1 b - - 0 25,274.0,317.0,e6d7,quiet,18,0.032323,43.0,0
r1b1k2r/1p1nnqpp/pB1p4/8/Pb1PP3/2N2p1P/1PPQ1P2/R3KBR1 w Qkq - 4 10,-468.0,-722.0,a4a5,quiet,28,0.047901,254.0,0
r1bk3r/ppp2pb1/5nn1/6Bp/4P3/P1p5/1PP2PP1/R3KBNR w Q - 0 12,-633.0,-733.0,e1c1,quiet,25,0.010992,100.0,0
4R3/8/8/5kp1/4p2p/3r2PK/8/8 w - - 0 53,-913.0,-1718.0,e8f8,quiet,8,0.005140,805.0,0
1r1q2k1/pr3p2/b2p2p1/Pnp1p2p/4P1nP/1P1PRNP1/5P2/BR1Q1BK1 w - - 1 25,-432.0,-324.0,e3e2,quiet,28,0.057321,108.0,0
b6r/p1k2n2/B4p2/6p1/8/PPK2p2/3R3P/6R1 b - - 1 26,-192.0,22.0,f7e5,quiet,15,0.282859,214.0,0
3k1r2/Q6p/3p1q2/2rBn3/2N3b1/1P6/P4PP1/3R1RK1 w - - 3 22,936.0,1213.0,c4e5,capture,18,0.003623,277.0,0
r2qk2r/1ppbb1pp/p1n2p2/8/1PN5/P1pB1N2/2P3PP/R2Q1RK1 w kq - 2 10,-99.0,-74.0,d1e1,quiet,26,0.033825,25.0,0
Nnbk1b1r/1p3p1p/3p4/4p2q/p3P3/2P4P/PPn1BP2/R1BK3R w - - 0 13,-1058.0,-225.0,e2h5,capture,25,0.212714,833.0,0
Q7/5k2/8/6P1/8/5P2/2b2PK1/8 w - - 1 48,3326.0,7054.0,a8a2,quiet,7,0.000000,3728.0,0
r1b4R/p1p2kp1/3q1p1p/2Np1n2/1P1P1P2/7r/5QR1/5NK1 b - - 0 22,731.0,640.0,a7a6,quiet,21,0.009845,91.0,0
4rrk1/pp4qp/2n2np1/3p4/P2P1P2/1PN2b2/2PQ2PP/R1K2B1R w - - 0 13,-805.0,98.0,g2f3,capture,25,0.627786,903.0,0
3rbr1k/1p4qn/p1p4p/P1Pp1pn1/NP1PpNp1/4P1P1/KR2BP2/4Q2R w - - 6 30,-124.0,-90.0,a2b3,quiet,29,0.044541,34.0,0
8/k7/1pq5/p2p1p2/P4Pp1/1b2P1Pp/3Q3P/6KB w - - 1 46,-892.0,-1009.0,g1f2,quiet,17,0.002860,117.0,0
3rr3/2pk1bp1/2n3Np/p1P1pp1P/P7/6P1/pR2PK2/B6R w - - 6 24,-594.0,-705.0,g6h4,quiet,22,0.014712,111.0,0
4r1k1/2p3pp/1p5q/p2p1Qn1/2bP3N/2P1P1PP/P5K1/R6R w - - 0 19,-243.0,-182.0,a1f1,quiet,22,0.061668,61.0,0
7r/p1k5/5RN1/7p/P3PK2/8/8/4n3 b - - 15 45,-170.0,-170.0,h8b8,quiet,10,0.000000,0.0,0
4rrk1/1pq2pb1/p2np1p1/P2p2Pp/3P3P/2PNNQ2/1P2RP2/R5K1 w - - 1 25,-10.0,-36.0,f3f4,quiet,26,0.037236,26.0,0
r3kb1r/1pqn1pn1/p1p1p1p1/P3P1Bb/1P1P1N1P/2P2P1R/R3N3/3QKB2 w q - 5 19,415.0,680.0,e2g3,quiet,29,0.064458,265.0,0
7k/p1p5/1pn1b2p/3pP1rP/3P4/B1P1N3/P6K/5R2 w - - 0 29,189.0,614.0,f1f6,quiet,18,0.223653,425.0,0
2b2r2/2p3pk/2Pp1p2/2rPp1q1/1Q2P2p/2N1PR1P/R5P1/7K w - - 27 50,165.0,169.0,a2a1,quiet,22,0.004607,4.0,0
8/P3R3/8/5p2/5k2/2K5/4p3/r7 b - - 1 73,585.0,785.0,a1a7,capture,7,0.022541,200.0,0
4r3/1p1k1p2/p7/n2N1r2/P6R/2KP4/8/1R6 w - - 2 32,-93.0,-199.0,h4d4,quiet,13,0.127964,106.0,0
r6k/p6p/8/2P2r2/1PNp1p2/Q3p2P/PKP3q1/R6R b - - 1 27,-423.0,-476.0,a7a5,quiet,19,0.019894,53.0,0
8/8/1pB5/4kp2/3b1r1p/P6P/2RRK2P/6r1 b - - 24 45,560.0,1510.0,g1a1,quiet,14,0.038119,950.0,0
r1bqrbk1/1p3ppp/2p2n2/p1np4/3N4/PPN1PPP1/1BPQ2BP/4RRK1 b - - 4 12,201.0,139.0,h7h6,quiet,30,0.070790,62.0,0
1r2k3/1b3p1p/pN1pp3/2pP4/2PNP3/1P3n2/P1R3rP/3K3R b - - 1 22,295.0,148.0,g2c2,capture,22,0.144316,147.0,0
r6r/3k1p2/2Np2P1/3P3p/R6P/3B2P1/1b3P2/6K1 w - - 2 29,495.0,866.0,a4a8,capture,16,0.047917,371.0,0
r3k3/p2bbpp1/Bqn1p2r/2pp4/3P1P2/1PP1P1Pp/1B1N3P/R2QK2R w KQq - 1 12,57.0,-18.0,a6e2,quiet,28,0.107182,75.0,0
4r1k1/5pp1/5n1p/Rb1p4/3P4/5PP1/2r2NKP/7R w - - 0 25,-1153.0,-363.0,a5b5,capture,17,0.108803,790.0,0
5Q2/1p1r1p2/p5q1/6k1/3P2b1/2P4R/4r1RK/8 b - - 13 32,343.0,4481.0,g6d6,quiet,14,0.121910,4138.0,0
2B5/8/6pk/p7/7p/4r3/3R4/3K4 w - - 4 49,-142.0,-133.0,d2d4,quiet,8,0.011118,9.0,0
5r1k/8/pp2R1p1/2pPn3/4Pq2/2N4P/1P2Q1K1/8 w - - 0 39,-159.0,-352.0,e6b6,capture,16,0.169449,193.0,0
6k1/3r1p2/7p/1pq3p1/2n1Q3/2P3P1/7P/2B1R2K b - - 1 36,552.0,454.0,d7d6,quiet,15,0.028260,98.0,0
3rk2r/pp2b1pp/2n2p2/5N2/3pp1P1/6P1/PP2P2P/RNB1K2R b KQk - 3 11,-262.0,-176.0,e7b4,quiet,24,0.085160,86.0,0
8/3B4/8/6p1/1b1k4/p7/K7/8 w - - 8 71,-549.0,-487.0,d7e6,quiet,6,0.016453,62.0,0
8/p1p4p/P4p2/1k2pN1P/4K3/2b4P/8/8 b - - 3 33,918.0,1224.0,b5a6,capture,12,0.004174,306.0,0
2N1nk2/6pp/2p5/3n1p2/2pPp3/1pN1P2P/3K1PP1/1R6 w - - 0 22,1015.0,1248.0,c3d5,capture,19,0.002134,233.0,0
r1b1kr2/2Q1n2p/p2p4/1p6/3n3q/P4PN1/1P3KPP/R1B2BR1 b q - 0 14,9.0,265.0,d4b3,quiet,23,0.308392,256.0,0
4r1k1/p4qp1/8/7p/4b3/1P4QP/2PB4/R5K1 b - - 5 31,352.0,343.0,e8e6,quiet,14,0.005438,9.0,0
1r1r2k1/4n2p/pp4p1/2p1n3/N1PpPQ1q/3P4/PP2B2P/1RK2R2 b - - 4 22,560.0,445.0,h4f4,capture,24,0.033363,115.0,0
r7/8/p2pk2p/R3p1p1/P3K1P1/4P2P/3P4/8 b - - 5 39,-168.0,-145.0,a8a7,quiet,14,0.027193,23.0,0
r2qk2r/1b1n1ppp/p2b1n2/2pp4/8/1PN1PP1N/P3B1PP/R1BQ1RK1 w kq - 0 10,-4.0,-68.0,f3f4,quiet,28,0.090873,64.0,0
2kr4/rp2R1p1/1q2p2p/p1p1Q3/2B3pP/P1B1P3/1P6/2K5 b - - 0 23,-1056.0,-1529.0,d8d6,quiet,20,0.002135,473.0,0
k7/P3r3/8/2B5/1QR5/3q2bP/4p1P1/4R1K1 w - - 1 44,1408.0,2329.0,c5e7,capture,13,0.000300,921.0,0
2k1r3/7p/pp1r1ppP/8/Pn5Q/1bN2P2/1P6/1K5R b - - 1 27,-108.0,-262.0,a6a5,quiet,18,0.168189,154.0,0
8/p1k5/8/8/4p1p1/P3P1P1/5P2/2n2K2 b - - 1 44,881.0,1702.0,c7b6,quiet,10,0.006179,821.0,0
3r1rk1/1ppq2pp/p1nb1n2/2P5/1P2p3/P1Bb1NP1/3N1PB1/R2QR1K1 w - - 0 15,-40.0,353.0,d1b3,quiet,27,0.441431,393.0,0
8/q5k1/P1p2bp1/3b4/R5P1/3Q4/8/5K2 b - - 2 45,466.0,392.0,f6b2,quiet,11,0.030774,74.0,0
3qkr2/ppr5/2b2bp1/4p2p/1BBp3P/1P1P4/2P1Q3/1K1RR3 b - - 1 21,-27.0,-55.0,c7e7,quiet,22,0.039719,28.0,0
1k1r3r/1pqbnpb1/p1npp1p1/2p5/2P1PB1p/2NP1N1P/PP1QBPP1/1R3RK1 w - - 6 12,84.0,160.0,b2b4,quiet,32,0.096669,76.0,0
2kB1b1r/pbpp4/1pn3qn/7N/P2Pp1P1/2P4P/1P4B1/R2Q1RK1 b - - 0 14,-407.0,269.0,c6d8,capture,25,0.737062,676.0,0
2k5/2p5/3r1n2/7p/Q7/P4q2/1P6/K5R1 w - - 15 55,-877.0,-899.0,g1c1,quiet,11,0.000754,22.0,0
2B5/8/2p2k2/2P2Pp1/3n3r/5P2/6Kp/7R b - - 5 44,334.0,368.0,h4h8,quiet,12,0.020242,34.0,0
8/7R/7P/5pk1/1b1Qb1p1/4P3/r3BPP1/4qNK1 w - - 2 34,574.0,1803.0,d4g7,quiet,16,0.035396,1229.0,0
B7/8/1p6/2p1b3/2P5/8/5k1p/3K4 w - - 6 55,-899.0,-1064.0,a8c6,quiet,8,0.003441,165.0,0
R7/5r2/3pk3/8/1PK5/8/8/8 b - - 3 44,-2.0,6.0,d6d5,quiet,6,0.011512,8.0,0
3k1r2/pp2p2R/2rp4/8/qP1Q4/4N3/2P2PP1/4K3 w - - 3 26,-397.0,-372.0,d4e4,quiet,16,0.012791,25.0,0
8/5pk1/6Pp/8/5r2/2R4P/5PK1/8 w - - 0 33,-56.0,41.0,c3f3,quiet,9,0.138631,97.0,0
r3k3/1ppb4/2n1pb2/8/p1NP2P1/3BB3/PP3P2/2RK4 b q - 0 18,-308.0,-248.0,c6d4,capture,19,0.048302,60.0,0
Q6R/1p6/1kr5/6p1/3P1q2/P7/KP5p/8 w - - 3 58,-88.0,0.0,h8h7,quiet,12,0.124002,88.0,0
rnbq1rk1/5p2/2pb2pp/2ppNn2/P3p3/B1N1P2P/2QPBPP1/R4RK1 w - - 4 14,-262.0,-227.0,e5c4,quiet,29,0.031830,35.0,0
5K2/5P2/3k4/3p4/3P4/8/p5r1/R7 b - - 0 60,-104.0,-128.0,d6d7,quiet,8,0.030949,24.0,0
2k1rbnr/pppq2p1/2np4/6Np/5B2/2NPP3/PPP4P/R2QK2R b - - 0 10,245.0,211.0,d6d5,quiet,26,0.032704,34.0,0
r5k1/3p3p/4b3/p6p/P3q3/2Q1Br1P/5PP1/3R2K1 w - - 0 27,-626.0,-265.0,g2f3,capture,17,0.152153,361.0,0
r3k2r/1ppbn2p/p1nq2p1/5p2/5N2/1PQ3N1/PKPp2PP/3R1B1R b kq - 2 14,213.0,475.0,e8c8,quiet,26,0.165882,262.0,0
r2q1rk1/1p3ppp/2n1b3/p2n4/Pb6/2NB3P/1P2NPP1/R1BQ1RK1 w - - 4 10,-11.0,68.0,c3d5,capture,26,0.112454,79.0,0
r4rk1/p3nppp/B1n2q2/2pp4/3b1P2/B5PP/P2P1P2/1R1QR1K1 b - - 1 12,753.0,784.0,a8d8,quiet,25,0.002091,31.0,0
2b1k1nr/2p2pp1/1pNp3p/2P1p3/2P1P1P1/1n1P3N/r2BB2P/3K3R w - - 1 18,-1219.0,-1447.0,d2c3,quiet,25,0.000654,228.0,0
1qr5/8/1pbr2k1/4BpNp/5Q1P/3p4/1P4PK/R7 b - - 2 36,40.0,-858.0,c8d8,quiet,17,0.550201,898.0,0
6n1/3r2k1/RR3p2/6p1/7p/7P/5PPK/8 b - - 5 30,-657.0,-658.0,d7c7,quiet,12,0.000125,1.0,0
4r1k1/2q4p/p3P1p1/2p5/2P4P/3Q2P1/5rBK/4R1R1 b - - 0 38,-1150.0,-1348.0,a6a5,quiet,17,0.000905,198.0,0
rn1qk2r/ppp1bpp1/2n1b2p/4p3/4N3/2PPN3/P4PPP/R1BQKB1R w KQkq - 4 9,-329.0,-268.0,a1b1,quiet,29,0.045335,61.0,0
r1bqk2r/6pp/p1nb1n2/1pp1p3/5p2/PPN2N2/1BPPQPPP/2KR1B1R w kq - 0 9,41.0,41.0,d2d4,quiet,30,0.000000,0.0,0
4rk1r/p4p2/1p3q2/2p5/2Q2P1P/1Pb1B1P1/P1P2K2/3R4 w - - 2 19,-1052.0,-1065.0,d1d5,quiet,19,0.000168,13.0,0
2kr4/1bp4p/3br1p1/RP6/3BN3/2P1PN1P/4K1P1/7R b - - 0 17,-1348.0,-521.0,e6e4,capture,19,0.047039,827.0,0
8/1kp5/6p1/p4pPp/P7/1P1RQ3/4KP2/6q1 b - - 1 39,-1149.0,-1254.0,g1b1,quiet,14,0.000607,105.0,0
rnbqk1nr/1pp4p/5pp1/3p4/1b1P4/1BN2Q1P/P1P2PP1/R3K1NR b KQ - 1 9,1056.0,1027.0,c7c6,quiet,27,0.000414,29.0,0
4k2B/8/8/5KN1/1p6/8/8/8 b - - 0 52,-627.0,-765.0,b4b3,quiet,5,0.014273,138.0,0
8/8/8/p4k2/2N3p1/1P1p4/P5K1/2Bnb3 b - - 7 50,621.0,727.0,d1c3,quiet,11,0.012263,106.0,0
r3qbkr/pp5p/2pp1n1p/4n3/7R/P1N2NP1/1P2QP2/R1B2K2 b - - 1 16,-145.0,7.0,e5g6,quiet,24,0.207418,152.0,0
r4knr/p5p1/3N1p2/2bQ4/6P1/3Bp2P/P5K1/4R3 b - - 1 22,-1765.0,-2620.0,c5d6,capture,17,0.000038,855.0,0
2kb2r1/5bP1/p7/1pp2P2/5PP1/NP2r3/PBP5/1K1R3R w - - 0 28,1850.0,1887.0,g4g5,quiet,20,0.000005,37.0,0
rnb4r/ppp1k3/3b3p/4pppP/1P4n1/P4N2/1BPNPP2/R3KB1R b KQ - 4 9,431.0,310.0,c8e6,quiet,27,0.066550,121.0,0
8/4p3/8/4rk2/8/1P5R/2P4P/7K b - - 0 40,-327.0,-110.0,e5e1,quiet,8,0.214665,217.0,0
3rk3/pp3p2/4b2p/3B4/3B3b/3K1Q2/P1PP3P/RN2r3 b - - 4 22,-1129.0,-523.0,e6d5,capture,19,0.045445,606.0,0
r1bqkb1r/1p2npp1/p1p1n3/3p3p/7P/2NP2P1/PPP1NPB1/R1BQK2R w KQ - 0 9,26.0,-48.0,e2f4,quiet,30,0.105989,74.0,0
1rq2r2/Rp2ppk1/2bp1np1/8/3N4/1PN4P/1P1Q1PP1/4K2R b - - 2 17,276.0,601.0,c6g2,capture,22,0.139072,325.0,0
rn1qk1r1/1bpp1p1p/4pn2/pP1P1P2/1b3Bp1/2N3P1/1PP1B2P/R2Q1K2 b q - 0 10,1383.0,1728.0,b4c3,capture,28,0.000301,345.0,0
3R4/4k3/p1q5/1p3nP1/4rP2/P7/3QPK2/8 w - - 9 37,-296.0,-359.0,d8h8,quiet,13,0.041566,63.0,0
r2qk1r1/p1p1b2p/1pbp4/2n2p2/2P1P3/QPN2PP1/PB5P/R3KB1R b KQq - 1 12,-153.0,-49.0,f5e4,capture,27,0.136922,104.0,0
r2k3r/ppp1R2p/n2p4/4p3/2P1P3/2Q1Bq1b/PP1KN3/RN6 w - - 1 17,450.0,660.0,e7h7,capture,23,0.047861,210.0,0
rn1qr1k1/pb3pbp/1p4p1/1P1p1n2/3P4/2N3P1/P3NPBP/R1BQK2R w KQ - 1 10,-6.0,-7.0,e1g1,quiet,28,0.001439,1.0,0
r1Bq1k1r/1pp1p3/3p1n1p/p2Pb1pP/6P1/2N5/PPP5/R1BQK2R b KQ - 0 10,-689.0,329.0,d8c8,capture,26,0.850604,1018.0,0
8/5k2/5p2/6pp/p1R5/2B5/6KP/2r5 w - - 5 41,-55.0,-151.0,c4c7,quiet,10,0.126088,96.0,0
r4rk1/p2b3p/1pnPqp2/4pnp1/3pP3/B2Q4/P3BPPP/1R3RK1 w - - 0 15,-868.0,-331.0,e4f5,capture,26,0.122784,537.0,0
1rbqk3/ppn1ppb1/5n2/3p3r/3P2p1/PPN5/1BP1NPBP/R2QK2R w K - 0 10,-17.0,49.0,e2g3,quiet,28,0.094498,66.0,0
4b2k/4qpp1/4p2p/1pNpP3/3P4/5R1P/3Q1PPK/r7 b - - 23 37,174.0,151.0,a1a8,quiet,19,0.026793,23.0,0
8/pppk1K2/3p1Q2/2nP1R2/2P5/B3q2P/P7/8 w - - 15 36,1546.0,3554.0,a3c5,capture,15,0.000136,2008.0,0
8/3k4/4p2P/1K1p4/3P1P2/8/8/8 b - - 0 58,-903.0,-4409.0,d7c7,quiet,7,0.005497,3506.0,0
2k5/1p4n1/8/P1p1P3/1n6/1P1P1r2/1KP1N3/7R w - - 2 37,-53.0,21.0,h1h8,quiet,14,0.105872,74.0,0
R7/7r/7P/4p3/6p1/3K2P1/p7/2k5 b - - 13 59,435.0,511.0,c1b2,quiet,9,0.025437,76.0,0
r1k2bnr/1pp2Npp/8/1P3b2/P2n4/1P6/3PBPPP/2qQ1RK1 w - - 0 12,-1089.0,-2112.0,f7h8,capture,24,0.001886,1023.0,0
8/2r2p2/4pk2/2r5/8/P7/4RP2/K2R4 b - - 0 38,255.0,193.0,c5a5,quiet,10,0.060423,62.0,0
r1bq1rk1/pppnbppp/2n5/4p3/2NpPP2/PP1P2PP/2P1N3/R1BQKB1R b KQ - 0 9,164.0,188.0,e5f4,capture,32,0.026994,24.0,0
r2qk2r/1b2bp1p/p4n2/1p1pNPp1/2BP4/4P2Q/2PBN2P/R3K2R b kq - 0 18,-253.0,222.0,d5c4,capture,26,0.593077,475.0,0
8/2k5/6b1/6P1/P2p4/8/2BK4/8 b - - 3 48,-286.0,-673.0,g6e8,quiet,7,0.141253,387.0,0
r3k2r/2pqbp2/2N1pn1p/p7/Pp1P4/6P1/1PP2P1P/R1BQR1K1 w kq - 1 16,705.0,650.0,c6e7,capture,25,0.006180,55.0,0
8/5pk1/6p1/R6p/7P/6P1/3r1pK1/8 b - - 17 51,355.0,336.0,d2e2,quiet,10,0.011583,19.0,0
3r2k1/6p1/p1p1p2r/1pbn1q2/3P1P2/8/PP1B1RQP/4R2K w - - 0 24,-1037.0,-312.0,d4c5,capture,21,0.139788,725.0,0
4k3/8/2p1p3/2P1P3/8/8/3K2p1/r2B2B1 w - - 6 51,-284.0,-209.0,d2e1,quiet,10,0.067755,75.0,0
1rbqk1nr/pp3pbp/2np4/1NpNp3/3P4/2P1PQP1/PP4BP/R1B1K2R w KQk - 4 10,393.0,1019.0,d4c5,capture,30,0.091468,626.0,0
4k3/8/8/4PP2/4r2B/7K/8/8 b - - 0 45,59.0,-3.0,e4e5,capture,6,0.088418,62.0,0
3r4/5k1p/p4pp1/3P4/P3RP2/7P/5KP1/8 w - - 5 34,283.0,179.0,e4d4,quiet,13,0.099049,104.0,0
r1b2rk1/1pq1bppp/2n4n/1B1Q4/p6P/2P1N3/PP3PP1/R1B1K1NR w KQ - 1 10,-79.0,-15.0,d5e4,quiet,27,0.090197,64.0,0
r5r1/p1q1nk1p/1p2bp1P/2pp2pN/Pb3P2/2NQP3/1PP3P1/2KR1B1R b - - 2 17,-135.0,-292.0,g8g6,quiet,28,0.157962,157.0,0
8/1k6/8/3R4/PK1B2p1/8/2q5/8 w - - 0 51,-251.0,0.0,d5b5,quiet,7,0.309208,251.0,0
1r2k2r/R1p1bppp/3p1q2/3b4/1nP1P3/4Q1P1/1P3P1P/2BK1B1R w k - 0 17,-489.0,59.0,c4d5,capture,24,0.527577,548.0,0
8/pp1r1k2/5p2/7p/7n/P3r1N1/1P6/R4R1K w - - 0 23,-843.0,-642.0,g3h5,capture,14,0.016483,201.0,0
2b5/8/2k2p1R/5r1p/p3KP2/B5P1/8/8 b - - 0 41,-9.0,17.0,c8d7,quiet,11,0.037395,26.0,0
2r1k2r/p2pbppp/np2p3/2qnP3/3NNP1P/6P1/PPP3K1/R1BQ1R2 b k - 2 10,-91.0,-202.0,c5c7,quiet,28,0.133797,111.0,0
1r3rk1/2q3b1/R1n1b2p/2p1pp1N/Q1p1p1pP/2B1P3/1P2B1P1/3R2K1 b - - 5 22,164.0,-152.0,c6d4,quiet,25,0.425700,316.0,0
r3k2r/1b3pp1/1Np1p1q1/pPPpPn2/8/b3BBPp/4QP1P/1R3RK1 b kq - 1 16,-117.0,126.0,a8d8,quiet,27,0.336064,243.0,0
r3kr2/1p2q3/4bpP1/p2pp2Q/P2B4/2P2R2/2P3PP/4R2K b - - 0 29,-615.0,-605.0,e8d7,quiet,21,0.001621,10.0,0
r2q1rk1/p3ppbp/1p4pn/8/1B1pb3/1P2PN1P/P1PP1PP1/1R1QKB1R b K - 0 9,143.0,394.0,a7a5,quiet,29,0.211286,251.0,0
rnb1k2r/1pq3pp/2P2n2/p7/P2Pp3/1Pb1P3/3B2PP/R2QKBNR w kq - 0 10,-661.0,185.0,d2c3,capture,27,0.721860,846.0,0
2r3k1/2r2pp1/3q1n1p/pP1p1Q2/PbnP4/2N3PP/5KB1/B1RR4 b - - 0 30,678.0,599.0,c4b6,quiet,24,0.011041,79.0,0
r2qk2r/pp3p2/2pbpnp1/3p1n2/P2P1P2/1PP1P3/R2NQ2P/1KB2BR1 w q - 1 18,-149.0,-187.0,a4a5,quiet,28,0.043641,38.0,0
1B6/5kp1/pp2b2p/8/1P5P/P4r2/1K2R3/8 b - - 0 34,240.0,446.0,f3b3,quiet,13,0.129493,206.0,0
2rr2k1/1b3pp1/p2p4/R1n1p2p/2Np4/QP1P2P1/2P1P2P/5K2 w - - 0 25,418.0,566.0,c4d6,capture,22,0.045666,148.0,0
r2q1k2/3p2bp/p5pn/8/R1Pp4/1P1N4/4BPPP/4K2R w - - 1 19,-1082.0,-1090.0,e2f3,quiet,20,0.000088,8.0,0
8/7k/1BP5/8/8/2P2R2/5K2/3r1N1r w - - 1 44,1294.0,1538.0,f1g3,quiet,9,0.000439,244.0,0
r7/3k4/pp4p1/2p2p2/4p1n1/PPN1P1P1/1BPP4/2K4R b - - 1 23,-1106.0,-1186.0,d7e6,quiet,19,0.000632,80.0,0
r2q3k/1p5p/p1p5/2PbRp2/3P1Q1p/8/2r2RP1/6K1 b - - 2 27,1067.0,1401.0,c2f2,capture,18,0.001831,334.0,0
rn2kr2/pp2p2b/2p2p1B/3q3P/2NP2pP/4p3/PPP2P2/R2QKBR1 b Qq - 1 11,-640.0,-593.0,e3f2,capture,27,0.007370,47.0,0
r2k3r/1np1bqpb/1p1p4/pP1P1P1p/2P1N1PP/P1BBP3/2Q5/2KR3R b - - 0 23,-692.0,-598.0,h5g4,capture,28,0.012717,94.0,0
r6r/p1pnk1p1/5p1p/4p3/P3N1P1/2P1B3/2K2P2/3R3R b - - 3 19,-871.0,-833.0,d7b6,quiet,19,0.001601,38.0,0
4r1k1/p2b2p1/7q/p1p2p1P/2Np2P1/P2P4/1PP2Q2/5K1R b - - 2 24,386.0,1484.0,h6c1,quiet,20,0.097598,1098.0,0
5rk1/1bq1b1pp/1p2p3/rB1p4/p3pPN1/P1P3P1/1P2Q2P/1K1R3R b - - 15 22,344.0,337.0,e7a3,capture,25,0.004361,7.0,0
rnb1kb2/pp3p2/1q1pp3/2p3p1/2PP4/2N3P1/PP2PP2/R2QK1NB w Qq - 1 9,90.0,40.0,d4d5,quiet,26,0.069387,50.0,0
5k2/p7/4b3/2R3p1/P1N5/1P6/1KP3r1/8 w - - 1 33,357.0,330.0,c4e3,quiet,11,0.016608,27.0,0
r4rk1/pp2q1pp/2bB1nn1/8/4P3/P1Q2P2/1P5P/2KR1BNR b - - 2 15,-272.0,-752.0,f6e4,capture,23,0.159811,480.0,0
r3kb2/pppb1p2/2n1p2p/1BP4p/Q4N2/8/PP3qPP/2KR3R b q - 3 10,-13.0,299.0,f2c5,capture,24,0.366981,312.0,0
8/5B2/R7/6P1/2p5/pr6/1k3P2/6K1 b - - 0 44,-222.0,18.0,b3b4,quiet,9,0.307979,240.0,0
r1bqk3/ppp3bQ/2n5/4p1p1/3P4/2N1PP2/PP4P1/R1B1K1N1 b Qq - 0 12,-396.0,-393.0,e8f8,quiet,23,0.001465,3.0,0
8/5k2/1pq1pp2/5n2/P7/6pP/4Q1P1/4R2K w - - 38 65,338.0,361.0,e2e4,quiet,13,0.013779,23.0,0
1k6/6pr/ppn5/6Bp/2Nb4/PP6/6PP/3R3K b - - 7 29,-213.0,-85.0,b6b5,quiet,16,0.153199,128.0,0
r3k2r/p1pp1pp1/1b3q1n/4n3/3NP1p1/P1P5/1P2NP1P/R1BQ1K1R w kq - 1 10,-479.0,-308.0,a3a4,quiet,26,0.085498,171.0,0
r3kb1r/ppp1n1pp/1n2bp2/1P2p3/P3N1P1/2P2N2/5P1P/R1BK1BR1 b kq - 0 9,602.0,482.0,e6d5,quiet,27,0.028398,120.0,0
r2r2k1/pp2q1p1/3bn3/4pP1p/2B2PnP/2N3P1/PP1R4/R1BQK3 b Q - 0 14,24.0,-328.0,g8h8,quiet,25,0.403025,352.0,0
8/3k4/p3p1p1/1p3nP1/n1pPR3/P1P5/1P3P2/2B2K2 w - - 0 31,1035.0,1015.0,e4e1,quiet,17,0.000314,20.0,0
1k2r3/1pr2q1p/p2Qp2R/3p4/3P4/P1P4P/1P4P1/6K1 w - - 3 35,-1111.0,-1278.0,d6e5,quiet,18,0.001029,167.0,0
Bn1r2k1/5p2/1p5p/2b5/2N5/4P2P/P1P2KP1/R6R b - - 0 19,-1909.0,-1799.0,b8a6,quiet,17,0.000015,110.0,0
1k1b3r/4r3/R4p2/1p2p2p/3p2pP/1P4P1/PB3PB1/5K2 w - - 1 33,-455.0,-95.0,a6a8,quiet,19,0.298679,360.0,0
4k2r/q2n1pp1/3bp3/8/3P3p/2NNKP2/1P4PP/3Q3R b - - 0 18,127.0,43.0,h4h3,quiet,19,0.113472,84.0,0
2r3rk/3b3p/R4n1p/2p2p2/2nP4/2N3P1/P1P2PB1/4R1K1 b - - 0 22,647.0,510.0,g8e8,quiet,20,0.026854,137.0,0
2r3k1/4Q1p1/2p4p/8/p1p5/P2q4/1P5P/K3R3 b - - 1 36,293.0,362.0,c8f8,quiet,14,0.045540,69.0,0
rn1qr1k1/1ppb1p1p/3p2pb/p4p2/2PP1N2/1PNBn3/P5PP/R1BQ1RK1 w - - 0 9,-593.0,-512.0,c1e3,capture,30,0.017990,81.0,0
r2q1rbk/pp2n1pp/2nb1p2/3P4/3P4/1NN2B2/PB4PP/R2Q1RK1 b - - 0 15,194.0,146.0,c6a5,quiet,26,0.054827,48.0,0
4R3/1R4pk/3b4/3p4/3P3P/7r/8/6K1 w - - 0 32,462.0,483.0,e8d8,quiet,10,0.007013,21.0,0
r3k3/3n1pr1/pp2p3/3p3p/1R2PP1q/N2B1Qn1/P2P2P1/4R1K1 b q - 0 14,568.0,668.0,g3e4,capture,23,0.015694,100.0,0
8/8/8/7K/p6P/1k6/1P6/8 b - - 0 40,114.0,1065.0,b3b2,capture,5,0.339415,951.0,0
8/3k3p/5R2/8/8/8/3K1N1r/8 b - - 10 60,-43.0,-29.0,h2h4,quiet,6,0.019930,14.0,0
8/B2R4/5pp1/p1p5/P1n1kPP1/2r5/4KP2/8 w - - 2 34,-134.0,-5.0,a7c5,capture,14,0.176621,129.0,0
r2q1rk1/pppnppbp/6p1/6B1/1n2PN2/7P/1P1N1QP1/3R1RK1 w - - 1 15,-462.0,-210.0,f2h4,quiet,25,0.164497,252.0,0
1r6/R7/4b3/2p1kp2/2P1P3/1P1R1PPp/7P/6K1 w - - 0 35,1542.0,2141.0,a7a5,quiet,15,0.000135,599.0,0
r3kb1r/1ppbqppp/2n5/p2p4/P2PnPPP/4R3/1PP1B3/1NBQK1NR w Kkq - 1 9,-230.0,-236.0,b1d2,quiet,30,0.005676,6.0,0
2krr3/pppnpp1p/1b2b1p1/8/P3P3/1P2NP2/1BP1BKPP/1R1R4 w - - 5 15,41.0,139.0,b3b4,quiet,26,0.131275,98.0,0
2r5/3p1k2/p2Qpn2/5p2/2P5/2N3rq/PP2B1b1/3RK1R1 w - - 0 28,-570.0,-494.0,e2h5,quiet,19,0.018786,76.0,0
5r2/6pk/p6p/7q/8/Pp6/1P6/K3R3 b - - 3 37,4757.0,5924.0,f8f2,quiet,11,0.000000,1167.0,0
2r3k1/7p/1P5b/p3p3/3p3P/3PnPPR/1R2KNr1/1N6 b - - 0 29,370.0,117.0,e5e4,quiet,19,0.231487,253.0,0
r7/1p1rb2p/4k1p1/1pP5/1P2p1KP/pR2B1P1/P4P2/2R5 b - - 1 32,-161.0,-11.0,d7d3,quiet,20,0.200599,150.0,0
rn3rk1/2p1bpp1/p3b3/1p5n/1P2P2p/P1NB1N1P/2P3P1/1RBKR3 w - - 0 12,12.0,-31.0,c3d5,quiet,26,0.061757,43.0,0
r5k1/2pb1ppp/3b2r1/P7/3B4/P3PP2/3P1KPP/R6R w - - 1 22,-859.0,-802.0,d4c3,quiet,20,0.002719,57.0,0
r3r1k1/5ppp/P3qn2/R1p5/3P4/1PP2NbP/1K4P1/1N1Q1R2 w - - 0 24,153.0,662.0,d4c5,capture,22,0.271373,509.0,0
1k1r2r1/pbppbpp1/1p2p3/3Pq3/2P1P3/P1NQ4/1PK1B1P1/R6R w - - 4 14,-304.0,-331.0,a1d1,quiet,25,0.018552,27.0,0
6r1/2R3pk/P3b2p/2p1N3/7P/6R1/r7/5K2 b - - 3 38,283.0,328.0,a2a6,capture,13,0.032498,45.0,0
3r2k1/8/7P/8/pR6/Pb2B3/1K6/8 w - - 23 61,139.0,133.0,b4g4,quiet,9,0.007436,6.0,0
r1bqk2r/pp3pp1/1p2p3/3pP2p/1P1Pn3/2PQ3N/1B3PPP/RN3RK1 w - - 0 13,1227.0,1316.0,d3e3,quiet,28,0.000343,89.0,0
r6r/pp2k2q/2npPb1p/2pQ4/2P2B2/6RB/PP5P/5RK1 b - - 6 22,-861.0,-915.0,a8d8,quiet,22,0.001858,54.0,0
3r1rk1/2p4p/p4q2/1pQbnp2/5P2/5N1P/P3R1P1/4R1K1 w - - 0 29,-530.0,-86.0,f3e5,capture,20,0.333526,444.0,0
r2q1b1r/1p2kB1p/pp1p4/4p1N1/5nQ1/2P5/P5PP/R3K1R1 w Q - 6 18,375.0,582.0,g2g3,quiet,22,0.069637,207.0,0
8/7p/8/8/1N1Pk3/7P/6b1/3K4 w - - 1 44,-105.0,-65.0,h3h4,quiet,7,0.054203,40.0,0
6k1/6p1/1p5p/p2pNQ1P/P2P4/1P3PP1/6K1/2q1b3 w - - 10 43,686.0,820.0,e5g6,quiet,17,0.010077,134.0,0
8/8/8/4Bp2/8/5kP1/1r6/7K b - - 15 80,638.0,609.0,b2d2,quiet,6,0.004371,29.0,0
2R5/3p2pk/p3p3/1r2Np2/n4P1P/3Pn2P/P5BK/8 w - - 0 28,-42.0,-5.0,g2f3,quiet,18,0.052955,37.0,0
7k/2R5/3NB3/5p2/K1pb4/PP2n3/7r/8 b - - 1 38,-237.0,-90.0,c4b3,capture,12,0.169756,147.0,0
r3k1r1/pRp2p1p/4p1q1/8/3P3P/P1P2Qn1/P5PR/4K1N1 b q - 0 16,370.0,197.0,g6c2,quiet,21,0.137194,173.0,0
r1b2rk1/ppb1n1pp/3P4/2p5/4q3/2P1N1PP/PP2Q3/R1B1KBR1 b Q - 0 14,89.0,146.0,c7d6,capture,25,0.073207,57.0,0
2kr4/Q7/8/1pKn1p1p/3B3P/2n2q2/P4P2/R2R4 b - - 2 29,409.0,182.0,d5c7,quiet,16,0.172954,227.0,0
1k1r3r/1p1qn1b1/p1npb3/2p1p3/2P3p1/PPNPP1N1/1BQ1B2P/1K3R1R b - - 1 22,132.0,113.0,d6d5,quiet,28,0.024203,19.0,0
r2q1r2/p3ppk1/p5p1/2p3Q1/3P4/1P6/P1N4P/1K1n3R w - - 0 20,-617.0,-872.0,h1d1,capture,19,0.021312,255.0,0
6k1/pb3p2/1p3b1R/2p2P2/P4P2/2PrB1K1/1P6/R7 b - - 0 28,-401.0,817.0,d3e3,capture,17,0.900579,1218.0,0
3r2k1/p4qp1/2Q2n1p/2P2p1P/5n2/P4N2/5PP1/R3R1K1 w - - 1 28,865.0,811.0,a1d1,quiet,19,0.002468,54.0,0
7R/Nn2pk2/p4p2/2r2b2/8/2N5/PPP5/2K5 b - - 3 30,435.0,502.0,c5c7,quiet,14,0.022911,67.0,0
1rb1k1r1/p3q3/2p2n2/p3p2p/2P1P3/1nN1QN1P/1P2B1P1/3RKR2 w - - 4 17,380.0,619.0,e3h6,quiet,24,0.073317,239.0,0
r2q2k1/3pbp2/2p2pp1/3n3p/1p1P3P/1Q3NP1/P2B1P2/R3R1K1 w - - 2 18,915.0,806.0,b3b2,quiet,23,0.004436,109.0,0
r2q1rk1/ppp3np/4b1p1/4p3/P1Pn2Pb/1P3N1N/1B2BP2/R2QK2R w KQ - 2 13,-283.0,-45.0,f3d4,capture,27,0.271643,238.0,0
5r2/7R/3Q2p1/3B1k1p/3qr2P/6P1/5P2/6K1 b - - 3 35,-671.0,-720.0,e4e1,quiet,13,0.004979,49.0,0
4n3/8/1p2k3/pP1p1p2/3PpPp1/N3P1P1/8/K7 w - - 19 67,-378.0,-506.0,a3b1,quiet,15,0.050406,128.0,0
1r1q1rk1/1b1n1pp1/p6p/1pp1P3/3p1PB1/P2P4/2QN2PP/R4RK1 b - - 2 14,270.0,207.0,a6a5,quiet,25,0.058501,63.0,0
rnbqr1k1/5pp1/1p3n1p/p2p4/Pb1P3P/2NQ1P2/1PP1N1P1/R1B1KB1R w Q - 0 10,6.0,-173.0,g2g4,quiet,29,0.238879,179.0,0
2kr1b2/pppb3q/3npn2/3p1p1P/3P4/BPN1PQ2/P1P2P2/R2K3R b - - 0 15,731.0,811.0,d6e4,quiet,26,0.005359,80.0,0
r5kr/pp2p1b1/5nBp/3p2p1/3P4/P1N1Pb1q/1PQB1P2/2R1K1R1 b - - 1 20,380.0,356.0,h3h2,quiet,25,0.013240,24.0,0
5rk1/2pq2b1/1p1p1p2/1p3NBp/r1bPP3/1n3N1P/1Q3RP1/3RK3 w - - 0 21,-451.0,-456.0,g5e3,quiet,24,0.001836,5.0,0
r1bq2k1/5pp1/8/p2pr2p/P1p2PPb/2P1P3/2B1N3/RN3K1R w - - 0 18,-1958.0,-1786.0,f4e5,capture,23,0.000022,172.0,0
1k6/3r4/1p2B3/4n3/3Q1N2/P1K1P3/P6q/8 w - - 9 29,-52.0,1143.0,e6d7,capture,12,0.572894,1195.0,0
8/5kp1/8/R7/1r6/5P1P/6P1/6K1 b - - 0 38,-540.0,-791.0,f7g8,quiet,8,0.032336,251.0,0
6r1/2Nnk1b1/2p1pp1p/4P2P/q2P3Q/1pp4B/P4P2/R3K3 w Q - 0 23,-590.0,-289.0,h4g4,quiet,21,0.126866,301.0,0
r2q3r/p3k1pp/2Qbp3/8/1P1PP1n1/P4N2/6PP/R1B1K2R b KQ - 0 16,-513.0,-728.0,a8c8,quiet,22,0.034682,215.0,0
7r/1N3p2/p3k2p/2Pp4/3Pn3/1P2K1P1/n6P/5R2 w - - 0 29,-372.0,-565.0,f1a1,quiet,16,0.067897,193.0,0
7r/6N1/p4k2/3p1p2/2nPP3/6Rp/4K2N/8 b - - 2 33,-146.0,425.0,d5e4,capture,13,0.618864,571.0,0
1r1qk2r/p1p1bp1p/8/3p1bp1/4N3/2PB4/P1Q2PPP/R1B2RK1 b k - 0 13,-574.0,-235.0,d5e4,capture,24,0.169991,339.0,0
5rk1/2q4p/2pbbp2/8/3Pp3/4N1P1/4P1BP/3Q1RK1 w - - 0 22,140.0,282.0,g2e4,capture,18,0.144017,142.0,0
R1Q2b2/2p2rk1/2n3pp/2p5/5qP1/R6P/8/3K4 b - - 1 35,1404.0,5246.0,f4f1,quiet,15,0.000309,3842.0,0
5Q2/p6k/8/2P2p2/8/P2q4/1K4p1/8 w - - 0 43,-506.0,-1042.0,f8f7,quiet,9,0.049049,536.0,0
4k2r/1R1n4/2p1bP2/5np1/8/2q2NP1/5rBP/2BQ2K1 w k - 0 20,-443.0,220.0,g1f2,capture,18,0.707711,663.0,0
2r1kbr1/p1pnnp2/2b1p3/4B1pp/2BP2N1/P1N2P2/1P4PP/2KRR3 w - - 0 16,58.0,270.0,g4f6,quiet,26,0.242824,212.0,0
r3k2r/pbpp1p2/5np1/1P5p/1P1PP3/2N2Pq1/3KP3/R1BQ1B2 b kq - 0 12,371.0,421.0,d7d6,quiet,24,0.024280,50.0,0
1k6/1bp5/p2pRn2/1p6/7r/P5N1/1PP2P2/2K2B2 b - - 3 22,39.0,132.0,h4f4,quiet,16,0.125431,93.0,0
5rk1/5pp1/7p/qrp5/1nQp1b1P/1P3RP1/1B1P1N2/2K1R3 b - - 1 21,705.0,593.0,f4d6,quiet,21,0.014889,112.0,0
1k2rbr1/1bp1Bp2/ppq4p/5Q2/3P4/P1P2N2/1P1N1PPP/R3K2R w KQ - 3 14,78.0,288.0,e1c1,quiet,25,0.229548,210.0,0
3r3k/6p1/7p/5R2/5P1P/3p1BP1/7K/4r3 b - - 0 47,931.0,1189.0,d3d2,quiet,12,0.003618,258.0,0
2rqk2r/pb1n1pp1/4pn2/1Bb4p/8/PP2P2N/1B1R1PPP/1N1QK1R1 b - - 2 10,87.0,-176.0,f6d5,quiet,27,0.356284,263.0,0
8/R7/3n3p/1p6/p3k3/4P3/4K2P/8 w - - 6 49,364.0,346.0,a7a5,quiet,9,0.010524,18.0,0
r4rk1/pp2b1pp/2ppbn2/4p3/2P1n3/N3BNPP/PP3PB1/R3R1K1 b - - 2 12,365.0,348.0,f8e8,quiet,27,0.009873,17.0,0
8/5p2/k3r3/p5p1/R1P3P1/5KP1/8/8 w - - 9 50,-252.0,-297.0,f3f2,quiet,10,0.036698,45.0,0
r1bq1rk1/pp2nppp/2nb3P/PB1p4/1P1Pp3/2P5/5PP1/RNBQK1NR b KQ - 0 9,390.0,363.0,g7g6,quiet,30,0.014332,27.0,0
2bk4/4n3/pp1N4/2p5/5nB1/2P5/PP2R3/2K5 w - - 3 42,747.0,1147.0,e2e7,capture,14,0.012031,400.0,0
r1b1k2r/pp2n1p1/1q3p2/2bBp2P/2P5/P4N1P/1P2QP2/R1B1K2R w KQkq - 3 12,-66.0,27.0,b2b4,quiet,25,0.132633,93.0,0
8/8/2R3P1/1k1B4/p3P3/4K3/7r/6r1 w - - 1 47,-98.0,-303.0,e3d4,quiet,9,0.213812,205.0,0
2k5/7p/1p1n4/p2p4/P1rP2P1/2p2PKP/P7/2RR4 b - - 2 28,-886.0,-928.0,c8d7,quiet,17,0.001295,42.0,0
2kr4/1p1qn3/3b1R2/1P2n1p1/3pQ2r/3P4/P1NBN1K1/R7 w - - 0 22,-534.0,-1536.0,d2f4,quiet,20,0.044050,1002.0,0
r3kb1r/8/p2qpp1p/3p4/7P/PP2Q3/3N2P1/R4RK1 w kq - 0 16,-33.0,199.0,f1f6,capture,19,0.306043,232.0,0
6r1/8/3R4/kp3P2/4PK1n/P6P/5R2/6r1 b - - 10 53,187.0,85.0,h4g2,quiet,12,0.125882,102.0,0
r4rk1/pp4pp/3b4/4np2/1P1p4/3P3P/N1P2PP1/R1B1RK2 w - - 0 17,15.0,149.0,c1b2,quiet,22,0.180609,134.0,0
r2kbb1r/1pp1n1p1/p6p/4n3/PPBP1p2/NQP5/5PPP/q1B2RK1 w - - 0 16,-90.0,316.0,d4e5,capture,27,0.487150,406.0,0
r2k3r/1ppnn3/p2b1p1p/4p2q/4P2P/P1BP1N1B/1PK2Q2/R5R1 w - - 0 21,246.0,449.0,d3d4,quiet,25,0.125143,203.0,0
2kr4/pp2n3/2nq4/3bpp2/3p3Q/P2P3P/1PP1NN2/1K4R1 b - - 2 23,1388.0,1305.0,d8f8,quiet,21,0.000207,83.0,0
R7/2r3kp/2P3p1/P3p3/8/r6P/2R4K/8 b - - 0 48,-178.0,-101.0,e5e4,quiet,12,0.094487,77.0,0
5r2/1bp2rkp/p1n3p1/1pP1p3/4B2P/2P1RP2/P2N1K2/4R3 b - - 3 23,218.0,-41.0,g7h6,quiet,21,0.336880,259.0,0
2R5/6b1/2p5/1k6/4NP2/p4K2/r7/8 w - - 7 45,-396.0,-417.0,e4d6,quiet,9,0.009691,21.0,0
2r1kbn1/pp3p2/1q2p1p1/n2pP3/2rP4/P1N1BBPb/1P1QNP1P/3RR1K1 b - - 6 15,-345.0,59.0,a5b3,quiet,29,0.463418,404.0,0
1kb5/4r3/1ppp1np1/p3p1N1/P1P1Pn2/2NP4/1PK2P2/3B3R w - - 0 33,-19.0,54.0,c3e2,quiet,22,0.104408,73.0,0
1k1r4/1pp2pp1/2n5/2q5/2Pp4/1R1P1B2/1K3P2/4Q3 w - - 9 34,-616.0,-76.0,b3b5,quiet,16,0.364307,540.0,0
8/1k1r4/8/p2q4/Pp1P4/1P2p3/2P1Q3/1KR5 b - - 1 48,-199.0,-221.0,d7e7,quiet,13,0.022421,22.0,0
3r2k1/r5p1/p2p2B1/1p4PR/2b1N3/P3nN2/1PP3P1/2KR1n2 w - - 2 22,564.0,763.0,d1d6,capture,21,0.025225,199.0,0
1rb2b1r/p2kpn1p/1p3p2/3N2pP/P2P4/q2B4/2PQNPP1/1R2K2R b K - 1 16,-598.0,-476.0,a3d6,quiet,26,0.029652,122.0,0
4r3/1k4pp/1pR5/p7/7P/Pr1N2B1/8/R4K2 w - - 1 27,1368.0,1369.0,c6c7,quiet,14,0.000002,1.0,0
r2r2k1/2pn4/p3bppB/np2p3/4PPP1/2P4N/P1K5/R4B1R b - - 0 17,551.0,376.0,e6g4,capture,23,0.062750,175.0,0
4r1k1/pp4p1/2n3B1/7r/4p3/1P6/PBP5/3RK3 w - - 0 24,-549.0,1211.0,g6h5,capture,15,0.958375,1760.0,0
r3k2r/p1pnpb1p/1q3np1/1B3p2/QN6/2P1P3/P4PPP/R1B1K2R b KQkq - 6 11,-27.0,-90.0,c7c5,quiet,26,0.087921,63.0,0
8/1k1r4/2p5/2R5/1P3K2/2P5/8/8 w - - 35 55,98.0,91.0,f4f3,quiet,7,0.009364,7.0,0
r4bn1/pp1k2p1/8/np3bNr/2PPPB1P/P7/8/R3KB1R w KQ - 0 19,-69.0,148.0,e4f5,capture,22,0.298991,217.0,0
1n3k1r/rp4p1/1Np1b2p/p2p4/P2Pp3/P1N1P3/2P3PP/4KBR1 w - - 0 14,-457.0,-695.0,f1e2,quiet,24,0.049215,238.0,0
r2kq1nr/pppb4/2n1p2p/3pb3/P2P1B2/2P3P1/1P5P/RN1QKB1R w - - 0 13,-428.0,54.0,d4e5,capture,27,0.498655,482.0,0
4kb2/3b3p/2p1p3/p2p4/r4P2/B5P1/K1P1Q3/3R4 w - - 0 27,1202.0,1400.0,d1d3,quiet,16,0.000671,198.0,0
8/8/k7/2P5/1P5p/3p1Kp1/8/4B3 b - - 7 81,-429.0,-457.0,a6b5,quiet,8,0.010834,28.0,0
1r3b1k/2r2pp1/4p2p/2p1P2P/q2pQ3/3RP1PK/5P2/2BR4 b - - 0 36,602.0,255.0,c7d7,quiet,21,0.156949,347.0,0
8/k7/2p4P/p5B1/2n5/2P2B2/4K1pb/8 w - - 0 43,-85.0,526.0,f3g2,capture,11,0.573760,611.0,0
r4rk1/pp1b1pbp/4p1p1/3pP1P1/P4B2/2N5/1P5P/R3KB2 b - - 4 20,1353.0,1306.0,a8c8,quiet,22,0.000129,47.0,0
2rq1rk1/3nbpp1/p2p1n1p/1p1Pp3/2P3bP/2N1PN2/PBQ1BPP1/R4RK1 b - - 1 11,354.0,342.0,b5b4,quiet,30,0.007235,12.0,0
4R3/5pkp/2B2p2/2P5/7P/5PPK/2r5/8 b - - 4 34,-1688.0,-1228.0,c2c5,capture,12,0.000790,460.0,0
r4rk1/1p4p1/2pbp2p/3p3P/p2N4/2B1q1n1/1PP4Q/1K4R1 w - - 0 27,-2101.0,-2422.0,d4e6,capture,21,0.000005,321.0,0
3q1rk1/2pb1pp1/3b1n1p/1B2p3/1n2P2P/2N1BP2/1PP1N3/3QK2R w K - 3 13,-196.0,-171.0,b5d7,capture,24,0.027547,25.0,0
5rk1/2p3b1/7p/3b1p2/3P1B1q/4Q3/1P2B1P1/5RK1 b - - 3 24,20.0,8.0,f8d8,quiet,16,0.017240,12.0,0
4r2r/1ppk2pp/p2bpp2/8/1P2R3/2BP2P1/1P5P/1K2R3 w - - 4 22,-916.0,-969.0,e4h4,quiet,20,0.001337,53.0,0
3R1B2/p7/1pp4p/2PbQ3/6k1/6P1/1PK5/q7 w - - 3 41,1099.0,1197.0,c5b6,capture,14,0.000769,98.0,0
r7/2p3R1/P7/2p5/k2p1P2/3Pr3/P2KP3/1R6 b - - 4 43,-649.0,-623.0,a8e8,quiet,14,0.003660,26.0,0
3rk3/p4p2/p7/2q1P2r/P2NQ2b/2P1nP2/3KN3/R7 w - - 0 21,-1126.0,-711.0,e4e3,capture,18,0.014889,415.0,0
4Rn2/1pp5/3k3K/8/8/5P2/8/4r3 w - - 0 67,-1893.0,190.0,e8e1,capture,8,0.749065,2083.0,0
r1b1kbnr/1pp1q3/p4p2/3pP2p/Pn1N1p2/2P2N2/1P1Q2PP/R1B1KB1R b Kkq - 0 9,-132.0,260.0,f6e5,capture,29,0.498401,392.0,0
8/5k2/2r1p3/2bp1pQ1/8/1P3PPp/3B3P/1q1BKR2 w - - 0 30,511.0,583.0,g5h5,quiet,17,0.016439,72.0,0
4r1k1/pp3pbp/q5p1/3p4/P3n2P/2PbB1P1/5PB1/R2QK2R w - - 4 21,-791.0,-1365.0,a1c1,quiet,23,0.010035,574.0,0
r1bqkb1Q/p1p5/4p1p1/8/Np2p3/5n2/PPP2PKP/R1B2R2 b q - 3 12,251.0,213.0,c8a6,quiet,23,0.036068,38.0,0
2R5/2p1Rppr/p7/pk5p/r7/4B2P/2b3P1/6K1 w - - 2 28,-377.0,72.0,e7c7,capture,16,0.499698,449.0,0
1n2k3/5r1p/4P1pQ/1p1p4/3PbR1P/4qNK1/8/8 b - - 0 32,642.0,2368.0,f7f4,capture,16,0.024228,1726.0,0
2k5/pppnn3/5p2/3p4/3P4/N3B2r/PPP1K3/5R2 b - - 7 21,404.0,338.0,h3h2,quiet,17,0.036001,66.0,0
r4rk1/1b1pb1pp/pqn1pn2/1p3p2/5P2/3PPB2/PBP2NPP/RN1QR1K1 b - - 2 10,280.0,230.0,f6d5,quiet,30,0.043818,50.0,0
r3k2r/p3b1pp/2p5/5b2/P3p2P/2n1P3/3N1PP1/1RB1KB1R w K - 4 13,-45.0,-44.0,b1b7,quiet,22,0.001416,1.0,0
8/3kp3/p7/3nrP1R/P4R2/5K2/7P/8 b - - 0 41,-1044.0,-116.0,d5f4,capture,11,0.336552,928.0,0
8/5kp1/8/3p3p/2pN1Pb1/2P5/3K2Pr/6R1 b - - 1 31,311.0,252.0,h5h4,quiet,13,0.046864,59.0,0
8/8/8/8/K7/Pn6/1P5k/8 b - - 0 69,-261.0,-362.0,b3d4,quiet,5,0.071385,101.0,0
8/6pk/p1R2p1p/8/PP1pr2P/6K1/3Bb3/8 b - - 2 35,692.0,688.0,h7g6,quiet,14,0.000418,4.0,0
2kr1b1r/1bpqn1pp/p1np4/1p1N4/4QN2/1P6/PB3PPP/1K1R1B1R b - - 2 11,11.0,230.0,e7d5,capture,27,0.274019,219.0,0
r3k2r/2qnn2p/1pppBpp1/4p3/3PP3/1QP2N2/5PPP/2R2RK1 b kq - 1 15,-157.0,-196.0,e8f8,quiet,25,0.043796,39.0,0
r3kb1r/3n1ppp/4pn2/1P6/pp1PpB1P/8/1P1NNPP1/R3K2R w Qkq - 0 13,-249.0,-405.0,f4g5,quiet,25,0.104018,156.0,0
r2qk2r/1bp1b3/pp2p2p/1P1pP2P/P5P1/1nPP3R/3BQ1B1/RN2K3 w Qkq - 1 16,-46.0,-91.0,b5a6,capture,27,0.062230,45.0,0
7r/6RP/3nk1b1/8/2p5/8/8/5RK1 w - - 0 42,-199.0,990.0,g7g6,capture,9,0.755356,1189.0,0
7k/2r3p1/4q2p/p2pPp1P/1b1P1P2/1Pr1BQ1P/P5RK/6R1 w - - 7 48,354.0,318.0,f3e2,quiet,22,0.022880,36.0,0
7r/2p2kpp/3bp3/1B6/3P4/1P2nP2/2n1NR1P/q1Q4K w - - 0 22,-953.0,-1343.0,c1a1,capture,19,0.003689,390.0,0
8/8/3p2R1/2pP4/2r5/5k2/6p1/3K4 w - - 0 58,-1361.0,-2487.0,g6f6,quiet,8,0.000395,1126.0,0
2kr1b1r/ppp1q1pp/1P3p2/3p4/1P1P3n/N4P2/PB2BP1P/R2Q1K1R b - - 0 11,-554.0,-612.0,a7b6,capture,27,0.010913,58.0,0
r5k1/p4pb1/1pr1p1p1/3q2Pp/3pR2P/P2P2B1/1PP2P2/1R1Q2K1 w - - 3 18,-182.0,-277.0,d1e2,quiet,24,0.090925,95.0,0
r2q1k2/1p2bpp1/2npb3/pB6/8/P1N1QN2/1PP2P2/2KR4 w - - 0 19,264.0,145.0,d1h1,quiet,21,0.123150,119.0,0
rr6/3P3k/p5pp/2N2p2/P1N1p3/B1b5/5K1P/3R4 w - - 2 31,900.0,872.0,f2e2,quiet,17,0.000972,28.0,0
2bk2nr/3r1pbp/p1n1p1p1/1pP5/1P2PP2/P1p5/2P1N1PP/R1B1KB1R w KQ - 1 14,-770.0,-810.0,h2h4,quiet,28,0.002393,40.0,0
2r1rbk1/B2b1p2/2q3p1/7Q/P4N2/6P1/5P2/R2R2K1 w - - 0 24,-140.0,-70.0,h5d5,quiet,17,0.091839,70.0,0
1n2k2r/1bp1n2p/1p1p4/r3pp2/P1P1P1pq/2NP3P/1Q3PP1/R3KBNR w KQ - 0 12,-123.0,-35.0,g2g3,quiet,28,0.119770,88.0,0
r1bqkn2/1p2b1Qr/p3pp2/3p4/2PP3p/1P4P1/P2N1PB1/R1B1R1K1 w q - 1 15,230.0,209.0,g7g8,quiet,26,0.020768,21.0,0
5rk1/p3b2p/8/2pnB3/P4p2/5N2/1P2RPrP/2KR4 w - - 0 24,351.0,1534.0,d1d5,capture,18,0.116919,1183.0,0
3r1rk1/p1q2pp1/1p1b4/4p2p/N1Ppn2P/1P1Q2PB/PB1P1P2/4RK2 w - - 0 18,-494.0,510.0,d3e4,capture,26,0.894580,1004.0,0
2r2rk1/1pp2ppp/pnb1pn2/8/1q1PPPP1/2N2N1P/2Q3B1/R4RK1 b - - 0 19,318.0,288.0,b6c4,quiet,26,0.021877,30.0,0
rn1q1rk1/6pp/3b1n2/pB1p1b2/R7/NQP2N2/1P3PPP/2B1K2R b K - 6 12,-9.0,86.0,b8d7,quiet,25,0.134246,95.0,0
r4r2/p3n1pk/2q4p/BpP1pp2/4N3/3Q2P1/7K/2RR4 b - - 0 35,5.0,1191.0,f5e4,capture,19,0.491753,1186.0,0
8/5p2/1q3N2/4n3/7k/8/1P3R2/6K1 w - - 10 57,-994.0,-1158.0,g1f1,quiet,8,0.001991,164.0,0
2r3k1/1p3ppp/p7/8/1P6/b1P1P3/4NPPP/3R2K1 b - - 0 22,-341.0,-431.0,a3b2,quiet,17,0.045949,90.0,0
4r1k1/5pp1/rb6/1p1p3p/1P1N3P/1NPb4/p4KP1/R2B3R b - - 1 27,16.0,144.0,a6a3,quiet,21,0.173119,128.0,0
8/8/1P6/1rk5/8/K7/2B5/8 w - - 0 80,-55.0,-6.0,c2d3,quiet,5,0.069863,49.0,0
r1b1kb2/pp2p1pr/1npq1nN1/5p2/P1BPp3/6R1/1PP2P1P/1NBQK2R w Kq - 10 10,-92.0,-110.0,c4e2,quiet,29,0.023829,18.0,0
r4rk1/ppp3pp/1Nn2p2/4n3/4N1bP/2P5/PP2PPP1/R1BK1B1R b - - 0 11,-652.0,-6.0,a7b6,capture,26,0.468461,646.0,0
rn3rk1/qp2bpp1/4pn2/2Pp3p/5B1P/P2PPPP1/3QN3/RN2K2R b KQ - 0 14,433.0,204.0,a7c5,capture,27,0.159693,229.0,0
8/6p1/8/4r2p/p6P/k2K4/8/6R1 b - - 1 47,996.0,722.0,a3b3,quiet,8,0.012200,274.0,0
2k4r/p1p1r3/2p2p1p/3b2pN/7n/1P1N3P/P4P2/R4KR1 b - - 5 26,1029.0,1122.0,d5f3,quiet,20,0.001105,93.0,0
r3k2r/pp1n1pp1/3bpn1p/q2p1b2/2P5/1PN2N2/PB2BPPP/2QR1RK1 w q - 0 12,69.0,483.0,c4d5,capture,29,0.343592,414.0,0
5rk1/3nbppp/b3p3/2Pp1n2/2q1P3/PNN3PP/1BP2PB1/3Q1RK1 b - - 0 17,-75.0,-387.0,d5d4,quiet,26,0.296426,312.0,0
8/8/1P1R4/8/p1k5/r7/3K4/8 b - - 0 77,-76.0,-6.0,a3b3,quiet,6,0.099027,70.0,0
1kb1r3/pp2q2r/2p3n1/7N/4Pp2/P1R4P/P3Q1P1/3B1RK1 b - - 1 25,318.0,263.0,e7d6,quiet,21,0.042182,55.0,0
r3kb1r/1ppb1q2/2n2npp/p3p3/4N2P/2PPBP2/PP6/R2QKBNR b kq - 3 10,338.0,464.0,f8e7,quiet,28,0.060318,126.0,0
1r1q1r1k/1p3n1p/pNpb1p2/P2p1b2/1n1P4/2P3Pp/1P2RP1N/R1BQ1BK1 b - - 0 18,52.0,335.0,b4d3,quiet,29,0.298794,283.0,0
8/1kb5/pr6/8/8/8/Q1K5/8 b - - 17 60,3.0,4.0,c7d8,quiet,6,0.001439,1.0,0
2r2q2/4k3/p2ppnQp/R7/1nP4r/2N2P2/1P2BP1P/4K1R1 w - - 6 25,314.0,344.0,g6g3,quiet,21,0.019642,30.0,0
4r1k1/1pB3p1/p6p/3P1q2/2Pr4/1P5P/P5B1/5RK1 w - - 0 23,-1788.0,1299.0,f1f5,capture,17,0.999401,3087.0,0
8/1r4k1/R6p/6p1/5P2/6PK/8/8 w - - 3 46,19.0,65.0,f4f5,quiet,8,0.065150,46.0,0
2rq1rk1/1b1n1pbp/p3p1p1/1p6/3PBN2/1P4P1/PBP1QP1P/R4RK1 b - - 0 12,28.0,-71.0,b7e4,capture,27,0.140986,99.0,0
1R6/3rkp2/4p3/7R/1p6/1nBP4/4PP2/5K2 b - - 0 31,-1570.0,-1329.0,b4c3,capture,13,0.000357,241.0,0
1r3k2/2r2Pp1/R1pN2R1/4p2p/4K2P/3P1P2/8/2n5 w - - 0 32,567.0,967.0,g6e6,quiet,16,0.033021,400.0,0
r3kb1r/1p4R1/p1pp1n2/q1n1pB1b/4P2P/1P3N2/PBPNQP2/R3K3 w Qkq - 7 14,97.0,150.0,g7g5,quiet,27,0.067308,53.0,0
8/6pk/p7/1r1R1b2/2p2P1p/5N1P/6P1/6K1 w - - 0 41,-336.0,-339.0,f3g5,quiet,13,0.001893,3.0,0
1r3r1k/q4ppb/4p2p/2bpP2P/p1p5/P1B1PBP1/R1P1QP1K/3R4 w - - 17 35,-365.0,-343.0,f3g2,quiet,26,0.012921,22.0,0
1k6/ppp3p1/1q6/3Pb2p/P5bP/4Q1P1/1PR3B1/4K2R b - - 0 23,-927.0,3222.0,b6e3,capture,19,0.995209,4149.0,0
2kr2nr/ppp2qpp/5p2/4p3/3nP3/P2PB2P/P4P1P/R1Q1KB1R w KQ - 3 9,-502.0,-427.0,e3d4,capture,26,0.026192,75.0,0
r3r1k1/pp3pp1/4bn1p/2bnN3/5P2/2P1N1P1/PP2R1BP/R1B3K1 w - - 1 17,-16.0,-33.0,c3c4,quiet,25,0.024339,17.0,0
2rqrbk1/1b1n1pp1/p6p/4p3/1PNp3n/3P1N2/3B1PP1/R2QRBK1 w - - 0 17,-535.0,-272.0,f3e5,capture,26,0.128870,263.0,0
r1b3r1/2kn1ppp/2p3n1/8/1b1B3P/PPN2P2/5KP1/R4BNR b - - 0 15,-200.0,-4.0,a8a3,capture,23,0.253991,196.0,0
8/6k1/6pp/3P4/4RpP1/4p2K/3r4/8 b - - 1 47,995.0,1378.0,d2d5,capture,10,0.002885,383.0,0
8/1k6/p1p5/7p/KP3n2/P4B2/8/8 b - - 2 47,193.0,373.0,h5h4,quiet,9,0.143088,180.0,0
r2qk2r/4nppp/npp1p3/6P1/1b1PbN2/P1N5/1B5P/2RQKBR1 b kq - 0 11,430.0,507.0,b4c3,capture,26,0.026364,77.0,0
4r3/p5q1/kp1n3p/2pQ1p2/8/P6P/P3PP1K/2B2R2 b - - 4 22,352.0,255.0,g7d4,quiet,18,0.070791,97.0,0
2rq1rk1/Q2b1pp1/4p3/2p4p/1n3P2/3BPN1P/PP2K1P1/R1R5 w - - 1 15,35.0,20.0,d3c4,quiet,23,0.021449,15.0,0
r1q1k2r/pp2npp1/2n1p3/2bp3p/5B1P/1QP2PP1/PP1N1P2/R3KB1R b KQq - 0 10,70.0,52.0,e6e5,quiet,28,0.025117,18.0,0
2r1k2r/pq1p1pp1/3b4/1P2n3/P1p3p1/8/1P2PP1P/RN1QR1K1 w k - 0 17,-1184.0,74.0,d1d6,capture,23,0.603818,1258.0,0
4k2r/2r1bpp1/1NP1p3/1P2PP1p/p3q3/P3B2P/3Q2P1/3R2K1 b - - 0 30,-1183.0,-1178.0,e4e5,capture,22,0.000032,5.0,0
3r4/4r1p1/1pkn1b1p/p1pp1p1P/P7/1P1BP1P1/5P2/2RRBK2 w - - 28 47,-227.0,-225.0,d3e2,quiet,23,0.001937,2.0,0
r1bqkb1r/1p2np2/4pn2/p7/3P1N1p/2P2P1B/PP2Q3/RNB1K2R w KQk - 3 12,60.0,136.0,b1a3,quiet,26,0.100802,76.0,0
8/5kp1/4n2p/5N2/4K1P1/8/8/8 w - - 2 62,-63.0,-89.0,e4f3,quiet,7,0.035668,26.0,0
r4bnr/1pp2kp1/p6p/3qpp2/1P2NP2/P2P3P/2P1Q2P/R1B2RK1 b - - 0 9,25.0,154.0,f5e4,capture,26,0.172250,129.0,0
8/8/1p6/1p5R/2p3KP/P1r5/1k6/8 w - - 0 50,-791.0,-206.0,h5b5,capture,9,0.223583,585.0,0
2rq1rk1/pQ2ppbp/2np2p1/3N2Bn/2P3b1/P7/1P2PPB1/R3K1NR b KQ - 2 9,498.0,578.0,f8e8,quiet,27,0.019175,80.0,0
r2q1nk1/pbb3p1/2R1p3/1p3p2/3P1P1p/3N3P/PP4B1/3Q1RK1 w - - 1 19,33.0,-148.0,c6c2,quiet,23,0.248326,181.0,0
r3k2q/3b4/3p1p2/p1pPpP2/2BnP3/1P2B3/P5Q1/2KR4 b - - 2 26,-83.0,-454.0,e8d8,quiet,20,0.314496,371.0,0
2k3r1/1q1r4/npp1pp2/3p1p2/P2PnB1p/1Q1N3P/1R4P1/2R3K1 w - - 2 22,113.0,498.0,b3b6,capture,23,0.289058,385.0,0
5r2/5p2/k1q3pp/p3P3/P1p1pP2/2p1r2P/2Q2R2/3R2K1 w - - 0 38,-606.0,746.0,d1d6,quiet,19,0.956894,1352.0,0
r2qkbr1/pp5p/n1n1b3/1N1pN3/P5P1/8/1B1PP1B1/2RQK2R b q - 0 15,-127.0,-252.0,c6e5,capture,24,0.135055,125.0,0
r6r/p1q2k1p/p1pRn1p1/3p1p2/N4P1Q/BP1P4/2P3PP/6K1 w - - 3 17,139.0,-141.0,c2c4,quiet,23,0.382470,280.0,0
rn1q1rk1/p2p2pp/1p2p3/5p2/2B2P2/1PN1Q1PP/PB6/R3K2n w Q - 0 12,-13.0,453.0,e1c1,quiet,24,0.450054,466.0,0
r1bbk1nr/1qp5/p1np2pp/1p1NppN1/1P3P2/1BP5/P3Q1P1/R1B2K1R b kq - 0 12,123.0,233.0,g8f6,quiet,29,0.122727,110.0,0
2k1r2r/pbpq1p1p/1p1p2p1/3P3n/P7/2P2BP1/2P2P1P/R1BQR1K1 w - - 1 16,266.0,198.0,e1e8,capture,26,0.064545,68.0,0
1kr1b3/p7/3b1B1p/5Rp1/1Pp2p2/8/P2P2PP/5R1K b - - 0 29,-413.0,-510.0,e8g6,quiet,18,0.034499,97.0,0
r4r1k/1p4bp/2p2qp1/3npb2/2N5/1PP2PP1/P3QBBP/R3K2R w KQ - 6 18,-85.0,-115.0,e1g1,quiet,25,0.039767,30.0,0
3r3k/p1p2R1p/2n4q/4p3/2Q1N3/1PP5/P3N1PP/7K b - - 4 22,-1419.0,-1562.0,d8d1,quiet,18,0.000159,143.0,0
2kr2r1/1p2n2p/p1p5/1P2N2p/2P2p2/3p4/P2P2B1/R4RK1 w - - 2 22,639.0,804.0,b5a6,capture,20,0.014964,165.0,0
3rn1k1/1R2pp1p/2Nq2p1/2p5/r1b2PP1/p1Q5/P3P1BP/5RK1 b - - 0 26,38.0,-437.0,e8f6,quiet,23,0.479696,475.0,0
7b/4k3/8/r6P/5R2/8/2N1K3/8 w - - 3 56,-15.0,-7.0,c2e3,quiet,7,0.011501,8.0,0
r4b1r/5pp1/1nk2p2/p2p1N1p/5B1P/P1P5/1P3PP1/2KR3R b - - 3 18,-237.0,-237.0,g7g6,quiet,22,0.000000,0.0,0
8/5k2/p4p2/1p1r3p/4KP2/P5R1/8/8 b - - 1 64,784.0,953.0,d5c5,quiet,10,0.006718,169.0,0
r3k1r1/pp3ppp/2n1b3/3p4/1P2n2q/P3QR2/1BP2PP1/2KR1BN1 w - - 2 14,388.0,469.0,g1e2,quiet,25,0.033795,81.0,0
4k2r/p2bq3/1p1p4/2pB4/2Pp1P2/P5R1/1P2N2p/1K2Q3 w k - 0 33,175.0,60.0,b1a2,quiet,19,0.147009,115.0,0
b7/6k1/3np3/7R/3PpPP1/8/5K2/8 w - - 1 47,-35.0,-39.0,f2g3,quiet,10,0.005692,4.0,0
8/5k2/8/4P3/4b3/7P/5KP1/8 w - - 12 64,190.0,141.0,h3h4,quiet,6,0.056620,49.0,0
1k1r1bnr/2pq1pp1/bp2p2p/3pP2P/Pp1P4/2P4R/3NNPP1/R1BQK3 w Q - 0 11,-46.0,146.0,a4a5,quiet,29,0.264374,192.0,0
r1b3k1/1p3Rb1/2pq3p/8/PpPpBN2/1Q2p1P1/1P2P3/1K6 w - - 2 27,91.0,1779.0,c4c5,quiet,21,0.371920,1688.0,0
1b1q4/3b1ppk/5n2/2Pp4/3Pp2p/1P2N1P1/3BBP1P/R5K1 w - - 0 28,-970.0,-783.0,b3b4,quiet,21,0.007163,187.0,0
2rr1bk1/p2b1pp1/7p/2PNp3/1P2B2P/6P1/5P2/R3R2K b - - 0 26,-366.0,-123.0,d7e6,quiet,20,0.221600,243.0,0
3rkr2/1b3n1p/1p2BQ2/pP1NpP2/1bq4P/3n4/PB1P1NP1/R4RK1 w - - 5 19,815.0,1098.0,a1c1,quiet,26,0.007294,283.0,0
rn2k2r/1pq1nppp/p3p1b1/P1pp4/1b1PPN1P/1PNQ1P2/2PB4/R3KB1R b KQkq - 0 10,392.0,620.0,d5e4,capture,31,0.067376,228.0,0
6k1/4pp1p/n1B3p1/2pPP1P1/7P/prN5/8/R5K1 w - - 3 29,579.0,574.0,c3b5,quiet,17,0.000971,5.0,0
1k2r3/3r1n1p/Q2nq1p1/1PB2p2/7P/N4P2/P5P1/3R2K1 w - - 3 25,150.0,-211.0,c5f2,quiet,19,0.474499,361.0,0
2q3k1/1r3pb1/r3pnp1/3pN2p/p1pP2P1/P1N1PQ1P/1PPR1PK1/1R6 b - - 0 17,-151.0,-157.0,a6a7,quiet,27,0.007138,6.0,0
r1bq1rk1/1p2npp1/2p4p/3p1n2/Pb1Pp3/1NN1P1P1/1BP1BP1P/R2Q1K1R b - - 8 17,506.0,428.0,b7b6,quiet,30,0.026912,78.0,0
r6k/P7/R6P/5nP1/8/5K2/8/8 b - - 6 51,-468.0,-659.0,f5d4,quiet,8,0.041306,191.0,0
8/8/5p2/8/5k1P/8/4K1P1/8 b - - 0 68,-337.0,-49.0,f4g4,quiet,5,0.304291,288.0,0
2r5/5pk1/1q2b1p1/3nP3/1B1RN1Pr/5P2/2P3B1/Q5K1 w - - 3 27,28.0,-71.0,b4e1,quiet,18,0.140986,99.0,0
r1b2rk1/1pb2p2/2p2n1p/p1n5/2B2PpP/P1N1P1N1/1P1B2P1/R2K3R w - - 3 13,-109.0,-131.0,a3a4,quiet,26,0.028159,22.0,0
5r1k/pp4bp/2r4p/3N4/P1Pp1Pq1/1P1Q4/6P1/4RK1R w - - 1 22,240.0,453.0,g2g3,quiet,20,0.132114,213.0,0
8/4k3/2P1b3/8/1P6/5B2/8/4qQK1 b - - 16 78,-243.0,-102.0,e1b4,capture,8,0.159284,141.0,0
7r/p7/p1k1b3/2Bp1p2/3Pp3/1P6/P1PPN2r/R2K2R1 w - - 4 26,974.0,962.0,e2f4,quiet,19,0.000261,12.0,0
k7/4r3/7B/2Q5/7P/6P1/5PK1/3qbR2 w - - 2 45,1615.0,3631.0,c5e7,capture,11,0.000092,2016.0,0
Q2R4/6kp/2p1r3/1p4p1/8/P6P/2P3n1/7K b - - 0 43,-1268.0,-1606.0,g2e1,quiet,13,0.000579,338.0,0
1k2n3/1p6/p1pb1p2/2Np1P2/P2P2Pn/1P5B/2P5/1KB5 w - - 3 32,612.0,464.0,c2c3,quiet,19,0.036040,148.0,0
3rkb1r/pb5p/n1p2p1n/1p2q1pP/1P6/P1PBBN2/5PP1/RN1QK2R b KQk - 5 10,-170.0,-200.0,e5d5,quiet,28,0.032917,30.0,0
r1bnkbnr/pp3pp1/2p5/4N3/4PP2/PPN4p/R1P4P/2B1KB1R w Kkq - 0 10,-18.0,60.0,f4f5,quiet,26,0.111380,78.0,0
1k6/1pb5/4PK2/8/q7/4N3/8/3R4 b - - 2 48,1018.0,1331.0,a4f4,quiet,8,0.002373,313.0,0
r3k1r1/1ppqbp2/p6p/2n1Q3/3pPB2/6P1/PPPNK2P/R4R2 b - - 0 19,213.0,169.0,d4d3,quiet,24,0.047454,44.0,0
r5nR/2p1p3/5pk1/2BP1b2/6p1/8/2n1B3/2R3K1 b - - 1 27,232.0,26.0,a8b8,quiet,15,0.254402,206.0,0
1rb1k2r/q1p2p1p/5p2/1p2P3/2p5/1nB2P2/2Q1N1PP/4KB1R w k - 0 19,-815.0,-860.0,c2e4,quiet,22,0.002060,45.0,0
rnb1k2r/pp1p2bp/2pq1np1/8/1PP1pN1Q/P3P2R/3P1N2/R1B1KB2 b Q - 0 11,88.0,435.0,d6e5,quiet,28,0.300424,347.0,0
2k5/1p4R1/1Bpb4/6Pp/4b2n/P4r1P/1P6/3R2K1 w - - 0 29,-452.0,1241.0,d1d6,capture,16,0.930196,1693.0,0
2k5/2p2p2/1p5B/1P1q4/3P2p1/1P2P3/3K4/2R5 b - - 1 33,747.0,778.0,d5b5,capture,13,0.002163,31.0,0
r1bqkb1r/ppn5/2p1pp2/5npp/2BP4/P1N1PN1P/1P1Q1PP1/R1B1K2R w KQkq - 1 9,181.0,328.0,e3e4,quiet,30,0.129321,147.0,0
2r3k1/5p2/4p2p/p2p4/3P3n/P1P3B1/5PP1/1R4K1 b - - 0 32,-57.0,54.0,h4f5,quiet,16,0.158394,111.0,0
r1bqkb1r/p1p4p/4p1p1/1p2Pp2/4P3/8/PPQ1P1BP/RNB1K2R b KQkq - 0 9,-543.0,-397.0,d8h4,quiet,26,0.050289,146.0,0
8/1p2r1k1/p7/2N3pp/PPP5/b4PP1/2R5/5K2 w - - 3 40,336.0,43.0,c5e4,quiet,15,0.312142,293.0,0
r2k3r/1pp1n3/p2b3p/4N3/q3P2P/P1B5/1P3Q2/2KR2R1 b - - 2 27,-690.0,-1047.0,h8e8,quiet,20,0.016081,357.0,0
8/3k4/4p1pp/1P2p3/3bNnK1/7P/8/3B4 b - - 21 55,396.0,368.0,d7e8,quiet,12,0.014493,28.0,0
3r2k1/pp3pp1/P1p1r3/3N3p/6bP/6P1/1PPb2BK/R4R2 b - - 0 21,605.0,700.0,b7b5,quiet,21,0.012338,95.0,0
r1b1kq1r/p1pp4/4p2p/2p1Q1B1/8/2N5/PPn2PPP/2R2RK1 b - - 1 16,-645.0,-69.0,h6g5,capture,23,0.378162,576.0,0
8/6k1/p1p2p2/1r3B2/3p2p1/P2P1PP1/3NP3/5KN1 w - - 0 35,1796.0,2411.0,f3g4,capture,16,0.000031,615.0,0
2r1kbnr/pb1p1ppp/q3p3/8/1n2P3/1Q1P3N/P2B1PPP/1R2KB1R w Kk - 4 9,-899.0,-140.0,d2b4,capture,27,0.303140,759.0,0
2rR4/7k/1n3Bp1/p5P1/P4P2/6K1/8/8 w - - 3 46,716.0,746.0,d8d6,quiet,11,0.002497,30.0,0
r4rk1/pp2qnpp/8/5p2/P4n2/4pN1P/Q5PK/2R2B1R w - - 0 19,-661.0,-726.0,g2g3,quiet,21,0.006694,65.0,0
2r1k2r/3bnp1p/pp1Q1Rp1/1P1pP3/3P3q/P1N2B2/8/2BK4 b k - 0 19,234.0,1161.0,h4d4,capture,22,0.205109,927.0,0
1r3k2/K4p2/2PR4/6R1/5P1p/8/8/2r5 b - - 3 58,-96.0,93.0,b8b2,quiet,10,0.265474,189.0,0
1r1r3k/6p1/Q3pp1p/4n3/2nq3P/6P1/R2B1PB1/3R2K1 b - - 4 35,510.0,1043.0,d4g4,quiet,19,0.047949,533.0,0
1kr5/8/3n1p2/p1p5/PbP3PR/1N3P1P/8/2R2K2 b - - 1 36,-1237.0,-1335.0,d6f7,quiet,16,0.000348,98.0,0
8/8/2k5/p7/8/1P6/1K5R/4r3 w - - 6 75,7.0,18.0,b2a3,quiet,6,0.015808,11.0,0
1r2r3/2p1kpp1/4q2p/3pnb2/PP2B3/2P3P1/4Q2P/RNB2RK1 b - - 0 17,-429.0,241.0,d5e4,capture,23,0.722139,670.0,0
r7/r2k4/4pp2/n2p2p1/3P2Pp/2PNBPbP/8/R2K3R b - - 0 34,326.0,427.0,a5c4,quiet,20,0.053924,101.0,0
8/8/3K4/1p5k/1P5P/8/8/8 w - - 0 65,955.0,1967.0,d6c6,quiet,5,0.004069,1012.0,0
B3k2r/p2bn3/1p1q1p2/1P5P/2pP1N2/4P3/PQ5P/5KR1 b k - 0 20,-65.0,-403.0,e7f5,quiet,20,0.318042,338.0,0
rb3Q2/1p1q3k/4p3/3p2p1/p2pb3/B3P2P/2r2PP1/R5KR w - - 2 28,-778.0,-1400.0,f8f6,quiet,21,0.010907,622.0,0
r4rk1/1p2b1p1/4qn1p/8/1pPP1R2/1Q3NPP/3N1PK1/1R6 b - - 2 20,-520.0,-469.0,a8a3,quiet,21,0.015260,51.0,0
r5k1/8/7p/8/p3R3/2r5/5PPP/1R4K1 b - - 0 39,-52.0,-15.0,a4a3,quiet,11,0.052707,37.0,0
3r1rk1/p1q1bpp1/b1n2n1p/4p2P/P1N1P3/1QP2N2/1P2BPP1/R1B1K2R b KQ - 0 13,41.0,208.0,f6e4,capture,28,0.209321,167.0,0
r2n3r/2k3Np/p2p4/1p1B4/2pPP1Q1/2P5/5P2/R3K3 b Q - 1 22,-2260.0,-2449.0,h7h5,quiet,18,0.000001,189.0,0
7k/4R1pp/3b4/1p6/1P1B4/P5P1/5P1P/6K1 b - - 0 31,-3433.0,-943.0,d6e7,capture,13,0.004371,2490.0,0
1k1r4/pppb4/8/3Q4/5q2/1PK5/P1P2n2/R6R b - - 5 32,1125.0,2164.0,f4f6,quiet,15,0.001534,1039.0,0
4k1r1/p4p2/p1R5/7p/P4Pn1/1r6/4K1P1/6NR b - - 4 25,395.0,450.0,b3b2,quiet,15,0.023558,55.0,0
2r2k2/4n1p1/1p6/1QbP1P2/1p2P3/8/P3K1Bq/2R1B3 w - - 1 29,-18.0,-738.0,e2d1,quiet,17,0.460031,720.0,0
5k2/3p1N2/b2N1np1/p1Kp1P1p/1r6/8/6PP/4R3 b - - 2 29,303.0,521.0,g6f5,capture,16,0.101313,218.0,0
8/8/5K2/1QP1p2p/3p4/k7/7r/8 b - - 0 56,-948.0,-1235.0,e5e4,quiet,8,0.003431,287.0,0
1rb2rk1/2pp2p1/2nqp3/p4p1p/P2P2nP/2Q1PN2/1P1NBPP1/2R2RK1 w - - 0 13,202.0,176.0,e2b5,quiet,28,0.028208,26.0,0
6K1/Q5B1/P1q5/7r/4p3/k3Pn2/5P2/8 b - - 2 61,1082.0,1081.0,c6e8,quiet,11,0.000011,1.0,0
1r1qk3/5p1p/2n1bnr1/p1bp2p1/8/P1NQ1N1P/1BP2PB1/2KRR3 w - - 6 14,15.0,-104.0,f3e5,quiet,25,0.166926,119.0,0
2k3nr/1bp2pb1/1p2p1n1/6B1/p6p/2P2P1N/PP2BNPP/4K1R1 w - - 0 17,-103.0,-134.0,a2a3,quiet,24,0.039782,31.0,0
rnbqk2r/4b1pp/2p1pn2/p4p1P/Pp1P1P2/1Q2PN2/3N2P1/R1B1KB1R w KQ - 1 11,-35.0,73.0,c1b2,quiet,29,0.153736,108.0,0
r1b1k2r/ppp2pb1/3p1n1p/4q1p1/P1B1P3/2P2N1P/1P2QPP1/R1B2RK1 b q - 1 11,-258.0,-107.0,e5e4,capture,28,0.166057,151.0,0
r1bq1rk1/1ppnb2p/4p2B/4PNpP/p5p1/2P1Q3/P2N1P2/R3KB1R b KQ - 0 15,-579.0,392.0,f8f5,capture,27,0.870756,971.0,0
r3k1r1/4p2p/1qbp1n2/p1n4P/3R4/2P1BP2/2P3P1/3QKB1R w Kq - 3 15,-807.0,-719.0,d4d2,quiet,22,0.006177,88.0,0
2r3k1/6bp/4Npp1/3qn3/5P2/8/R1p3PP/2R3K1 w - - 0 32,-1972.0,-2647.0,a2a1,quiet,16,0.000012,675.0,0
r1bq1rk1/pp2b1pp/2np1n2/4pp2/2P5/3B1P1N/PPNB2PP/R2Q1R1K b - - 1 12,299.0,302.0,h7h6,quiet,29,0.002209,3.0,0
r3k2r/pp1qbppp/3p1n2/2pPn3/P1P5/1PN3N1/5PPP/R1BQK2R b KQ - 1 9,-211.0,-202.0,h7h5,quiet,28,0.009272,9.0,0
r3kb1r/ppp2p1p/2n1bp2/2Pp3q/3P1B2/2N2N2/PP2P1BP/R2Q1K1R w - - 2 9,890.0,1024.0,d1b3,quiet,28,0.003175,134.0,0
2kr1b1r/1pp2p2/2n1b2p/p2qp1P1/3p3R/3P1N2/PPP1QP2/R1B1KB2 w Q - 1 10,-563.0,-394.0,g5h6,capture,27,0.056148,169.0,0
3q1r2/1p1nk3/r7/P1p2PN1/1p1p1Q1P/2nP4/2P3R1/R5K1 b - - 0 25,215.0,250.0,d8b8,quiet,20,0.033165,35.0,0
7k/6p1/3N1b1p/2B2P1P/p3B1P1/P3K3/br6/8 w - - 1 43,-662.0,-613.0,e3f4,quiet,15,0.006854,49.0,0
2r2rk1/1p2qpb1/4bnp1/pN1p3p/P4B1P/1R3PP1/1PP1B1K1/3Q3R b - - 3 18,80.0,59.0,d5d4,quiet,26,0.029036,21.0,0
k7/7R/p7/P3r3/8/KP6/8/8 w - - 6 53,5.0,0.0,h7h8,quiet,7,0.007195,5.0,0
3r3r/pp3k2/5q2/7P/P1P3Q1/1P2R1P1/4B3/2B1K2b b - - 0 23,-668.0,-606.0,h8h6,quiet,17,0.008712,62.0,0
6k1/1R3ppp/1b6/6P1/5B2/3K4/1r6/8 b - - 12 41,245.0,45.0,b6d4,quiet,10,0.239418,200.0,0
1b6/5k2/8/5pPR/3B4/4P1P1/5PK1/2r5 w - - 1 58,1306.0,1773.0,h5h6,quiet,11,0.000506,467.0,0
r1b4r/p3qk2/2p1p1n1/5n2/4NP1p/7R/P1PQBKP1/3R4 w - - 1 19,-379.0,-341.0,e2g4,quiet,21,0.021742,38.0,0
3rk3/Qp2n3/2p1q1p1/4Nr1p/8/2B2P2/PPP5/1K2R3 w - - 1 27,71.0,219.0,a7b7,capture,18,0.178362,148.0,0
rr4k1/2b4p/2P1p3/pP3p2/8/P1N5/4N1PP/2R1K2R w - - 1 21,1650.0,1826.0,a3a4,quiet,18,0.000048,176.0,0
5k1r/3b1nR1/1p3p1P/2p1bP2/p2pP3/P2P3Q/1PP5/6RK w - - 1 35,2020.0,2996.0,h6h7,quiet,21,0.000009,976.0,0
5kr1/1B3p2/4n3/7P/3bN3/8/2K2P2/7R b - - 2 32,68.0,-28.0,e6c5,quiet,11,0.136837,96.0,0
rn3b2/2k5/p1p2p2/2q5/2BRQ3/8/PPP2P1r/2K3R1 w - - 1 17,-284.0,-454.0,c2c3,quiet,18,0.094890,170.0,0
1r4k1/B7/6bp/3p4/5p2/5Q1P/4R1PK/3q4 w - - 0 40,316.0,1322.0,a7b8,capture,13,0.139054,1006.0,0
8/5p2/1R1Npnk1/1P6/8/6K1/8/2r5 b - - 2 46,262.0,269.0,f6d5,quiet,9,0.005902,7.0,0
4b1k1/r2q4/r5pp/3pPp1n/1bpP1P1P/1pN2NP1/1P1BQ2K/5R1R b - - 0 41,322.0,333.0,h5g7,quiet,26,0.007246,11.0,0
8/3r1k2/4b3/2B1P1pp/R7/2P1K1P1/8/8 b - - 2 31,17.0,-32.0,d7c7,quiet,11,0.070367,49.0,0
8/k2BK3/6P1/p1r5/1p6/8/8/8 w - - 0 65,-482.0,-372.0,g6g7,quiet,7,0.046426,110.0,0
r1q2rk1/p3n1b1/B1ppP2p/3Ppp2/8/8/1P3PPP/R1BQ1RK1 b - - 0 16,-377.0,-203.0,c8c7,quiet,24,0.134655,174.0,0
8/5pk1/6p1/1prB2P1/p3pP2/P2bP3/3P3R/3K4 w - - 10 35,-203.0,-222.0,d5a2,quiet,16,0.019213,19.0,0
2bq1k2/3n3p/3N1nr1/2p1p3/1p6/1N3P2/rP3Q1P/3RKB1R b K - 0 19,-32.0,18.0,f6e8,quiet,21,0.071803,50.0,0
6r1/2k5/2r5/pp4P1/5R1P/1b6/8/1K2R3 w - - 0 34,-861.0,-975.0,e1e5,quiet,11,0.003351,114.0,0
6k1/8/r5p1/7p/1p3P1P/1Nn4R/4pKP1/3rR3 b - - 0 37,994.0,1309.0,a6a3,quiet,15,0.002729,315.0,0
1r1qkb1r/4n1pp/p7/5b2/3P1N1P/2Qp4/PP3PP1/R1B1K2R w k - 0 16,-597.0,-619.0,c1d2,quiet,23,0.003606,22.0,0
r5k1/2B2pp1/2p1pqn1/1p1p1n2/3P4/1BP2P2/2PQ3P/6RK b - - 13 28,1017.0,1020.0,f6h4,quiet,21,0.000049,3.0,0
8/8/8/4Rp2/1k2bB1p/7r/4K3/8 w - - 0 58,-134.0,-230.0,e5e6,quiet,8,0.106028,96.0,0
2r4r/pp3k1p/3ppqpB/2p1b3/2PnP1BP/3P4/PP1Q4/R3K2R w - - 0 18,-256.0,-234.0,h6g5,quiet,25,0.019971,22.0,0
r1b1k2r/pp1ppp1p/n7/1N2Q3/P7/2Pq2P1/3PN1B1/R1B1K3 b Qkq - 5 14,-834.0,-577.0,f7f6,quiet,23,0.026686,257.0,0
r2qr1k1/1p3pp1/p1pb1nbp/8/P2P4/2N3P1/1PPB1QBP/R4RK1 b - - 3 14,329.0,510.0,d8b6,quiet,26,0.080391,181.0,0
5R2/pkp5/1p6/3b2p1/3P4/2PK4/PP1Nr1r1/3R4 b - - 11 25,495.0,361.0,d5a2,capture,16,0.056536,134.0,0
1R6/4r1k1/5r2/5B2/4p2p/7P/2P2P2/5K2 w - - 5 46,-303.0,-389.0,b8b5,quiet,11,0.052500,86.0,0
r2k1b1r/1p3p2/p1b2N2/3pn1pP/7n/1PP1BP2/P1N1BK1P/3R3R b - - 4 19,-479.0,-639.0,e5f3,capture,25,0.035032,160.0,0
r3k3/pp3p2/2ppn1p1/4p3/2P1P2q/3PQ3/PP3P2/R3KN2 b Qq - 5 18,758.0,609.0,h4f4,quiet,21,0.016576,149.0,0
1r6/8/8/2B1kp2/1P6/5BKP/8/8 w - - 2 56,1019.0,979.0,h3h4,quiet,8,0.000729,40.0,0
1r3nk1/1r6/Rp2p1pp/3bB3/7P/5PK1/P5P1/2RB4 b - - 4 35,-356.0,-329.0,b8d8,quiet,18,0.016680,27.0,0
r3k2r/pp1n1pp1/2pbpn1p/q4b2/2PP4/1PN1QN2/PB2BPPP/3RK2R w Kq - 8 9,44.0,154.0,e1g1,quiet,30,0.145182,110.0,0
3Qb3/5p1k/4p1pp/8/4P1PP/5P2/7K/2r5 b - - 12 57,-362.0,-375.0,c1c2,quiet,13,0.007154,13.0,0
3r4/1p4k1/p3rpp1/1p2p3/3b2P1/P2P1R1P/1B1P4/5R1K w - - 1 25,-784.0,-746.0,b2d4,capture,19,0.002616,38.0,0
4k2r/r2n1ppp/p2Bp3/2pb2P1/2N5/7P/P4R2/2K2B2 w - - 1 19,-910.0,-915.0,c4e3,quiet,19,0.000149,5.0,0
3r2k1/1pp3p1/5pb1/6Pp/pPP1r2P/P2P1P2/1BK2Q2/4qB1R w - - 0 29,-625.0,-865.0,f2e1,capture,23,0.019823,240.0,0
4r1k1/2p2p1p/p5pb/2P5/P2Pq3/2Q1B3/4K2P/1R5R w - - 2 25,-191.0,-972.0,h1f1,quiet,18,0.246135,781.0,0
1n1r2k1/rb3p1p/1p2pqp1/p1p1N3/3P4/2P3PB/PP3P1P/2RQR1K1 b - - 4 13,-47.0,-64.0,b8c6,quiet,26,0.023847,17.0,0
7k/r7/1p2qp2/1Bp5/P6P/2P1b1p1/1KQ5/5R2 w - - 0 40,-239.0,-199.0,c2g2,quiet,15,0.039620,40.0,0
8/8/1n3b2/2k5/3N4/3K4/1R6/8 b - - 0 71,-35.0,-61.0,f6d4,capture,6,0.036696,26.0,0
6R1/8/2r5/5n2/7p/B4k2/7K/8 b - - 17 68,23.0,20.0,h4h3,quiet,7,0.004301,3.0,0
8/ppp5/2krQ3/8/3B4/q1P1K3/P4P2/6Nb w - - 4 30,-563.0,0.0,e6e8,quiet,14,0.462344,563.0,0
1k5r/1pp3R1/p7/3B4/Pb6/3p4/R2Pnn2/1KB5 b - - 0 27,382.0,365.0,c7c6,quiet,16,0.009146,17.0,0
r1b1k1n1/p2p3r/1p3p2/2PP2p1/1P6/1N1QBq2/2P2P1P/4KB2 w q - 0 15,-675.0,598.0,d3h7,capture,22,0.948881,1273.0,0
8/1k6/3p4/1p2n1P1/8/2p5/P6R/7K w - - 0 40,146.0,-41.0,h2g2,quiet,9,0.257290,187.0,0
r2k3r/2pb2q1/3p2Bp/7P/1Q6/P3R1P1/8/1K3R2 b - - 0 28,-202.0,-153.0,h8f8,quiet,16,0.054867,49.0,0
1k6/1p1r1ppp/p1p1p3/4Pq2/P1P5/1P5P/6P1/4Q1RK w - - 1 27,-483.0,-450.0,g1f1,quiet,19,0.011364,33.0,0
5r2/2p3p1/2k5/2q5/7P/3PN2Q/P4r2/2R3K1 w - - 0 32,-360.0,1903.0,h3e6,quiet,13,0.888167,2263.0,0
8/1p1r2k1/2n3p1/p3p2p/P3P3/2P1Pq2/2Q2P1R/1R2K3 b - - 2 28,-163.0,-289.0,f3g4,quiet,18,0.121966,126.0,0
8/8/8/8/8/p2PK3/2k5/B7 b - - 5 59,-548.0,-434.0,a3a2,quiet,5,0.035064,114.0,0
3qk3/rb1n1p1p/p3p3/1p3n2/5P2/1N2PN2/P1QPB1rP/2R1K2R w K - 0 17,-23.0,-43.0,b3d4,quiet,24,0.028517,20.0,0
1r2k2r/2Rb1p2/3p2n1/N2Ppp1p/p2bP2P/3N2P1/1P2BP2/R5K1 w - - 0 23,73.0,108.0,e4f5,capture,24,0.047068,35.0,0
2kr1b1r/ppp3p1/2n1bp2/4q2p/2p1P2P/P1N1B3/1PK3P1/R3QB1R w - - 2 13,-909.0,-853.0,a1c1,quiet,26,0.002005,56.0,0
1r3k2/1p3p2/2b5/p1r4p/2Bp4/R4P2/5KPP/4R3 w - - 2 37,-742.0,-983.0,c4b3,quiet,16,0.010296,241.0,0
1nbqkbn1/r6r/pp1p3p/2pPp1p1/P3PpP1/2N2P1P/1PPB4/R1NQKB1R b KQ - 0 10,-21.0,94.0,h6h5,quiet,32,0.162255,115.0,0
4k3/8/2p5/6r1/4B3/8/K7/7R b - - 3 53,-106.0,-82.0,g5e5,quiet,6,0.032119,24.0,0
4r1k1/5rp1/1n5p/3p1p2/3P1QP1/1p1qP2P/2R2RB1/1K6 w - - 0 34,-1263.0,-1759.0,g4g5,quiet,19,0.000655,496.0,0
r3kb2/1ppnpp2/p1r2n2/3q2N1/PP4Q1/N1P5/3P2PP/R1B2RK1 w q - 3 10,111.0,158.0,g4g3,quiet,25,0.058382,47.0,0
r1b4k/2p3b1/p1n2qpp/2Nr1p2/3P1N2/1P2pPP1/PB5P/2RQR1K1 b - - 1 20,-369.0,-405.0,d5d6,quiet,26,0.018215,36.0,0
r6r/pppk1q2/3p2p1/2P3P1/3Q1P1p/7b/PP3K2/R1B1R3 w - - 2 20,2.0,55.0,c1d2,quiet,21,0.075619,53.0,0
4k2r/1Np1qp2/5n1P/P2Pp3/2p1P1b1/2P2Br1/1P2Q3/R3K2R w KQk - 1 26,285.0,664.0,f3g4,capture,22,0.140975,379.0,0
r1bqk2r/1pp3bp/n2ppnp1/pN6/5B2/5N2/PPP1QPPP/2KR1B1R b kq - 3 9,139.0,287.0,e8g8,quiet,29,0.149169,148.0,0
7r/pp1bnk2/3pp3/3p1p2/3PnNp1/PP2PP2/1BP1Q1P1/R3KBq1 b - - 0 16,566.0,760.0,g4f3,capture,26,0.024602,194.0,0
r2r2k1/2q2pp1/2p1bnnp/4p3/pP2P3/4BNPP/2Q2P2/1R2RBK1 w - - 0 22,22.0,-39.0,b4b5,quiet,25,0.087509,61.0,0
7r/pk1q2r1/1pn2R2/8/3PQ3/4B3/PP5P/R6K b - - 2 26,-188.0,-481.0,g7f7,quiet,16,0.194057,293.0,0
6n1/k5p1/n1b5/Q1p1p3/P3P1pb/R5N1/1PP3q1/3K4 b - - 1 25,1543.0,2280.0,h4g3,capture,18,0.000137,737.0,0
3r2k1/p4pb1/4pnp1/4N3/P1pP1P2/1rN3PP/1n4K1/R1B2R2 b - - 0 24,314.0,577.0,b2d3,quiet,22,0.106095,263.0,0
r3k2r/p2nn1pp/2pbq3/3p1p2/3Pp3/2P2PPB/PPN1Q2P/R1B1K2R b KQkq - 2 11,75.0,101.0,d7f6,quiet,28,0.035102,26.0,0
r3kb1r/pp1n1pp1/2p4n/3pP2p/P2P3q/2P1P2P/1P1NK2P/R1BQ1B1R w kq - 9 10,74.0,312.0,h1g1,quiet,29,0.252750,238.0,0
r3k2r/p1ppbpp1/bp1qp1n1/7p/2PPP3/PB2QN1P/1B3PP1/R3R1K1 w kq - 2 16,219.0,335.0,e4e5,quiet,29,0.093933,116.0,0
2kr3r/p1p5/Ppb2qp1/8/4B3/5N2/3Q1K1P/R6R w - - 6 26,37.0,90.0,d2c2,quiet,17,0.073652,53.0,0
8/8/6p1/P6p/3pkP1P/8/4K3/1b6 b - - 0 51,1466.0,2990.0,b1d3,quiet,9,0.000216,1524.0,0
r2qk2r/1b5p/p2b1ppn/1p1pn3/1P2P2P/2PBP3/Q2PN1P1/RNB1K2R w kq - 1 11,-258.0,-354.0,d3c2,quiet,29,0.069356,96.0,0
rnbqk2r/5npp/2p2p2/p2Pp3/Pb1P2P1/2N2N1P/1PQB1P2/R3KB1R b KQkq - 0 9,-90.0,-33.0,e8g8,quiet,29,0.079351,57.0,0
8/p1kn4/2p3P1/4b2B/4R2P/1P6/2Pr4/1K6 w - - 1 47,-465.0,-47.0,h5g4,quiet,13,0.368412,418.0,0
Q1bq1r2/4p1kp/8/1p1Bnp2/8/1P2BP2/P3N1PP/5RK1 w - - 2 20,1485.0,1579.0,e2f4,quiet,20,0.000081,94.0,0
6kr/3nppbp/3p2p1/1N1P4/2P2P2/3bB3/q2N2PP/2Q1K2R b K - 0 20,584.0,486.0,h7h5,quiet,22,0.023940,98.0,0
r1bqk3/pppp3r/7p/2bnPpp1/PnP5/4P3/5PPP/RNBQKB1R w KQ - 0 9,-472.0,157.0,c4d5,capture,29,0.649748,629.0,0
r1b2rk1/2qn1pb1/p2p1n1p/2pP2p1/1PP1Pp2/1P1B1N1P/RBN3P1/3Q1RK1 b - - 2 12,-72.0,51.0,c5b4,capture,30,0.175030,123.0,0
8/8/8/p7/pkPK4/8/1P6/8 b - - 2 40,-79.0,30.0,b4b3,quiet,6,0.154837,109.0,0
3r1k2/p5p1/1p2p2n/2pq4/4N2Q/1PRPP3/P3KP2/8 w - - 6 27,320.0,295.0,e4g5,quiet,18,0.017899,25.0,0
8/5rp1/4Qpk1/7p/8/P1R2qP1/KB6/8 b - - 1 37,-606.0,-684.0,f3g2,quiet,12,0.010518,78.0,0
7r/4k2p/5p2/2b2p2/b7/3B3P/5RP1/3R2K1 w - - 0 23,-171.0,-24.0,d1c1,quiet,13,0.193488,147.0,0
3k4/2R4R/8/1r6/2b1P3/5PK1/1pr5/8 w - - 0 48,-632.0,-656.0,h7d7,quiet,10,0.003233,24.0,0
6r1/ppp2p1n/4b1rk/7q/2P1N3/P2PPR1P/1Q4B1/5R1K w - - 10 24,298.0,-29.0,f3f2,quiet,21,0.389176,327.0,0
8/p3k3/4b3/P7/BP3p2/2NK1P2/4P3/2r5 w - - 0 39,29.0,13.0,a4b5,quiet,12,0.022938,16.0,0
5b2/1p1k1p2/2p1b1pr/7P/P2B1P1q/3P2N1/6QP/R5K1 w - - 1 26,-123.0,184.0,g2b2,quiet,19,0.412505,307.0,0
1R6/5k2/6p1/r1p5/P2p1r2/1N2b1K1/2R3P1/8 b - - 9 42,385.0,615.0,d4d3,quiet,13,0.070113,230.0,0
3r1bk1/5ppp/8/r3BB2/1pp4P/1b6/5PP1/2R1R1K1 w - - 2 32,-1056.0,-646.0,e5c7,quiet,18,0.021406,410.0,0
1r1q1rk1/p1ppbppp/2nn4/3Q2P1/P4B2/2P4N/3N1P1P/R3R1K1 b - - 0 12,226.0,119.0,b8b6,quiet,25,0.121139,107.0,0
7Q/4kp2/2pr1q2/1p4p1/3P1bP1/2K5/3P4/1R5R w - - 8 48,-32.0,333.0,b1e1,quiet,15,0.417715,365.0,0
r6r/1pp3p1/2nb1k2/3bp1Np/p7/P2BB1PP/1P3P2/2KR2R1 w - - 4 24,-63.0,-50.0,f2f4,quiet,23,0.018220,13.0,0
r5r1/1ppnk2N/p3pp2/7B/5P1N/2P4P/PPK5/R7 b - - 0 25,-64.0,0.0,g8g7,quiet,19,0.091076,64.0,0
4k3/2r2pQ1/1pPqp3/pB1p1p1N/P2P3p/5Pn1/6P1/6K1 w - - 5 45,142.0,0.0,g7h8,quiet,20,0.193688,142.0,0
1rb1kb1r/5ppp/n3p3/1q2P3/pppRBNQ1/6P1/1PP2P2/1NB3K1 b k - 0 14,428.0,438.0,g7g6,quiet,26,0.004061,10.0,0
r2k1b1Q/1p1b4/2q2pr1/pNp1p3/2PpP3/3N1B2/4K3/RR6 b - - 1 25,-118.0,-398.0,d8e7,quiet,21,0.244561,280.0,0
5r2/1r5k/8/6p1/6N1/4P3/R4PK1/8 b - - 27 67,-67.0,-60.0,f8b8,quiet,9,0.009744,7.0,0
r2q1b1r/3bnkp1/p4n1p/1p1p1p1P/1P1PpN2/BQP1P1P1/5P2/RN2KB1R w KQ - 0 12,73.0,-15.0,b3a2,quiet,30,0.125110,88.0,0
8/6pp/3Q4/4pk2/1p3P2/1P3P1K/Pq5P/8 w - - 1 44,194.0,565.0,d6f8,quiet,13,0.209373,371.0,0
1b3rk1/5p2/6p1/2P3Qp/1p1RQ3/7q/5P2/4N1K1 b - - 2 33,-1833.0,293.0,b8h2,quiet,15,0.843756,2126.0,0
r1b1k2r/ppq1bpp1/7p/2pnp3/P6P/3P1N2/1PP1BPP1/R1BQ1RK1 b kq - 3 9,142.0,128.0,e8g8,quiet,28,0.017386,14.0,0
8/8/5P2/pk2p2R/1p3b2/1n3P2/1BNr4/5K2 b - - 2 50,1073.0,1339.0,d2c2,capture,13,0.001624,266.0,0
1rbq1rk1/R2nppbp/3p2p1/2pn2P1/2NP4/1P3N2/4PPBP/2BQ1RK1 b - - 0 9,234.0,433.0,d5c3,quiet,28,0.129977,199.0,0
7r/2p2k2/3p3B/3p1PP1/1P1P3K/p1P5/P4R2/1b6 w - - 3 42,546.0,864.0,h4g4,quiet,16,0.034496,318.0,0
1k6/2pr4/1p3p2/p4P2/2Q4P/8/PPRB1KP1/1q6 b - - 13 30,-1169.0,-1162.0,b1h1,quiet,16,0.000049,7.0,0
5r2/2P5/8/1R3Nk1/3b3p/5K2/6P1/8 b - - 4 53,-589.0,-899.0,d4a7,quiet,9,0.026968,310.0,0
2bq1bnr/rkN2ppp/1pp2n2/p7/P1BPp3/6B1/1PP2PPP/R2QK1NR w K - 5 9,166.0,216.0,d4d5,quiet,30,0.053920,50.0,0
5r2/3R1Pk1/p1R5/8/P4PP1/3b4/1P2p3/4K3 b - - 4 34,-1883.0,-2745.0,d3e4,quiet,13,0.000019,862.0,0
1kr5/1p6/p2np2R/3qBp2/Q4P2/1P4r1/P1PP4/1K1R4 w - - 0 34,950.0,1310.0,a4d7,quiet,19,0.003669,360.0,0
r1b1k2r/ppn1bp1p/2p5/3pp2q/8/1QP1P1PN/PP1N1P2/R3KB1R w KQkq - 0 10,-316.0,-275.0,c3c4,quiet,27,0.030818,41.0,0
3q2k1/4br2/7p/p2p1b2/1n6/1PB1PP1P/1Q4P1/R2R2K1 w - - 3 24,123.0,247.0,e3e4,quiet,19,0.135659,124.0,0
5rk1/1qpn1pp1/3pp2p/Q7/2PN4/4PP1P/3P2K1/R7 w - - 2 24,-391.0,-285.0,a5b5,quiet,19,0.067102,106.0,0
3R4/1k4P1/8/2Kb2B1/8/7p/8/3r4 w - - 0 78,294.0,962.0,d8d7,quiet,8,0.151540,668.0,0
8/3r4/1P6/6kp/6p1/2P2R1P/3r1B2/6K1 w - - 2 42,-330.0,-27.0,f2e3,quiet,11,0.331072,303.0,0
2r1r1k1/4b1p1/R1n1b1q1/4pp2/P6p/2PPBP2/5NPP/3QKB1R b K - 0 18,427.0,460.0,c6b8,quiet,24,0.012741,33.0,0
r1b2rk1/p3n2p/2n2p2/1BbN4/Pp6/8/1PP2PPP/RNB1K2R w K - 1 12,398.0,515.0,d5e7,capture,24,0.042813,117.0,0
1r2r3/1pnnbk2/p1p2pp1/N3p2p/PP1PPB1P/8/4KPB1/2RR4 w - - 0 25,-66.0,-21.0,d4e5,capture,25,0.063671,45.0,0
1r3b2/4k1rp/5n2/2p1p3/P1B1P3/2q3P1/4QP1P/3R1RK1 b - - 0 33,-48.0,486.0,b8b2,quiet,19,0.511190,534.0,0
8/1pp1n1p1/p3r3/n1p4p/k7/N2NP1P1/1P3K1P/7R b - - 3 23,921.0,1163.0,b7b6,quiet,18,0.003723,242.0,0
8/p6p/8/1P1k4/3n4/3N1P2/6K1/8 w - - 3 47,-372.0,-432.0,b5b6,quiet,8,0.028348,60.0,0
r1b2r2/2q1k3/p2N2Q1/8/PPN2p1p/6nP/5RP1/6K1 w - - 4 29,530.0,2280.0,g6g7,quiet,18,0.045176,1750.0,0
r3kr2/p1p1b1p1/1p5p/3Ppq1n/2P1N2P/P4P2/1PQ2B2/2KR3R b q - 1 15,-305.0,-221.0,f5f3,capture,24,0.071558,84.0,0
r3k3/pp1n4/2p1b3/2bp3q/P3pP2/2N1P3/1PPB1Q2/R3KB2 w Qq - 8 19,-267.0,-207.0,c3e2,quiet,22,0.056000,60.0,0
1r3rk1/ppp2ppp/8/5b2/2Q5/P3R3/1q3PBP/4R1K1 w - - 2 17,-665.0,-273.0,c4c7,capture,19,0.150712,392.0,0
8/8/1kNK2p1/p7/2r4p/5P1P/6P1/8 w - - 0 45,-1540.0,-1874.0,c6a5,capture,10,0.000121,334.0,0
3k2r1/1p1bn2p/5B2/8/2B1P2P/1p6/r4P2/2R1K2R w K - 0 25,226.0,1209.0,c4g8,capture,16,0.213055,983.0,0
3r4/6rk/3b1p2/p1p2P1p/P1B1K3/1PR1B2P/8/8 b - - 6 32,395.0,518.0,d6e5,quiet,16,0.045063,123.0,0
r1r3k1/1b4bp/6p1/pp1qN3/4pP2/2Bp3Q/3P2PP/2R2RK1 w - - 0 23,-506.0,-744.0,e5g6,capture,22,0.037910,238.0,0
8/8/1pB2k2/5p2/7p/2r1bP1K/6R1/8 w - - 10 48,-434.0,-432.0,c6a8,quiet,10,0.000812,2.0,0
2b5/1k2q3/8/1p6/p7/5P2/4NQ2/5K2 w - - 0 44,-508.0,-475.0,f2d4,quiet,9,0.010012,33.0,0
3q4/5kp1/4p3/3b1ppP/3Q1P2/4P1R1/3P1K2/3r1B2 w - - 0 34,-137.0,98.0,f4g5,capture,16,0.324947,235.0,0
