fen,static_cp,search_cp,bestmove,class,pieces,gap_sigmoid,gap_cp,clamped
3nk3/5p2/1Pq5/5Pp1/6P1/7K/1Q6/8 b - - 1 77,100.0,187.0,c6f3,quiet,10,0.105758,87.0,0
3k3r/pp4p1/4b3/3p4/7p/P1K5/P1P5/R5R1 w - - 0 33,-165.0,34.0,g1g7,capture,14,0.269853,199.0,0
8/1p3k2/2nRb1p1/pBp3Pr/4PB1p/b4P1P/P3N1K1/8 b - - 5 27,123.0,49.0,c5c4,quiet,20,0.099916,74.0,0
2q2k2/pp3p2/2p2nrp/2Pr4/3PpP2/PPP2n1B/2K4P/R3B2R w - - 0 26,-546.0,-102.0,h3c8,capture,24,0.315920,444.0,0
6k1/p7/7P/P7/8/1p6/5K2/r7 b - - 0 37,673.0,1695.0,b3b2,quiet,7,0.020292,1022.0,0
1k1r4/pbppn1p1/3b4/1NpP1qP1/P7/4B3/1P4Q1/K2RR3 w - - 3 26,94.0,214.0,b5d6,capture,21,0.142078,120.0,0
8/1pR5/p4k2/3K1b1p/1P3P2/2P5/P1r3PP/4rB1R b - - 0 29,41.0,-11.0,e1d1,quiet,17,0.074556,52.0,0
5Rn1/1p1k3p/6p1/8/8/5K2/p4PPP/2B5 b - - 0 35,-240.0,492.0,a2a1q,promotion,12,0.743630,732.0,0
2b1k2r/p3bp2/2N2n2/2P5/P3p3/4Pn2/1B3P1p/R2K1B1R w k - 0 21,-21.0,4.0,c6a7,capture,20,0.035941,25.0,0
2r3k1/4bp1p/1p2p1p1/p3P1P1/q2BBP2/Pb2P3/3Q3P/R5K1 w - - 6 27,39.0,34.0,d2d3,quiet,22,0.007117,5.0,0
8/8/3q4/8/1k6/6P1/2Qp1P2/6K1 w - - 21 57,-132.0,-169.0,c2b2,quiet,7,0.044364,37.0,0
3R4/6p1/4p2p/7P/6R1/4b3/1r2r1P1/3K2k1 b - - 1 52,779.0,773.0,e3g5,quiet,12,0.000388,6.0,0
3r2k1/3P1p1p/1q4p1/8/1B6/P4Q2/1pr2PPP/3R2K1 w - - 0 35,-69.0,-212.0,d1e1,quiet,17,0.174115,143.0,0
r4rk1/p1pqbppp/1p6/n7/3P4/2Q2NB1/P3PP1P/2R2KR1 b - - 4 16,96.0,92.0,f8c8,quiet,23,0.005355,4.0,0
1rb2rk1/p1R5/3p4/2pPb1Bp/3n2pP/P1NB4/1P4P1/1K2R3 w - - 5 23,53.0,21.0,c7e7,quiet,22,0.045502,32.0,0
bn2kb1r/5ppp/1q1Pp3/1Pp5/1pP2P2/8/1B1P2PP/3QKBNR b Kk - 0 10,-38.0,17.0,f8d6,capture,25,0.078915,55.0,0
1nbq3r/1p3k2/2pb1np1/rP1p1p2/3Pp1p1/1QN1P3/3BNPBP/R3K2R w KQ - 0 12,-241.0,-255.0,a1a5,capture,28,0.012576,14.0,0
rn3rk1/p7/1pp3p1/6P1/2n1N3/4B3/PPP1N3/R1K4R b - - 0 18,-290.0,-106.0,c4e3,capture,19,0.193509,184.0,0
3k4/p7/b2p1b2/7B/8/4BN2/2P5/3K4 b - - 2 32,-125.0,-207.0,a6b7,quiet,10,0.094515,82.0,0
4r1k1/p4pp1/7p/q1np4/8/1P3N2/P4PPP/b2Q2KR w - - 0 24,-320.0,-318.0,d1a1,capture,19,0.001365,2.0,0
r4bk1/1r6/3pbnpp/1B2pp2/PQ6/4P3/2qNNPPP/R1B2RK1 w - - 3 21,197.0,173.0,f2f3,quiet,25,0.026335,24.0,0
3k4/8/5r2/5B1P/5K2/8/8/8 w - - 1 59,138.0,71.0,f4g5,quiet,5,0.087995,67.0,0
2kr1b1r/1bpqn1pp/pn2pp2/1p6/3P4/P1PB1NNP/1P3PP1/R1BQK2R w Q - 1 10,-8.0,-80.0,a3a4,quiet,30,0.101626,72.0,0
1B4k1/6p1/7p/PN3p2/2Pp2n1/1n1P2P1/1P2r2P/5RK1 b - - 0 24,-5.0,-21.0,g4e3,quiet,18,0.022990,16.0,0
2kr1b1r/pppbn3/2n5/3p1pqp/3PpN1N/1P2P1PP/P1P5/R1BQKBR1 w Q - 4 10,-51.0,-22.0,d1e2,quiet,30,0.041254,29.0,0
6k1/R7/1p1P4/6b1/1N2p2p/2r5/P1P2K2/8 w - - 0 37,78.0,52.0,d6d7,quiet,12,0.036122,26.0,0
6k1/6p1/1R1B1p1p/1p5P/8/P5P1/r1r2P2/6K1 b - - 8 40,162.0,334.0,c2f2,capture,14,0.154843,172.0,0
r1bqk2r/p3bpp1/3p2n1/2p1p1Pp/1p1NP2P/1P1PBB2/PNP2P2/R2QK2R b KQkq - 0 11,-102.0,55.0,c5d4,capture,31,0.221210,157.0,0
3q2kr/2p2p2/6p1/np1NQ2p/b2P4/2P2P1P/1P3KP1/7R w - - 1 22,-300.0,-61.0,d5f6,quiet,20,0.262125,239.0,0
r3k2r/pp2b1pp/n1bp1n2/qP3p2/2P2N2/P1N1P3/3B2PP/R2QKB1R b KQkq - 0 12,-68.0,-74.0,a6c5,quiet,28,0.008284,6.0,0
r7/7r/1p2Qpkp/1B4p1/PB6/2R5/6KP/3q4 b - - 4 30,-41.0,-199.0,h7a7,quiet,15,0.199963,158.0,0
r1bqk2r/pp3p2/2n5/2N1p2p/3p1P1N/BP4n1/2QP2P1/R3KB2 w Qkq - 4 16,-158.0,-252.0,h4f3,quiet,24,0.097193,94.0,0
R7/6k1/2p5/4N2p/1p3p2/1P4n1/5R1K/2r5 b - - 1 56,-88.0,-295.0,g3f1,quiet,12,0.221292,207.0,0
2kr2nr/pbpq1pbp/1pnpp3/5P2/3PP1PR/2N1BN2/PPP1Q1B1/2KR4 b - - 5 9,-257.0,-139.0,c8b8,quiet,30,0.124477,118.0,0
2r3k1/6pp/1p1Bbp2/3p4/p7/P3PPK1/1Pr3PP/1R5R b - - 5 29,131.0,179.0,c8c6,quiet,20,0.056924,48.0,0
3r4/1k1r3p/1pb1p1p1/2p1Pp1n/5P1b/1PKBBP1P/2P1N3/R4R2 b - - 6 24,55.0,30.0,h4e7,quiet,24,0.035430,25.0,0
2k5/3p1Q2/p1p5/2b3p1/8/P1P3N1/1P1q1P2/6K1 b - - 0 31,-67.0,124.0,c8c7,quiet,14,0.266484,191.0,0
2r4k/R5pp/1pp5/8/8/1P1B4/P1P2P1r/2KN4 b - - 0 26,-74.0,-117.0,h7h5,quiet,15,0.057375,43.0,0
r4b1r/p2b2pk/n2p3p/1B1q1p2/4p3/PP2P2P/1BQ2PP1/2K3NR w - - 0 17,-285.0,-158.0,b5d7,capture,25,0.124713,127.0,0
2r1k1nr/p2q2pp/5p2/1p1B4/1b2P1b1/1P1Q4/P2P3P/R1B1K1NR w KQk - 4 13,-31.0,-54.0,g1e2,quiet,24,0.032598,23.0,0
8/8/6k1/3p2p1/p2P4/B1P5/1P3K2/3b4 b - - 5 46,73.0,170.0,g6f5,quiet,10,0.123294,97.0,0
8/3k4/6n1/6P1/8/8/3K4/8 b - - 4 62,175.0,322.0,d7e6,quiet,4,0.132040,147.0,0
3r2k1/p1q2pn1/5R2/1p4Pp/2pPB1b1/8/PP3Q2/5NK1 w - - 4 30,-128.0,-145.0,a2a3,quiet,19,0.021043,17.0,0
8/7b/7P/8/5k2/8/7K/8 w - - 20 68,-218.0,-357.0,h2g2,quiet,4,0.108309,139.0,0
5R2/p7/4k3/8/2pp3p/P7/1P2n2P/7K w - - 0 36,-4.0,124.0,f8e8,quiet,11,0.176997,128.0,0
5k2/5P2/2n1P3/5K2/8/8/8/8 b - - 14 79,-120.0,90.0,f8e7,quiet,5,0.292839,210.0,0
8/5Q2/kp6/2q4p/7P/P3N1P1/4b2K/8 w - - 6 43,270.0,195.0,f7e8,quiet,11,0.071072,75.0,0
8/5N2/5kp1/6Np/3b2P1/2nP1K1P/5P2/8 b - - 0 42,-254.0,-136.0,c3d1,quiet,12,0.125560,118.0,0
r3kb1r/p2n1ppp/2pqp3/1p1n1b2/2PP4/5NP1/P2BPPBP/RN1Q1RK1 b kq - 0 10,-145.0,-19.0,b5c4,capture,30,0.170029,126.0,0
3r2r1/pp3nkp/8/2B5/2PN3P/1P5b/P7/1K2R3 w - - 1 28,-43.0,-313.0,d4e6,quiet,16,0.296797,270.0,0
2kr3r/1p2p3/1bn2p2/5b2/5Ppp/N1B3P1/PP4BK/R3NR2 w - - 1 24,-40.0,5.0,a3c4,quiet,22,0.064507,45.0,0
3r3r/1k4bp/p7/qp2p3/1R2P3/2p2NPR/4PP2/1Q2K3 w - - 1 26,-158.0,-387.0,e1f1,quiet,19,0.189812,229.0,0
1k6/7p/8/q7/2P5/3P1Q2/2K1B3/8 w - - 3 43,355.0,549.0,f3f4,quiet,8,0.074019,194.0,0
r4rk1/pp2b1p1/4pn1p/2pp4/5B1P/P1N1P3/1PP1BPP1/R3K3 b Q - 1 14,119.0,161.0,g8h7,quiet,24,0.051566,42.0,0
r2qr3/1p2n3/pbk1PQ1p/3p1p1P/P2p4/BP1B4/2P3P1/R2K1R2 b - - 4 27,-134.0,-255.0,d8c7,quiet,24,0.128921,121.0,0
3rk2r/2p1qpp1/p6n/1p1P3p/1P2N3/P2B1P1b/2P5/1RB1Q1K1 b k - 0 18,60.0,127.0,d8d5,capture,23,0.089542,67.0,0
rnbqkb2/p1p3p1/4p2r/3p3p/7P/Pp1BP1P1/1B3P2/RN1Q1RK1 b q - 2 9,-38.0,1.0,b8d7,quiet,26,0.055908,39.0,0
8/8/2p1k3/8/p1P5/3PB3/PPK5/5b2 w - - 12 42,326.0,394.0,c2c3,quiet,10,0.038975,68.0,0
3r2k1/1p4p1/2n4r/p1b4p/P1N2P2/2P3PR/1P4P1/4RK2 b - - 6 23,128.0,175.0,c5a7,quiet,19,0.056206,47.0,0
8/3b2bk/1p2p1Np/p4p1P/P2r1P2/1P3BQ1/4R2K/2q5 b - - 9 35,190.0,187.0,c1f1,quiet,19,0.003260,3.0,0
r2k1n1r/pbp3p1/1p1pB2p/5P2/3PnBPq/2P2QRN/P6P/R3K3 w Q - 5 15,84.0,9.0,h3f2,quiet,26,0.105635,75.0,0
B7/8/1k6/5p2/8/2Kp1P2/3P4/r7 w - - 5 69,-47.0,-186.0,a8d5,quiet,8,0.177502,139.0,0
2kr1b1r/pbp1qpp1/1p2pn2/6Q1/2PPp3/1PN1P1NP/PB3P2/2KR3R w - - 5 12,-73.0,-5.0,c1b1,quiet,28,0.096341,68.0,0
r2qk1nr/5p2/p2pp3/2p1n2B/4P2P/4N3/PRPP2P1/3QK2R b Kkq - 0 13,-36.0,-29.0,d8f6,quiet,23,0.009986,7.0,0
8/1r1P4/4k3/4p3/8/4K3/3R4/8 b - - 0 77,-14.0,100.0,b7d7,capture,6,0.160202,114.0,0
r1b1k2r/ppp2pbp/3p4/3P4/5p2/1PPP1q2/P2B1N2/R3K2R w KQkq - 0 18,-483.0,-786.0,h1g1,quiet,23,0.047671,303.0,0
8/1pkb1q1p/r2p1b1p/p2P1p2/PpN2Q2/3RRN2/2P3r1/2K5 b - - 1 22,507.0,656.0,g2g4,quiet,22,0.028850,149.0,0
r2b1rk1/5q2/bp1p1np1/2nPp1Bp/2P1P2P/2N2P2/1R1QB1P1/R4NK1 b - - 2 24,-151.0,-211.0,a8a7,quiet,27,0.066530,60.0,0
2kr1b1r/pbqp2pp/2n1p3/2pn2N1/1pN2P2/PP1PP3/1BP1Q2P/R3KBR1 b Q - 4 12,-107.0,-33.0,b4a3,capture,30,0.101946,74.0,0
7k/6pp/2nP4/2K2P2/8/8/7P/8 b - - 2 54,31.0,-83.0,c6e5,quiet,8,0.161720,114.0,0
3r4/1p3p1k/7p/5Np1/pB6/P4Q1P/1bq2PP1/4R1K1 w - - 4 26,407.0,371.0,f5d6,quiet,18,0.018047,36.0,0
8/7R/6P1/6kP/8/3p4/6K1/3r4 w - - 7 62,55.0,1111.0,g6g7,quiet,7,0.419837,1056.0,0
8/8/1ppk1r2/p1b1p1RP/P1PpBr2/1R3P1K/8/8 w - - 1 31,-137.0,-131.0,g5g8,quiet,17,0.007468,6.0,0
4rr1k/1p4pp/5n2/pPB1q3/1p2pb2/1Q5P/P1R1BPP1/4K2R b - - 8 19,337.0,281.0,e5a1,quiet,23,0.039885,56.0,0
4R3/1k6/1p6/8/P7/8/3K4/8 b - - 0 48,-487.0,-675.0,b7a6,quiet,5,0.037019,188.0,0
1k1rr1b1/1ppq3p/p4bn1/5p2/3p4/P2P1NP1/1PPBPQBP/R2K1R2 w - - 6 19,-89.0,-62.0,g2h3,quiet,27,0.037061,27.0,0
Q7/2kr1p2/4p3/1B6/8/B2n3b/P7/6K1 b - - 2 30,-56.0,-707.0,h3g2,quiet,11,0.403307,651.0,0
8/6K1/8/8/8/2p1k3/8/2N5 w - - 0 53,-41.0,-77.0,g7f6,quiet,4,0.050301,36.0,0
2rqk1r1/p4p1p/1p1pnp1b/8/2P1P3/2NQ3P/PP3P1P/3RKB1R w K - 7 16,240.0,154.0,f1e2,quiet,25,0.091074,86.0,0
2bq2k1/p5pp/1p1b4/3p4/1P1p1P2/P4P2/1N3K1P/3Q1B1R w - - 1 18,234.0,261.0,d1d4,capture,20,0.024297,27.0,0
r1bqk2r/4ppbn/2np4/7p/2NpP1pP/p2B2N1/2PB1PP1/R2Q1RK1 w kq - 0 13,-133.0,-58.0,g3h5,capture,28,0.099869,75.0,0
2r3k1/3r2p1/3np3/1p1b1pR1/p1pP1P2/P1P5/1P1N1KB1/R7 w - - 3 25,-238.0,-93.0,f2e3,quiet,21,0.166656,145.0,0
2r3k1/4p3/4b1p1/4Pp2/6Pp/pP2B2P/Pr1R1PK1/R7 w - f6 0 34,165.0,31.0,g4f5,capture,19,0.176584,134.0,0
r7/1pp1k1pp/4b3/pPP1p3/P2rP2P/4K3/6P1/RN5R b - - 2 20,45.0,145.0,d4c4,quiet,20,0.132945,100.0,0
7r/1p2kp1p/2n1b1p1/1Nn5/2P3P1/2P3KP/4B3/R3R3 b - - 2 24,-120.0,-139.0,h8d8,quiet,18,0.023867,19.0,0
r7/p3q2k/bpp1p2p/n2pPp2/2P1n3/1PB1P1P1/P5BP/2RQR1K1 w - - 1 21,261.0,255.0,c4d5,capture,26,0.005200,6.0,0
2rqk3/1p3pp1/p3pn1r/3P2N1/P4P1p/2N1b2P/2Q1B1P1/B2R3K b - - 1 19,-56.0,0.0,f6d5,capture,24,0.079900,56.0,0
1r1qk2r/p4p2/4p1p1/2n5/5P2/P1n2NPp/2B2P1P/1R1Q1RK1 w k - 0 19,-54.0,-13.0,b1b8,capture,22,0.058393,41.0,0
r1bq1rk1/1p3ppp/3b1B2/p1p5/7Q/2pB1P1P/PPP2P2/R3K2R b - - 0 13,298.0,217.0,f8e8,quiet,25,0.070386,81.0,0
r7/p2np1b1/2p1k1Np/3n3P/2N1p3/7P/PP1B1P2/R3KB2 b Q - 0 18,-113.0,-208.0,d7b6,quiet,21,0.110933,95.0,0
2bqk3/1p3r1p/4r1p1/p3Bp2/P1Np4/1Q4P1/1PP3P1/5RK1 w - - 5 19,-13.0,-35.0,b3b5,quiet,21,0.031500,22.0,0
1r1q1r1k/2p3pp/4n3/p1p1pN1P/P3bpQ1/2P5/1P3PP1/R3KB1R w K - 0 18,-151.0,-251.0,f5g7,capture,25,0.104623,100.0,0
2k5/2p5/1p1r1p2/2r5/1R1p3p/3P3P/5PB1/R4K2 w - - 6 36,229.0,152.0,g2f3,quiet,15,0.083106,77.0,0
r4rk1/3qnppp/1R2p3/2p1P3/2nP1N2/2P3P1/7P/2BQR1K1 w - - 1 20,58.0,61.0,d4c5,capture,22,0.004193,3.0,0
2r1r1k1/1p3pp1/p6p/8/P1pR4/5PB1/n5PP/1R5K w - - 3 24,-128.0,-281.0,b1b2,quiet,18,0.158158,153.0,0
1B6/5rpk/7p/8/2b4P/6P1/8/R5K1 w - - 29 57,72.0,-16.0,a1a4,quiet,10,0.125168,88.0,0
3r4/p7/1p6/3p3k/4nP2/8/PP4K1/3R4 w - - 0 33,-250.0,-340.0,g2f3,quiet,11,0.067912,90.0,0
1k6/1p3N2/p1n5/4P3/5P1p/7P/r5r1/2R2R1K w - - 0 29,-74.0,-170.0,f1e1,quiet,14,0.121917,96.0,0
4r3/1b3pk1/1p4p1/1P2qP2/2rNp3/4R2P/5QP1/3R2K1 w - - 3 39,-174.0,-77.0,e3e2,quiet,18,0.122345,97.0,0
2kr2br/pp5p/1qn5/3np1N1/3p2P1/P4N1P/P1PBQP2/2KR1B1R w - - 1 14,289.0,323.0,f3e5,capture,26,0.024497,34.0,0
r2qk2r/pp3pp1/5n2/5b1p/1bPp4/3PPNPP/PB1NQ3/R3K2R b KQkq - 0 12,-37.0,88.0,e8g8,quiet,26,0.177049,125.0,0
r1k4r/1pn2ppp/4p3/p1bpPPB1/P7/1qPB2PP/4Q3/R3K2R w KQ - 0 17,-82.0,-135.0,a1c1,quiet,25,0.069196,53.0,0
1r2qr1k/3pb1pp/R1b1p3/3n1p2/1P1P4/N1P2P1N/2QB2PP/1R4K1 b - - 0 16,28.0,0.0,e8d8,quiet,25,0.040208,28.0,0
r1b1r1k1/4qp2/2p2n1p/1Pbpn1pP/p2N4/1PB1PP2/2PQN1P1/1K1R1B1R b - - 1 14,-50.0,67.0,c6b5,capture,29,0.166706,117.0,0
r1b3k1/p3r1pp/1p6/2pn1N2/3p3b/3P1B1P/PPPB1PPq/R2K3R w - - 0 17,-406.0,285.0,f3d5,capture,26,0.749521,691.0,0
r1bk3r/2pnq3/1pBp1p2/p2Pp1n1/4Pb1p/P1N2Q1P/1PP2BP1/1K1R2NR w - - 10 14,249.0,190.0,f3e2,quiet,30,0.058341,59.0,0
r3k3/pbpp1prp/4pq2/8/2P1P3/2N2N2/P1nPQP1P/5K1R w q - 1 12,-366.0,-408.0,h2h4,quiet,23,0.021257,42.0,0
4r1k1/2pq2p1/1p1p1p2/7r/p2N1B1P/2PQ2K1/P7/6R1 b - - 1 26,426.0,237.0,d7f7,quiet,18,0.124271,189.0,0
2rr2k1/2q1bp2/1nB1p1p1/pP5p/P2P1P2/2P3P1/1B2Q2P/R4R1K b - - 7 26,-157.0,-163.0,g8g7,quiet,24,0.007034,6.0,0
5r1k/1p6/2pB3p/2Pp2pN/p2P2n1/P7/1P2R3/2K5 b - - 0 45,-105.0,-114.0,f8f7,quiet,17,0.011746,9.0,0
2r3k1/5pp1/8/pr1p4/3PnP2/R3P1P1/1PP4P/2K1BR2 b - - 1 26,-109.0,-120.0,c8b8,quiet,19,0.014227,11.0,0
r4rk1/1p3pp1/2n5/1R2p3/pn2P2p/Nb1P1NqP/1P1QB1P1/5R1K w - - 2 18,-5.0,12.0,b5b4,capture,25,0.024458,17.0,0
6k1/6p1/p6p/Pp3R1P/4p2R/4P1P1/1r1r1P2/5K2 b - - 1 31,156.0,75.0,b2b4,quiet,16,0.104252,81.0,0
8/8/8/p7/P1K1nk2/1P6/3p4/3R4 w - - 4 46,237.0,88.0,b3b4,quiet,8,0.172453,149.0,0
2k1rbnr/1b1p2q1/1ppP1p2/pN1B4/P7/2P2Q2/1P4PP/R1B2RK1 b - - 0 16,-134.0,20.0,c6d5,capture,25,0.212567,154.0,0
1r1r1b2/5pk1/1pq1pn1p/p1p3p1/P1N5/N1PP2P1/1P2QP1P/3RR1K1 w - - 12 22,97.0,128.0,a3b5,quiet,26,0.040225,31.0,0
2r2rk1/p2b2bp/2n1p3/2qp1pB1/8/P1P3P1/2N1PPBP/1R1Q1RK1 w - - 1 16,96.0,102.0,b1b7,quiet,25,0.007970,6.0,0
2r5/1kp5/p1R1p2r/Bp1P4/7b/P3P3/1P2K3/7R w - - 1 28,245.0,263.0,c6e6,capture,16,0.015827,18.0,0
r1bqkb1r/1pp5/p2p1n2/3Pnp1p/2P1p3/NP2P2R/PB1NBPP1/R2QK3 w Qkq - 3 9,-45.0,-19.0,a3c2,quiet,30,0.037085,26.0,0
r2qk2r/p3bpp1/3pbn1p/1pp1p3/3nP3/PP1PN1PP/1BPN1PB1/R2QK2R b KQ - 1 11,-110.0,-92.0,d6d5,quiet,32,0.023829,18.0,0
2b5/8/5k2/2r3p1/3N1p1p/5P2/3R2PK/8 w - - 8 50,-184.0,-186.0,d2b2,quiet,11,0.002195,2.0,0
k1r5/P3Rp2/5q2/p6p/5B2/3Q4/6PK/8 b - - 0 47,-158.0,115.0,f6e7,capture,12,0.372610,273.0,0
8/8/1pn2pkP/2p1p3/P7/4BP2/6K1/8 w - - 1 48,131.0,-53.0,f3f4,quiet,11,0.255758,184.0,0
rb4k1/2p4p/2p1q3/P1PpP1p1/Q2P1p2/P1B5/6PP/5R1K b - - 0 27,-228.0,-201.0,g8f7,quiet,21,0.027131,27.0,0
r4rk1/p2p1pp1/1p1P3p/2p1P3/2Pn1P1q/8/PP1Q3P/2KR1B1R w - - 1 13,-11.0,46.0,b2b3,quiet,24,0.081640,57.0,0
r4rk1/1pp2ppp/2n2q2/p2p4/8/1PbQP1PP/PBP5/2KR1B2 w - - 0 14,-219.0,-187.0,d3c3,capture,24,0.033317,32.0,0
1r5r/p2b1kp1/B7/2R4p/3B1bp1/8/P4P1P/4R1K1 b - - 4 22,-76.0,-45.0,d7e6,quiet,17,0.043261,31.0,0
1r5k/p7/6B1/2ppp2P/7B/5r2/P7/6RK w - - 2 34,70.0,42.0,h4g3,quiet,13,0.039247,28.0,0
3b2k1/1p4q1/3Q4/pN1p2p1/Pn1P4/5P2/1P3B2/6K1 b - - 8 37,51.0,-37.0,g7f6,quiet,16,0.125919,88.0,0
1k1r3r/p2q2p1/bp1pp2p/1N1p4/P4P2/1P6/2PPQ2P/1K1R3B b - - 0 17,171.0,191.0,d8f8,quiet,23,0.022192,20.0,0
r1b2rk1/2q2np1/p2p1nR1/1p2p3/3PP3/4QN2/PPN2P2/2KR1B2 w - - 1 17,-93.0,14.0,d4e5,capture,24,0.150867,107.0,0
4r1k1/3r1pp1/1q5p/3Pp3/p7/1P1Q1PP1/P4RKP/3R4 w - - 0 32,6.0,153.0,b3a4,capture,19,0.198341,147.0,0
8/4b3/1pk5/8/1P3n2/N1P5/2K5/8 w - - 7 50,-222.0,-318.0,a3c4,quiet,8,0.079730,96.0,0
r1b1k3/2p2rp1/p3p2p/4np2/4n3/BP1B3P/P4PP1/3RK2R w Kq - 0 15,-275.0,-141.0,e1g1,quiet,22,0.137169,134.0,0
2r1kb1r/p3pppp/p1pp4/6qP/3N4/1P2PQ2/P1PN2P1/4K2R w Kk - 2 16,-194.0,-103.0,e1g1,quiet,24,0.109352,91.0,0
8/5p2/4k1b1/1P2n3/8/P1K1N3/8/8 w - - 3 37,-181.0,-214.0,a3a4,quiet,8,0.034928,33.0,0
r1b2kr1/pp3p1p/8/5p2/5q2/1P2p3/P3Q1R1/5RK1 b - - 2 24,571.0,645.0,f4d4,quiet,17,0.012197,74.0,0
r4rk1/p3nbpp/1p1q1p2/2p5/3pP3/P2N2RN/1PP1Q1PP/1K5R b - - 5 18,-6.0,112.0,d6d7,quiet,25,0.164454,118.0,0
5kn1/p2r4/1p2p1pp/1P3p2/2PP4/3P3P/n1KB1P1P/5B1R b - - 2 20,-171.0,-264.0,d7d4,capture,21,0.092524,93.0,0
2r1k2r/3p2p1/p3ppb1/Q7/2PNPbpP/1R6/P5P1/R5K1 w k - 0 22,285.0,248.0,c4c5,quiet,21,0.031088,37.0,0
r5kr/2qb1pp1/2pb1n2/1p1p2Bp/p2P4/2NB1Q2/2P2PPP/1R2R1K1 w - - 0 16,-108.0,-10.0,g5f6,capture,26,0.136217,98.0,0
rn1qk2r/p1p5/1p2p1pp/3b1p2/P1pPnP2/2B1PN2/1P2B1PP/R2Q1RK1 b kq - 3 10,-86.0,-54.0,h8g8,quiet,29,0.044204,32.0,0
4R3/kpn5/pN3r1n/P1KP4/5p2/5P1B/1P6/8 w - - 14 56,581.0,694.0,e8c8,quiet,15,0.016001,113.0,0
1Rnr2k1/1R3bp1/p4r2/q4p1p/P1p2QnP/2p2BP1/P3P3/2B2NK1 w - - 0 27,0.0,19.0,b7c7,quiet,25,0.027316,19.0,0
1rq1kb1r/p3pppp/3p4/2n5/N2N4/6PP/1PP1PPK1/R2Q1R2 b k - 0 11,-98.0,-37.0,e7e5,quiet,24,0.084361,61.0,0
3rb3/1p4k1/2n1Bn1p/p3p1p1/3pP3/1P3N1P/P4PP1/2B1R1K1 w - - 3 23,44.0,35.0,e6c4,quiet,22,0.012785,9.0,0
r5k1/5p2/2p3p1/p1B5/4P2p/5B1P/Nr3PP1/2R3K1 b - - 0 28,-212.0,-226.0,b2a2,capture,17,0.013868,14.0,0
8/8/1P6/3NR3/6pk/1r4p1/6K1/8 w - - 1 49,200.0,263.0,e5e2,quiet,8,0.059899,63.0,0
5k2/R7/3r4/5KP1/8/p7/8/8 b - - 9 50,-109.0,-130.0,d6d5,quiet,6,0.026905,21.0,0
r2qk1r1/pb3pbp/1p2p2p/2p4Q/1nPP1PPP/P1NP3R/1P2N3/2KR1B2 b q - 0 10,2.0,-15.0,c5d4,capture,29,0.024452,17.0,0
2kr4/pp1b3p/1q1b1Qn1/3pp3/5p2/N1PB4/PP4PP/R1B2R1K w - - 4 16,340.0,256.0,d3g6,capture,24,0.062617,84.0,0
r1b1k1nr/ppp2p2/n1q3p1/4P3/1bP5/3PPN2/P3K1Bp/R1BQ3R w kq - 0 12,-275.0,-308.0,c1b2,quiet,26,0.025196,33.0,0
2nk3r/3b1p2/2p3p1/1prp2Pp/3N1K1P/3B1P2/3R4/R7 b - - 1 36,362.0,295.0,c5c3,quiet,19,0.044029,67.0,0
r6r/p3nkp1/4Np2/n7/Pp5p/1P6/1BP1B1PP/1K1R1R2 w - - 8 27,494.0,560.0,e6g7,capture,21,0.016722,66.0,0
8/4pk2/1r3p1p/3RP1pP/6P1/5P2/4PK2/8 w - - 1 30,136.0,226.0,e5f6,capture,13,0.099696,90.0,0
3k4/7p/rp1P1p2/1R6/4p3/bB2P2P/1r6/K2R4 w - - 1 31,95.0,-97.0,b3c4,quiet,15,0.269485,192.0,0
8/4k3/8/7r/5p2/8/5K2/R7 w - - 2 72,-143.0,-28.0,f2f3,quiet,5,0.154701,115.0,0
8/2B2k2/5n2/6R1/3N4/1P1n2P1/P5K1/4r3 b - - 2 28,-320.0,-334.0,e1d1,quiet,11,0.009241,14.0,0
2kr4/1pp1bp2/6p1/pR2P3/7p/P4q2/2Q2P1K/6R1 b - - 1 28,274.0,310.0,e7a3,capture,17,0.027434,36.0,0
r1r3k1/5pp1/1Rn2n1p/1Nppbq2/5P2/3P4/1P4BP/2BQ1RK1 b - - 0 20,72.0,160.0,e5d4,quiet,23,0.113095,88.0,0
r1br2k1/1p3pb1/q6p/P2nNp2/3p4/6P1/1Q1B1PBP/R3R1K1 w - - 0 29,-39.0,-12.0,b2d4,capture,23,0.038628,27.0,0
8/k7/2b5/1p4P1/p2R4/4R3/6r1/4K3 w - - 4 47,160.0,123.0,d4d6,quiet,9,0.045284,37.0,0
3qk2r/r3npp1/2n2b2/1B1N3p/1P2p3/P3P2P/1B3P1P/R2QK2R b Qk - 0 12,-71.0,21.0,f6b2,capture,24,0.130963,92.0,0
1r6/8/B7/6R1/3k4/4n2P/5p2/7K w - - 1 50,-123.0,-241.0,h1h2,quiet,8,0.130193,118.0,0
rq2k2r/p2b1ppp/n7/1Nb5/2P1P2P/8/PP4P1/R1BQKB1R b KQkq - 0 14,24.0,145.0,b8g3,quiet,24,0.162861,121.0,0
3rr1k1/p4pp1/3n3p/2N5/1P6/P4Q1P/2q2PP1/3R1BK1 w - - 2 28,30.0,-1.0,f1d3,quiet,19,0.044506,31.0,0
r4rk1/1p1N3p/2p3qp/p3Q2N/P2P4/5PPb/1P5P/R5K1 w - - 5 25,44.0,177.0,d7f8,capture,21,0.171772,133.0,0
3k3r/pb2ppb1/2p1nn1p/4q3/1PB4Q/P1N5/RBP2PPP/6K1 w - - 0 20,-27.0,-76.0,a2a1,quiet,24,0.068883,49.0,0
r1b1k2r/2pq1pp1/p2bpn1p/Np6/6PP/2B1P3/P2P1P2/1R1QKB1R b Kkq - 3 10,-12.0,13.0,f6d5,quiet,27,0.035962,25.0,0
8/p1R5/kp6/2p5/2P5/KP6/2r5/8 w - - 8 44,-67.0,-114.0,c7e7,quiet,9,0.063171,47.0,0
6k1/6pp/8/2q1pp2/4p3/4P1P1/2P1NPKP/R7 b - - 1 32,133.0,253.0,c5c2,capture,15,0.128409,120.0,0
3r1rk1/R1R5/2p1p2p/4nn2/1P4p1/2P3PB/4K2P/2B5 w - - 0 27,-213.0,76.0,c1f4,quiet,18,0.380801,289.0,0
3rk3/4b2p/p5r1/5p2/1p3p1P/5K2/PP3N2/2R1R3 b - - 3 36,294.0,247.0,d8d4,quiet,16,0.038912,47.0,0
2q1kb1r/pb1p1pp1/1p2p3/6Pp/Pn2PP1n/NP4R1/1B1P1N1P/3QKB2 b k - 2 13,-107.0,-20.0,c8c7,quiet,28,0.120544,87.0,0
4rkr1/p2p3p/2pP4/5p2/PPb2P1q/2N2P2/1PKQ4/3R2N1 w - - 1 22,-61.0,-57.0,a4a5,quiet,21,0.005594,4.0,0
r1b1k2r/1p3p1p/p1n3p1/q2pP3/4n3/NB2b3/PP3PPP/R2Q1KNR w kq - 0 10,-193.0,-193.0,f2e3,capture,27,0.000000,0.0,0
r2qkb1r/p1pn1p2/1pPp2p1/6Pp/8/2N1P3/PPPQB2P/R3K1R1 b Q - 0 13,-203.0,-138.0,d7e5,quiet,26,0.074111,65.0,0
2r2k1r/p4pp1/n2Rn3/1B2P2p/1P6/Pb6/5KPP/2B4R w - - 1 20,28.0,210.0,b5a6,capture,20,0.229888,182.0,0
r1b2rk1/p4ppp/1q2p1n1/p1Rp2N1/3P4/1P2P2P/P1QN1PP1/5RK1 w - - 4 12,94.0,97.0,d2f3,quiet,26,0.004007,3.0,0
5k2/1r3pb1/7p/1p5R/pR2P3/P3N1P1/2b2K2/8 b - - 1 36,-88.0,-88.0,c2b3,quiet,15,0.000000,0.0,0
8/8/4r3/3N4/1K1B4/7k/8/8 b - - 6 58,-242.0,-224.0,e6e4,quiet,5,0.017027,18.0,0
8/8/8/8/6p1/5r1k/8/R5K1 w - - 4 76,-332.0,-329.0,a1a5,quiet,5,0.001951,3.0,0
8/3k1p2/8/p2KP3/1p6/1P6/P3R3/8 w - - 6 56,889.0,932.0,e2h2,quiet,9,0.001300,43.0,0
3k1r2/qpp4p/3p1pbb/P3n1p1/1PP3P1/3N3P/1B1N1P2/R2K1B1R w - - 1 21,40.0,-14.0,a1a3,quiet,25,0.077448,54.0,0
r3nb2/3k1pp1/2b1p2p/1p1p4/3P2P1/2BBPN2/4KP1P/2R5 b - - 1 26,-15.0,34.0,f8d6,quiet,21,0.070348,49.0,0
8/8/2R3pk/5B1p/5n2/r7/5K2/8 w - - 0 78,-357.0,-323.0,f5c8,quiet,8,0.021238,34.0,0
7r/p2p1k1p/3Ppp2/2P4n/3P4/Pr3P1P/R2K1P1B/7R w - - 1 22,313.0,114.0,a2c2,quiet,20,0.199950,199.0,0
2kr2r1/pp2bp1p/1qp1b3/3pP3/3N1Q2/1N1P2P1/PP5P/R4R1K b - - 8 15,0.0,-12.0,e7g5,quiet,24,0.017263,12.0,0
r2qrk2/pnp2Bpp/8/8/b2P1B2/4P1PP/Q4P2/5RK1 b - - 0 20,123.0,-13.0,b7d6,quiet,20,0.188669,136.0,0
r1bq1Bk1/p7/2pb2p1/3p3p/3P3n/2pB1P2/PP2Q1P1/R2KRN2 b - - 0 18,39.0,51.0,c3b2,capture,24,0.016981,12.0,0
3r2k1/2p1q3/1pn2b2/p4bN1/P1Pn4/R2NBP2/1P4P1/2QK1B2 w - - 0 23,-179.0,-31.0,g2g4,quiet,22,0.192500,148.0,0
8/6R1/3p1kp1/4p2p/4P2P/5KP1/2r5/8 w - - 44 55,-167.0,-202.0,g7d7,quiet,11,0.038454,35.0,0
6r1/3bB1kp/p2P4/5p1B/8/1P5P/P2r3P/4R2K w - - 7 40,286.0,273.0,e1g1,quiet,16,0.010398,13.0,0
r2q1rk1/1b1p1p2/5n1p/1p2p1p1/4P3/3BB3/P3QPPP/1R3RK1 w - - 0 14,15.0,112.0,b1b5,capture,23,0.134247,97.0,0
5Q2/kp6/p3p3/4Nn2/Pp1pB1p1/1P1P3P/2q5/4R1K1 w - - 0 31,672.0,755.0,f8b4,capture,18,0.007674,83.0,0
4r1k1/p2Q4/6p1/8/2pNqP2/2B5/PKN5/5r2 w - - 0 32,-123.0,-120.0,d7d6,quiet,14,0.003830,3.0,0
8/3p3p/rPp5/5k2/1K2p2P/4B3/8/8 w - - 0 39,-232.0,-91.0,b6b7,quiet,10,0.163704,141.0,0
5r1k/p4bp1/1p1P3p/3pR3/P7/4B2P/1P2B1pK/8 b - - 0 30,-1.0,-191.0,f8d8,quiet,17,0.248724,190.0,0
8/pk1r4/1np5/R5Rp/7P/5b2/1P6/2K5 w - - 3 39,-194.0,-246.0,c1c2,quiet,12,0.051339,52.0,0
4r3/1k6/2b3Q1/1pq5/4p1pP/6P1/1RP3BK/4B3 w - - 5 38,261.0,405.0,g6g4,capture,15,0.093504,144.0,0
3r2k1/6p1/4r3/3n1pq1/2Q1p3/1P4P1/P2P2P1/R4N1K w - - 1 31,-237.0,-366.0,h1g1,quiet,17,0.095114,129.0,0
r2q1rk1/1p2bbpp/2n5/p1pnpp2/P7/N2PPP1N/1P1BB1PP/R2QK2R w - - 12 11,-186.0,-92.0,a3c4,quiet,30,0.115342,94.0,0
r1b2rk1/1pq1bppp/5n2/pBn1p3/N3P3/P4PP1/1BPQN2P/R3K2R b KQ - 2 12,104.0,155.0,f8d8,quiet,28,0.064002,51.0,0
3qk1nr/r4pp1/p1nbb3/1ppp4/3P3P/2N1P3/PPP2Q2/R1B1KBNR b k - 3 9,180.0,175.0,b5b4,quiet,28,0.005602,5.0,0
1q6/6pk/6rp/3Q1B2/p4P1P/P2P2P1/1r3P1K/R7 w - - 1 30,47.0,505.0,d5e6,quiet,17,0.380963,458.0,0
5rk1/p4p2/3b2pQ/1p4P1/3p4/P4b1P/1q3P2/R3B1K1 w - - 0 24,-292.0,-853.0,a1d1,quiet,18,0.149661,561.0,0
2rqkb1r/pb3p2/2n2p2/2p5/Q2p3B/3P2PP/PP2PPB1/R3K1NR b KQk - 0 10,-129.0,-87.0,h8h4,capture,26,0.054910,42.0,0
7k/2r4p/2q2p2/8/6Q1/1N4P1/1K3P1P/8 w - - 4 34,-240.0,-216.0,g4d4,quiet,11,0.023085,24.0,0
1B6/1p1k4/p7/2p5/8/PP4P1/6P1/1b3K2 b - - 1 32,-46.0,-15.0,b1c2,quiet,11,0.044242,31.0,0
8/3nkp2/p6R/2q3p1/1b6/4PB1P/p3NPP1/B4K1R b - - 4 24,29.0,-70.0,c5c2,quiet,18,0.141034,99.0,0
r7/pppq1pk1/2np3p/b7/2P1rPb1/N3P3/P2PN1RP/R2Q2K1 w - - 0 15,-353.0,-173.0,h2h3,quiet,25,0.153874,180.0,0
3R4/1k6/pP2K3/P7/8/8/8/5r2 b - - 34 63,-247.0,-133.0,f1e1,quiet,7,0.123057,114.0,0
5r1k/2Q4p/1P4p1/4R3/1q1p1P2/2nB1P1P/p1P2K2/R7 b - - 1 33,-316.0,-516.0,b4b2,quiet,18,0.090765,200.0,0
r1bqkbn1/6p1/2p1n2r/pP1pPQ2/P6p/4PN2/1P1N2PP/R1B1KB1R b q - 4 13,-48.0,-100.0,g8e7,quiet,28,0.071424,52.0,0
8/7K/6p1/Pk3r2/1nR5/8/7P/8 w - - 2 51,-146.0,-152.0,h7g6,capture,8,0.007223,6.0,0
r3k2r/ppq1np2/2ppn2p/8/2PbB2P/P1N2P2/1PQ3PB/1K1R3R w kq - 3 18,171.0,163.0,d1d4,capture,26,0.009215,8.0,0
8/4p1k1/6p1/2P4p/3q2p1/4P1P1/5P2/6K1 w - - 0 36,-756.0,2.0,e3d4,capture,11,0.490160,758.0,0
r7/2k2n1p/4RP2/3n1P1P/p2P4/B4N2/5K2/8 w - - 1 43,392.0,495.0,f3e5,quiet,14,0.040078,103.0,0
r2qk2r/p3n2p/1ppb1ppP/2n5/P1BR4/2P2b2/3N2P1/2BQ1RK1 w kq - 0 16,-47.0,92.0,d1f3,capture,25,0.196617,139.0,0
6k1/1p3p1p/2p2r2/3b2B1/1r1p3p/p2B1P1R/P4PK1/7R b - - 1 37,113.0,137.0,f6e6,quiet,19,0.030420,24.0,0
4k3/Nb1p1p2/1P1bp3/6q1/8/p3P2P/3Q2P1/6K1 b - - 0 29,526.0,690.0,d6c5,quiet,15,0.027693,164.0,0
2bqr1k1/2r2pb1/pQ1p1np1/P7/1p1P4/4B3/1P2BPPP/RN3RK1 b - - 4 14,90.0,185.0,f6d5,quiet,25,0.116935,95.0,0
r1bq1rk1/1p4pp/p1n2p2/3pn3/N7/3B1N1P/1PPQ1PP1/R3R1K1 w - - 0 15,109.0,18.0,d3e2,quiet,25,0.126031,91.0,0
rkbQ1bnr/1p1R4/p1p2pp1/4P3/4Np2/6P1/5P1P/2q2BK1 w - - 0 18,-326.0,-248.0,d8f8,capture,22,0.060693,78.0,0
4r1k1/p4pp1/1p4q1/5n1p/P2P4/1PN2P2/3Q2PP/2R3K1 w - - 8 24,51.0,78.0,c3e4,quiet,19,0.037530,27.0,0
3R4/5pk1/8/6pp/8/2r4P/5PK1/8 w - - 0 43,-159.0,-149.0,d8d5,quiet,9,0.011896,10.0,0
6k1/1p3r2/1p2Q3/6q1/3B4/8/rPB5/7K w - - 1 34,-237.0,89.0,e6e8,quiet,11,0.421806,326.0,0
b2k2nr/3p1ppp/2q5/4R3/1p1p1N2/5PP1/1P5P/1NBQ2K1 b - - 0 13,-118.0,-48.0,c6f3,capture,21,0.094933,70.0,0
r1b1kb1r/1pp2p2/2n3p1/pB1n3p/P3N3/5P2/1PP1N1PP/R1B1K2R b KQkq - 1 9,-113.0,19.0,d5b4,quiet,26,0.184435,132.0,0
8/2r1k2p/1bB5/4pp2/1P5P/1N4P1/5P2/1R4K1 b - - 0 34,-370.0,-31.0,c7c6,capture,14,0.349280,339.0,0
8/8/3p1rnk/1N1Pp2p/1p2P2P/1Pp5/K1P5/7R b - - 7 59,223.0,176.0,g6f4,quiet,16,0.049444,47.0,0
r2q1rk1/pb3p1p/1p1b1n2/2p2p2/3p4/PP5P/1BPPNPP1/RN1QR1K1 w - - 0 13,-51.0,-110.0,d2d3,quiet,28,0.080345,59.0,0
rnb2rk1/1p2qpbp/2pp3p/p7/1P1P4/3BPNP1/P2N1P1P/2RQK1R1 w - - 0 10,-54.0,35.0,b4a5,capture,28,0.127292,89.0,0
4Q3/3R3r/5K2/4n3/p3k3/P7/8/8 b - - 1 66,-515.0,-714.0,h7h6,quiet,8,0.032911,199.0,0
1r2k2r/4bpp1/P2qb2p/8/2pP4/2n2B2/1P4PP/R1BQ1RK1 w - - 0 18,36.0,352.0,b2c3,capture,22,0.331905,316.0,0
r2q2k1/p3Bpp1/2p2n1p/4Q3/2Pp4/1N1P2Pb/P4P1P/R5K1 b - - 3 22,259.0,102.0,f6g4,quiet,22,0.173504,157.0,0
rq2kbnR/2pb1pp1/8/p1n5/1pP1p3/4BNP1/PPQNKP2/R7 w q - 0 16,51.0,236.0,e3c5,capture,25,0.222648,185.0,0
1k3b1r/8/p1p3pn/P3P2p/4NP2/4P3/1r3P1P/3R1K2 b - - 1 21,271.0,367.0,h6g4,quiet,18,0.065770,96.0,0
2k1r3/1r1q4/5Q1p/1P3p2/4p3/N1P1P3/2KP4/2B2B1n w - - 5 25,42.0,-45.0,a3c4,quiet,17,0.124551,87.0,0
8/2R3p1/r7/3kP3/3b4/6pP/2PB2K1/8 b - - 0 34,-10.0,0.0,d4e5,capture,11,0.014387,10.0,0
r1b1k2r/pppp4/4n1pp/3Qp1q1/4P3/1PN1P3/P1P3PP/R3KB1R w kq - 3 12,50.0,-5.0,e1d2,quiet,26,0.078658,55.0,0
5kn1/ppq3p1/2r2p2/3p3p/Pb4b1/1P1BPN2/1Q2KPPP/7R w - - 0 21,-327.0,-359.0,b2d4,quiet,23,0.019729,32.0,0
8/3b2k1/3P4/K7/8/8/8/8 w - - 0 77,-81.0,-333.0,a5b6,quiet,4,0.257291,252.0,0
8/8/8/3Nn3/8/1r6/3k3K/8 w - - 10 60,-560.0,-613.0,h2g1,quiet,5,0.009780,53.0,0
r7/P1p2pbp/2kn2b1/2pp4/2r2N2/5P2/R2BNKP1/7R b - - 2 25,261.0,193.0,g7f6,quiet,20,0.065623,68.0,0
r4b1r/p1pq1k2/P3pn1p/R1p2pp1/1pP2P2/1Q1P2P1/1P1NP2P/2B1K2R b K - 3 13,-19.0,28.0,f7g6,quiet,28,0.067524,47.0,0
r3k1nr/1ppb2pp/p7/P1b1Pp2/2PP4/7P/2N1B1P1/R1B1K2R b - - 0 20,-223.0,-157.0,c5e7,quiet,24,0.071355,66.0,0
2kr3r/2p2pp1/pp6/4pPPp/P1n1P2P/2Pb1B2/P6R/R3K1B1 b - - 5 19,198.0,81.0,c8b8,quiet,24,0.143138,117.0,0
1k1r4/pbp2p2/5B1p/2bq1B2/8/pP4P1/2PP2PK/R4R2 w - - 6 22,-528.0,-524.0,f5h3,quiet,20,0.001014,4.0,0
8/2rBK3/1k5P/8/p7/8/2b1R3/8 b - - 2 54,-83.0,99.0,a4a3,quiet,8,0.255963,182.0,0
3k4/1p1n1r2/3p4/p4PKp/2R5/2P5/PP6/8 w - - 2 42,-145.0,-248.0,a2a4,quiet,13,0.109182,103.0,0
2k3r1/7R/p6p/P1p5/2P5/3Pr1b1/1P4B1/1Q5K b - - 4 33,-279.0,-218.0,e3e1,quiet,15,0.054714,61.0,0
2rqr1k1/1p3ppp/p3bn2/P2p4/1b6/1P1QPB2/1B1N1PPP/R2R2K1 w - - 7 15,-119.0,-32.0,d3d4,quiet,26,0.118936,87.0,0
4k2r/1q1n1p2/4p3/1p4p1/1QpPb3/2P2N1P/4PPB1/5RK1 w - - 0 20,-11.0,9.0,f1a1,quiet,20,0.028774,20.0,0
2k5/8/pp2p3/2p2p1p/2Pn1P2/PP1N2PP/8/2N2Kb1 b - - 2 28,129.0,87.0,g1e3,quiet,18,0.054910,42.0,0
1rb2rk1/2p3p1/2qb1n1p/1p2p3/1P6/2N1PN1P/1BPPQ1P1/1R3RK1 b - - 0 13,-40.0,18.0,c8e6,quiet,25,0.083193,58.0,0
8/8/8/1r4p1/4K3/5P2/3B2k1/8 b - - 18 73,285.0,260.0,g2h3,quiet,6,0.020537,25.0,0
8/1k1p3p/p1b4P/8/8/3r2q1/2K5/2R1R3 w - - 0 35,-978.0,-1049.0,e1e7,quiet,11,0.001197,71.0,0
6k1/2R4p/p2pr1p1/8/p2b4/1P4P1/6KP/8 w - - 0 30,-455.0,-485.0,b3a4,capture,13,0.010149,30.0,0
3rk1r1/4n2p/pp3p2/b1p4q/2P1P3/PR2QN2/4PKBP/7R w - - 2 23,47.0,12.0,h1b1,quiet,22,0.049966,35.0,0
r4b1R/5k2/1p3p2/1b1P4/p1p5/2N1P2P/3B1K2/8 w - - 0 32,36.0,122.0,c3b5,capture,15,0.117071,86.0,0
1k6/2bR4/5r2/p6p/2K1N3/7P/5P2/8 b - - 17 52,34.0,42.0,f6f4,quiet,10,0.011376,8.0,0
8/4R1pk/7p/5p2/3pn3/2q2PPn/4B3/3Q1K2 b - - 0 54,-27.0,392.0,e4g3,capture,14,0.443991,419.0,0
5Q2/6pk/2q1pn1p/4Pp1P/4RP2/3P1K2/r7/8 b - - 9 45,559.0,1431.0,f5e4,capture,15,0.038235,872.0,0
8/r5k1/1p1R2p1/7p/1PP4P/5BP1/2q2PK1/b3Q3 b - - 14 35,-269.0,-345.0,c2c4,capture,16,0.054622,76.0,0
3k4/p4p2/8/7Q/3B4/2P1Kp2/q7/8 b - - 4 38,-232.0,-175.0,a2e2,quiet,9,0.059242,57.0,0
2k5/p1p4p/1pb5/8/7B/P2P3P/P1PK4/4RBrn w - - 2 21,309.0,109.0,e1e6,quiet,17,0.203630,200.0,0
5r2/2k2Np1/2p4p/p4R2/P2P4/6b1/2r5/4R2K w - - 0 29,-173.0,-309.0,e1e7,quiet,14,0.125297,136.0,0
3qr1kb/5p1p/b1n3pP/p1p1n1P1/1p1p1B2/3P1P2/PPP1N1B1/R2Q1RK1 w - - 0 20,126.0,103.0,f1f2,quiet,28,0.029742,23.0,0
5r2/2k3p1/p3p3/3b2n1/1R1P3R/8/2P3B1/3K4 w - - 0 31,12.0,49.0,g2d5,capture,13,0.052790,37.0,0
7k/bpp4p/5N2/p4P2/P5P1/2P1p3/1P1r3P/2KB4 w - - 1 33,-41.0,-205.0,h2h3,quiet,17,0.206230,164.0,0
1k1r4/p7/5p2/3n1q1p/PP6/3N2R1/1P4BP/4R1K1 b - - 2 31,43.0,0.0,d5b4,capture,16,0.061568,43.0,0
8/5k2/8/6p1/7P/8/4RK2/2r5 w - - 2 60,14.0,19.0,h4g5,capture,6,0.007179,5.0,0
8/4kp1p/r1pN4/4P3/3PKPP1/8/1r5P/2R5 b - - 0 30,-49.0,-65.0,b2h2,capture,14,0.022413,16.0,0
1R6/8/2K5/6r1/8/p1k5/8/8 w - - 2 50,-470.0,-451.0,b8a8,quiet,5,0.006738,19.0,0
r7/pppk1p2/2n1b3/2bp1p1r/3P1p2/2P2N1B/PP2PK2/R6R w - - 0 17,-486.0,-172.0,d4c5,capture,23,0.213438,314.0,0
6k1/6p1/2p2r2/2Qb4/3Pp1qp/4R3/5P1P/Q3KR2 w - - 13 49,524.0,753.0,e1d2,quiet,16,0.033754,229.0,0
2kr2nr/pppbqpb1/6p1/4p2p/2PnP3/PP3N2/1BQPBNPP/R4RK1 w - - 1 12,35.0,97.0,f3d4,capture,30,0.085878,62.0,0
r2qk2r/ppp5/2np2np/5b2/P1PPNp2/P1N2PP1/5K1P/2BQ1B1R w - - 1 15,-19.0,42.0,d4d5,quiet,27,0.087466,61.0,0
8/5Rpk/8/p5pP/r3r3/4BK2/5P2/8 w - - 0 55,-232.0,-249.0,f7f5,quiet,11,0.015675,17.0,0
4rrk1/p2n2p1/3p1q2/1ppP1p1P/5P2/PP1QPB2/8/2RK2R1 b - - 1 26,15.0,-9.0,c5c4,quiet,22,0.034522,24.0,0
8/1P4k1/2r4p/1R3p2/2P1p3/8/5Kn1/8 b - - 3 55,231.0,-215.0,e4e3,quiet,10,0.565951,446.0,0
5rk1/4r3/p1p1b1pp/1p1nPpN1/1Pq5/2P4P/P3R1PK/4QR2 w - - 0 24,-235.0,-364.0,g5e6,capture,23,0.095869,129.0,0
6k1/pp6/6P1/3n3r/Pb6/2B4P/6P1/1R5K b - - 0 40,260.0,364.0,b4c3,capture,13,0.073372,104.0,0
8/5p2/p4P2/4kPBK/PP4P1/8/4b3/8 w - - 5 39,569.0,551.0,a4a5,quiet,11,0.003817,18.0,0
r1b2r2/1p3ppk/3p4/p1q5/8/N4Q2/RP3PPP/5RK1 b - - 0 15,11.0,89.0,c5f5,quiet,19,0.109526,78.0,0
r3kbnr/1b1p2p1/5p2/pB2p2p/PpNpP3/1P1P4/1B2KPPP/R6R w kq - 0 12,56.0,107.0,c4b6,quiet,27,0.069395,51.0,0
2rk1b2/q3r2p/2p3p1/2N2p2/PP1PBP1P/3Q2P1/1B6/R4K2 b - - 0 30,-313.0,-171.0,f5e4,capture,21,0.130393,142.0,0
r4rkb/1bq2p1p/n1Np1npP/1B2p3/p3P1P1/2P1BP2/PP6/R2QK1NR w KQ - 3 13,112.0,95.0,g4g5,quiet,29,0.022413,17.0,0
Q1rk4/3n4/3b4/6q1/1p1PR3/6N1/P5K1/8 w - - 8 54,-278.0,-628.0,e4e8,quiet,12,0.141730,350.0,0
2kr3r/pbp2pp1/1pnq1n2/3pN3/3P4/2NB3P/PPP2PP1/R2QR1K1 b - - 1 12,-131.0,-164.0,d6e6,quiet,27,0.039848,33.0,0
r3kb1r/4npp1/1pn1p2p/p1p5/Q1P2PPq/P1N2P2/1P1BK2P/3R1B1R b kq - 6 9,-118.0,-58.0,h4f6,quiet,28,0.080872,60.0,0
2kr4/1b2bp1p/4p1pB/pQprq3/2R1P3/8/2N2P1P/R3K3 b Q - 3 22,240.0,307.0,d5d3,quiet,21,0.054873,67.0,0
4Qb1r/2pq2pp/p1n2k2/1p6/1P1p1p2/P1N2P2/1BP3PP/2KRR3 b - - 0 18,-224.0,-400.0,d7e8,capture,24,0.125037,176.0,0
rn2k1nr/7p/2pq2pb/1p3p2/p2Pp3/1QN1P2P/PP3PBP/R1B1K2R w kq - 0 10,-47.0,-74.0,b3c2,quiet,28,0.037684,27.0,0
r1bqk2r/1pp3pp/3p4/p3n3/2P3P1/2P5/P3PPB1/R1BQK2R w KQkq - 0 9,35.0,108.0,d1d4,quiet,24,0.100405,73.0,0
4k1nr/pp2bp2/6p1/3nNbP1/3PNP1p/P3P2P/1P1B2B1/4K2R w K - 5 19,198.0,327.0,e4c5,quiet,24,0.110243,129.0,0
rn5r/pbq3k1/4Qpp1/1Bb2n1p/N2p1P1P/P4N1R/1P1B2P1/1K2R3 w - - 0 19,192.0,131.0,b5d3,quiet,26,0.071170,61.0,0
8/8/2p5/p3p3/2p1Pk2/P1Nb4/5K2/8 w - - 36 61,-418.0,-495.0,a3a4,quiet,10,0.027991,77.0,0
2k5/pp1n1p2/3R4/2pP4/5P2/P6r/1B2r3/R5K1 w - - 0 22,-171.0,-308.0,b2g7,quiet,15,0.126858,137.0,0
1rbq3r/p3nkp1/3p1p1p/3p4/P2n3P/B2B1P2/2Q2KP1/R5NR w - - 0 13,-53.0,-161.0,c2d1,quiet,24,0.140737,108.0,0
rkb4r/8/p1p3p1/2Qn4/2N2p2/6P1/5P1P/2q2BK1 w - - 5 26,-524.0,-583.0,c5d6,quiet,17,0.012992,59.0,0
r1b1k2r/p1b3pp/2p1pq2/2Nn1p2/1pBB4/5Q1P/PPP2PP1/2KR3R b q - 3 17,-198.0,-170.0,e6e5,quiet,27,0.030809,28.0,0
3rkb1r/1p3pp1/2b1pn1p/p1p5/2P2B1P/2N2P2/PP2BP2/3RK1R1 w k - 3 13,-29.0,-9.0,d1d8,capture,25,0.028689,20.0,0
5b2/2p5/ppk5/5p2/P1KBp3/1PN5/2P5/8 w - - 0 28,136.0,93.0,d4f6,quiet,13,0.055570,43.0,0
8/8/8/5p1p/7P/1R5K/5k2/3r4 w - - 2 70,-164.0,-281.0,b3b2,quiet,7,0.114540,117.0,0
1k6/4q2p/5p1P/p2R2p1/PpN1rbP1/1P6/2P3Q1/1K6 w - - 0 48,63.0,128.0,g2f2,quiet,18,0.086618,65.0,0
5rk1/8/q5pb/3Pp3/p1N1Pn1p/1P3R1P/1PR3PK/3Q4 b - - 0 30,-198.0,-344.0,a4b3,capture,20,0.121066,146.0,0
r4b1r/pp3kpp/4bp2/3p1n2/8/NPq5/P3BPPP/1RBQ1RK1 b - - 1 12,29.0,29.0,f8a3,capture,25,0.000000,0.0,0
2k1r3/pp6/2p1P3/3p4/1b1P1B2/PPNb3r/1K3R2/6R1 b - - 0 36,22.0,71.0,b4c3,capture,18,0.069160,49.0,0
2bq1rk1/bp3pp1/3p4/p2n3p/P2P4/5PP1/1P3N1P/R1BQ1RK1 w - - 0 15,135.0,84.0,f2e4,quiet,24,0.066475,51.0,0
3b2k1/3P1rp1/4Q2p/4p3/5n2/P7/1P6/1KR5 w - - 2 30,541.0,625.0,e6e8,quiet,13,0.015869,84.0,0
1r4k1/2p2b2/8/3Pp1p1/1b2B3/6N1/P1p2B1P/1R4K1 w - - 0 31,25.0,333.0,e4c2,capture,16,0.335877,308.0,0
6k1/1p3pp1/p7/2p2P2/2Pnq2P/P1R5/KQ1R4/3B1r2 w - - 5 37,200.0,261.0,d1c2,quiet,18,0.058191,61.0,0
6k1/p2r1q1p/p1b2pp1/5r2/2PB1N2/1Q6/P2R1PP1/6K1 w - - 3 31,-159.0,-183.0,d4e3,quiet,19,0.027355,24.0,0
4k3/pb6/p2PP3/8/7P/6P1/8/2b2K2 b - - 0 37,395.0,450.0,b7d5,quiet,10,0.023558,55.0,0
4r1k1/1p3p1p/2p3p1/5b2/p4P2/P2q3P/1P1Q1PB1/2R3K1 w - - 0 20,-135.0,-135.0,d2d3,capture,19,0.000000,0.0,0
8/1p4k1/p1r4p/6p1/PP4N1/2P2PP1/2R5/2b2K2 b - - 2 35,-190.0,-101.0,c1a3,quiet,15,0.107693,89.0,0
7Q/4k1p1/2p2n2/p1b5/2BpP1q1/1P6/PB1P3P/R3KR2 w Q - 1 18,812.0,924.0,e4e5,quiet,19,0.004372,112.0,0
r4rk1/pp3pbp/1q1pbn2/8/2BR4/1PN1PPpP/3B2P1/3QK2R b - - 5 15,106.0,187.0,d6d5,quiet,25,0.097840,81.0,0
1k5r/1p3R2/2n2p2/6p1/P5P1/1Pb2P1p/7P/1K1R4 b - - 3 30,116.0,169.0,c6e5,quiet,16,0.064687,53.0,0
rn2k1nr/pp1qppb1/3p2p1/3N3p/3N4/6P1/PPP1PP2/R1BQ1RK1 w kq - 2 9,68.0,3.0,c2c3,quiet,27,0.092312,65.0,0
r3kbr1/1p5q/2p1bp2/p3pN2/1P2P1n1/2Q4N/P2B2B1/R4RK1 w - - 0 22,-71.0,58.0,b4a5,capture,23,0.183480,129.0,0
6k1/2Rb2p1/p3r3/1p6/1P3P2/P2Q2K1/3qPB2/8 b - - 2 41,13.0,-138.0,d2d3,capture,15,0.207473,151.0,0
8/1p1r1k2/2r5/p1R3p1/4p1P1/4P1K1/1PR2P2/8 w - - 2 33,315.0,244.0,c5f5,quiet,14,0.056849,71.0,0
1k2r3/1pnq4/3b4/p2p3p/P5p1/1P1Q2P1/NB3P1P/2R3K1 w - - 4 27,31.0,10.0,a2c3,quiet,20,0.030107,21.0,0
4kb1r/1p3p1p/6r1/p7/3n2b1/2P5/PP4P1/RN2KB1R w KQk - 0 14,-243.0,-108.0,c3d4,capture,19,0.151392,135.0,0
2kr2nr/pbpp2p1/1p1b1q2/2nP4/P1P3P1/NQ6/1P1B2B1/2KRR3 w - - 5 17,-204.0,-243.0,b3c3,quiet,25,0.038072,39.0,0
1q2r1k1/3bbp2/5npp/8/1P1Q3P/4PB2/2P1N1R1/2KR4 b - - 1 24,-167.0,-44.0,g8h7,quiet,19,0.160403,123.0,0
1nbqkbr1/1pp2p1p/r3p3/5n2/P1p3pP/4P1P1/1B1PNPB1/RN1Q1RK1 b - - 1 9,96.0,101.0,d8d3,quiet,29,0.006647,5.0,0
6k1/6p1/2q4p/5Q2/2r2BKP/6P1/8/8 w - - 21 54,-270.0,-287.0,f5d3,quiet,10,0.013649,17.0,0
8/1p3n2/4NK1p/2p2P2/1k4P1/7P/8/8 b - - 3 50,-219.0,-230.0,f7d6,quiet,10,0.010704,11.0,0
2r3k1/1B3qn1/1P1pp3/p7/2P5/5Q2/P4PP1/1R4K1 b - - 0 33,-364.0,-329.0,c8c4,capture,16,0.021254,35.0,0
r2r2k1/n1p1b1p1/4p1N1/1pPN3p/p2P1P1R/4B1pP/1P4K1/6R1 b - - 0 31,56.0,31.0,e7h4,capture,23,0.035405,25.0,0
3r4/2P1k3/3p3p/7r/p1P3p1/B7/2B1PPK1/3R4 b - - 0 35,-457.0,-626.0,d8c8,quiet,15,0.040683,169.0,0
2nrk2r/2q3p1/2p1bn2/p1b1pP2/Pp5P/1P3PPB/2PNQ3/1NKR3R w k - 0 19,-106.0,167.0,f5e6,capture,27,0.371371,273.0,0
r2qk2r/1bpp2b1/1p2P1p1/p5Np/2BnpPnP/P1N5/1PP3P1/R1BQ1K1R b kq - 0 11,12.0,107.0,d4e6,capture,30,0.132032,95.0,0
1k1rq3/1p3r2/p1p4p/2Nnb1p1/1P1p2P1/P1nP2QP/2P2PB1/2B1R1K1 w - - 0 26,-307.0,116.0,e1e5,capture,26,0.515112,423.0,0
7r/1bpk1pp1/5n1p/5p2/2PP4/B5P1/3N3P/5RK1 w - - 0 21,81.0,-15.0,d2b3,quiet,17,0.136075,96.0,0
1k3r2/p1ppq1p1/br6/N3p3/QP2P1P1/5NK1/8/4R3 w - - 1 23,-372.0,-411.0,g3g2,quiet,18,0.019327,39.0,0
Q7/8/4b3/4k3/1K6/1P6/8/6n1 b - - 0 70,-307.0,-527.0,g1e2,quiet,6,0.099958,220.0,0
4k3/8/4p1pp/1P2p3/2BbNn2/6KP/8/8 w - - 38 64,54.0,-173.0,e4f6,quiet,12,0.307338,227.0,0
5r2/8/8/2k3p1/7p/4K2P/8/6R1 b - - 3 56,136.0,106.0,f8f5,quiet,7,0.038317,30.0,0
6Q1/r2np2p/7k/2pNpP2/1pq5/8/P1P4P/1K6 b - - 1 41,791.0,891.0,c4a2,capture,16,0.004534,100.0,0
6r1/2p5/4k2p/p1B1p3/P3b2P/4PP2/PrP4R/3RK3 b - - 0 26,185.0,351.0,g8g1,quiet,18,0.139300,166.0,0
r3kb1r/pb1q1ppp/5n2/4N3/1P1p3P/4P1P1/1PP2P2/R1BQKB1R b KQ - 1 10,-97.0,74.0,f8b4,capture,26,0.240990,171.0,0
8/4b3/4P3/8/k3P3/ppBK4/8/8 b - - 0 48,341.0,250.0,a3a2,quiet,8,0.068535,91.0,0
1n1k2r1/1ppbnp2/1r2p2p/p3P3/2B1PP2/1P3N2/P5PP/R1BR2K1 b - - 0 14,-375.0,-334.0,b6b4,quiet,25,0.024042,41.0,0
r4r1k/p4pp1/q6n/3pN2P/bRpPp2P/2P5/P3BP2/2Q1K1R1 b - - 3 22,90.0,-21.0,f8g8,quiet,24,0.156884,111.0,0
2k5/2p1q2p/8/p7/3Qb3/p7/P5PP/5RK1 w - - 1 33,155.0,322.0,f1e1,quiet,13,0.155192,167.0,0
2k3nr/ppp3p1/7p/8/Pb4bP/R1q5/4PQP1/2BK1B1R b - - 3 15,218.0,535.0,b4a3,capture,21,0.177899,317.0,0
k1r5/1p1b2pp/8/b2q4/P2Bp3/4Q3/5P1P/1R4K1 w - - 2 36,-345.0,-429.0,g1g2,quiet,16,0.042660,84.0,0
8/4k3/3R4/3p4/5r2/2K5/8/8 w - - 10 57,-77.0,-3.0,d6d5,capture,5,0.104715,74.0,0
5rk1/p2p1rpp/3npq2/7P/1p1NB3/5N1R/PPPR1P2/4K3 w - - 1 20,-223.0,-377.0,e4d3,quiet,22,0.114463,154.0,0
8/2p5/1p1bk3/rP5p/p1P1pprP/4B1P1/1P3P2/RR3K2 w - - 0 34,-294.0,-131.0,e3d2,quiet,20,0.164469,163.0,0
2r5/p2ppk1p/4qnp1/1Q6/P4R2/2N1P1PP/P1KP4/8 b - - 6 22,-88.0,-2.0,e6a2,capture,19,0.121124,86.0,0
8/8/8/Bk6/8/8/5p2/5K2 b - - 3 57,-147.0,-2.0,b5a5,capture,4,0.196891,145.0,0
5b2/5b2/2k2P2/p4R2/2p1pP1p/P1NpP2P/7r/R3K3 w Q - 1 28,-11.0,-132.0,a1d1,quiet,18,0.165497,121.0,0
8/p5p1/2pk4/1p6/5r2/PPP2B2/6K1/8 b - - 0 28,635.0,519.0,g7g5,quiet,11,0.022788,116.0,0
1k4r1/p2R1p1p/1pp3p1/2b1P3/5P1P/6P1/q3B2R/4K3 b - - 1 27,634.0,626.0,a2b1,quiet,18,0.001163,8.0,0
r4rk1/p4ppp/2p1b3/Np2p1b1/1P2P1nP/2P3P1/P3B3/R1B2RK1 w - - 0 15,41.0,270.0,h4g5,capture,25,0.266795,229.0,0
7r/3bp3/3r1k2/R2p4/2qN1Pp1/2PnP3/3P2BP/1Q3RK1 w - - 1 24,254.0,256.0,g2d5,capture,20,0.001752,2.0,0
r3k3/1b2ppb1/p1n5/1pP5/3pB1P1/1P6/PBP2r2/1K2R2R b - - 3 23,338.0,343.0,a8b8,quiet,21,0.003115,5.0,0
r3k2r/pbppbp1p/1pP3p1/4P3/1P2nP2/PK3N1P/5qP1/RNBQ1B1R b kq - 2 12,168.0,-24.0,b7c6,capture,29,0.259022,192.0,0
2bk4/p1pq2p1/2n1p1P1/r2B2N1/Np3b2/1P6/PBPP1Q2/R2K4 b - - 0 19,-192.0,-71.0,d7d5,capture,23,0.150463,121.0,0
4qr1k/2p3p1/bn1p3p/5n2/2PbNN2/1Q1B1PP1/6KP/2BR4 b - - 1 22,49.0,-13.0,b6a4,quiet,22,0.088753,62.0,0
rk1q2r1/ppp5/2n4p/2b2B2/5P2/2P2QPP/PP1B2K1/3R4 b - - 4 24,223.0,140.0,g8f8,quiet,21,0.091841,83.0,0
8/5rpk/2b1p2p/2q1Pn2/1pP5/p2R3P/4Q1PK/B1R5 w - - 4 41,-131.0,-183.0,e2d2,quiet,19,0.061363,52.0,0
3qrrk1/3b1pp1/p2P3p/8/2p1PNnP/2N5/PP1Q2P1/R4R1K w - - 2 18,-99.0,-11.0,g2g3,quiet,23,0.122913,88.0,0
6k1/5p2/6p1/3qP1QP/3P3R/1Pr5/P1r5/K5R1 w - - 0 42,416.0,493.0,h5g6,capture,15,0.028270,77.0,0
3k4/5p2/8/5B2/3P3P/4Q3/1p4K1/q7 w - - 0 53,135.0,261.0,e3g5,quiet,9,0.132878,126.0,0
r2qkb1r/ppp3p1/2b2p2/3np2p/8/4PN1R/PB1P1PP1/RN1QKB2 w Qkq - 0 9,-30.0,138.0,f3e5,capture,27,0.231840,168.0,0
3r1rk1/p4pb1/1p4p1/2p1p2p/q1P1P2P/1nP1QP1N/1P4R1/1R2KB2 b - - 1 20,163.0,239.0,a4a2,quiet,25,0.079558,76.0,0
R2b4/3k4/1p4p1/3K3p/8/4B2p/2r5/5R2 w - - 5 35,266.0,223.0,a8a7,quiet,11,0.039107,43.0,0
6k1/p5pp/2p2p2/4pn2/P1P4P/1PN3P1/1KP2P2/3rN2b w - - 0 22,-171.0,101.0,c3d1,capture,20,0.369362,272.0,0
8/5n2/4b2p/8/4kNPK/4Pp2/5P2/8 b - - 29 74,367.0,341.0,e6c4,quiet,10,0.015272,26.0,0
r4k2/5p2/4n3/ppbr2Pp/4pp1N/7P/PP3PK1/1RB4R b - - 5 25,78.0,425.0,d5g5,capture,21,0.309902,347.0,0
N2kr3/pp2b1pp/2np4/2p2b1q/2PpnP1P/5N2/PP4BR/R1BQ2K1 b - - 2 14,143.0,127.0,e4f6,quiet,27,0.019870,16.0,0
1r5r/1p2R1Q1/1kppB3/p3n3/3qP3/P7/KP6/6R1 w - - 3 35,-6.0,-59.0,a2a1,quiet,17,0.075467,53.0,0
8/8/5rk1/6b1/4pn2/8/3R4/5R1K w - - 0 42,-407.0,-354.0,d2c2,quiet,8,0.027659,53.0,0
R2b2k1/3r3p/pp4pP/3rp3/1B6/P2p1P2/6K1/3R4 b - - 1 28,276.0,327.0,a6a5,quiet,17,0.037437,51.0,0
r4rk1/1p1bq1pp/2n1pn2/1N3p2/Rbp2P2/4PN2/1B1PB1PP/3Q1RK1 b - - 0 14,162.0,56.0,a8a4,capture,27,0.137692,106.0,0
5k2/8/5p2/8/p2p1PB1/1p1N1K2/7q/4R3 w - - 0 47,-70.0,-295.0,d3c5,quiet,11,0.245897,225.0,0
r6r/p3bk2/R2p4/1b1Pp1p1/4P2p/4BP2/1P5R/4K1N1 w - - 1 22,77.0,-120.0,a6a7,capture,19,0.275172,197.0,0
r1b1kb1r/ppq1pp2/2p3p1/4N2p/1P1P4/2P1n3/P3QPPP/R3KB1R w KQkq - 0 11,-106.0,-92.0,e2e3,capture,27,0.018594,14.0,0
2rr2k1/1p1nqpPp/4p3/6P1/p2pPPN1/8/5Q2/1R3BK1 b - - 0 31,316.0,292.0,d7c5,quiet,20,0.017429,24.0,0
2q2rk1/2r1ppb1/6p1/2nN1n1p/1R5P/5Q2/2PPNP2/2B2RK1 b - - 9 19,46.0,52.0,c8a8,quiet,22,0.008465,6.0,0
8/8/5kp1/4p2P/6P1/4b3/6K1/8 b - - 2 49,438.0,473.0,e5e4,quiet,7,0.012735,35.0,0
8/1r4pp/p4n2/2kb2P1/P4P2/3R3P/2B5/K7 b - - 0 37,497.0,455.0,f6e4,quiet,14,0.013796,42.0,0
r1b1k1nr/pp4qp/1np1P3/3p4/3PPB2/5P2/P2N2P1/R2QKB1R b KQkq - 0 11,-212.0,-98.0,c8e6,capture,25,0.134720,114.0,0
1kr5/1p6/p3b3/5n2/1P1P1R2/P3p3/4N2P/4KB2 b - - 3 32,110.0,-7.0,c8h8,quiet,15,0.163290,117.0,0
4Rb1r/1k3P1p/1p5p/2p5/2Pn4/p3N3/6P1/B5K1 b - - 4 32,-5.0,18.0,a3a2,quiet,16,0.033076,23.0,0
2r5/1p4k1/1q1b3p/1Pp2Q2/2b2P2/5NPP/6BK/3Rr3 w - - 1 33,-171.0,180.0,f5g4,quiet,18,0.466081,351.0,0
5rk1/2pb2p1/p5q1/P2p1pN1/3B1P1p/1Q1P2rP/6P1/4R2K w - - 0 32,39.0,172.0,b3d5,capture,21,0.173219,133.0,0
4r3/2p2kr1/p1Nq1ppb/1p1Pp2p/4P2N/P5QP/KPP5/5R2 w - - 4 29,-240.0,-216.0,g3d3,quiet,23,0.023085,24.0,0
r1b2k1r/pp2pp2/3p1np1/q2P1n1p/8/2NB1N1P/PPPQ1PP1/R3K2R w KQ - 5 10,-89.0,107.0,e1g1,quiet,28,0.274646,196.0,0
1k1r3r/1bp1qpb1/pp5p/1N1n2p1/1PQ1P3/P4P2/R3B1PP/2B1K2R w - - 0 17,-106.0,-209.0,b5d4,quiet,26,0.121093,103.0,0
r2k1Nn1/2p3R1/1p1p3p/3b1p2/5P1P/p1BP4/2P4P/K7 w - - 4 27,-120.0,-98.0,f8g6,quiet,19,0.028731,22.0,0
8/2pk3p/3p4/6p1/3R2P1/2P1r3/2K4n/2N5 b - - 0 36,268.0,459.0,h2f3,quiet,12,0.109668,191.0,0
8/8/8/q3n1k1/4B3/3PP3/1P2Q3/1K6 w - - 7 65,362.0,419.0,d3d4,quiet,9,0.028412,57.0,0
8/8/8/8/1k6/7p/7K/8 b - - 9 59,98.0,5.0,b4c4,quiet,3,0.130213,93.0,0
8/4k2p/1p3r2/8/1P5Q/P3q3/6PP/3R3K b - - 7 33,-297.0,-395.0,e3f4,quiet,12,0.059891,98.0,0
2kr1br1/1pp2n1p/p1n1b1P1/4pp2/PP2P3/2P1B1N1/1N2BPP1/R3K2R b KQ - 0 17,-58.0,-18.0,h7g6,capture,27,0.056821,40.0,0
r2qk1nr/pbppp2P/8/3P2p1/Q1p1P3/2P4P/P5PR/R3KBN1 b Qkq - 0 10,-209.0,-121.0,h8h7,capture,25,0.101658,88.0,0
4rrk1/p1p2p1p/2N5/1P6/2NpPqP1/3P4/6PP/5R1K w - - 0 32,-412.0,354.0,f1f4,capture,19,0.799349,766.0,0
5k2/3nbpp1/2q5/2p1p3/4P3/r4PP1/1BQPKN2/3R4 b - - 7 26,97.0,91.0,c6a6,quiet,18,0.008032,6.0,0
1b1q1k1r/1p2npp1/r4n2/1N1pB1Q1/P1P5/6P1/3P2B1/R4RK1 b - - 0 20,-41.0,24.0,b8e5,capture,22,0.093215,65.0,0
8/6p1/3k2N1/1p1n2RP/r7/3K4/8/8 b - - 0 51,145.0,163.0,a4a3,quiet,9,0.021412,18.0,0
2rq1rk1/4bpp1/3np2p/1p1b4/p1pP1PPP/P1P5/1P1NQB2/R3KBR1 b Q - 0 18,87.0,176.0,e7h4,capture,28,0.110984,89.0,0
8/k1p5/1p6/q7/2P1PR2/1Q1N4/r3n3/2BK4 b - - 2 42,-188.0,232.0,e2d4,quiet,13,0.538662,420.0,0
2kr1b1r/pppbq3/2n4p/3Bpp2/3P3R/4P1P1/PPQBNP2/R3K3 w Q - 1 12,-45.0,65.0,d4e5,capture,26,0.156867,110.0,0
5Q1R/pp1kpp2/2p1bn2/8/5q2/P1N5/1P2BPK1/2r5 b - - 6 24,281.0,866.0,f4g5,quiet,18,0.158748,585.0,0
1k2r3/2pbn3/1p1n4/p2p1p1p/P2P1P2/1KPBN1P1/2P4P/4B1R1 w - - 7 28,121.0,121.0,g1f1,quiet,23,0.000000,0.0,0
k7/7R/2r4p/7P/4K3/8/8/8 w - - 1 68,180.0,176.0,e4f5,quiet,6,0.004475,4.0,0
4Bk2/1pp5/6R1/p2PP2p/P1KP4/5r1P/3r1b1P/2R5 w - - 1 28,254.0,-73.0,c4b5,quiet,18,0.415396,327.0,0
r3kbnr/2pb1ppp/p2q4/n7/PpBPP3/5N2/1P4PP/RNBQK2R w KQkq - 2 9,-79.0,-37.0,e4e5,quiet,28,0.058724,42.0,0
2bq1rk1/r5bp/p4Bp1/1pp5/3p1P2/1PN1P3/P1PPB1P1/R2QK2R b Q - 0 11,75.0,152.0,d8f6,capture,26,0.099494,77.0,0
2kr3r/p1pq2p1/1bn2p2/1N1b4/Q2p4/3P1NP1/1P1BPPB1/2R3K1 w - - 2 19,12.0,-43.0,c1c6,capture,24,0.078830,55.0,0
rn1qkb1r/1p3b1p/2p2np1/p4p2/2P2B2/PNNP2PB/1P5P/R2QK1R1 b kq - 0 12,-45.0,74.0,f8e7,quiet,28,0.169313,119.0,0
r2qk2r/ppp5/4pnb1/2np2Bp/4P3/N1P2PbN/PPQ3B1/2KR3R w kq - 0 13,-109.0,-36.0,c1b1,quiet,27,0.100288,73.0,0
8/8/2p1k3/5R2/2pr4/2NnK3/8/8 b - - 0 62,247.0,251.0,d4d8,quiet,8,0.003580,4.0,0
5b2/p3rk2/5p1n/2p4P/2P1N3/2P2P2/PrP5/3R1K1R b - - 2 25,-23.0,232.0,b2c2,capture,18,0.324800,255.0,0
2kr1br1/1b1nq2p/p1p3pn/1p6/4P3/1P3N1P/PBPNQ1P1/1K1R1B1R b - - 10 12,-154.0,-75.0,f8g7,quiet,27,0.101879,79.0,0
r2qkb1r/1p1b1pnp/p3p1p1/n2pP3/3P3P/P1NB1PP1/4NK2/1RBQ3R b kq - 0 12,-34.0,-3.0,b7b5,quiet,29,0.044457,31.0,0
r2qk2r/p1np1pp1/4p2p/2bnP3/Pp2N3/8/1PP1QPPP/RNB1K2R b KQkq - 1 9,-69.0,-35.0,c5d4,quiet,28,0.047814,34.0,0
4r2k/R3P2p/1p6/1P6/4bn2/8/2P4P/6K1 b - - 0 29,305.0,471.0,f4h3,quiet,12,0.085017,166.0,0
3q1rk1/1Q2Bpp1/1p2p3/p5P1/P1r5/4P3/3PKP2/6R1 b - - 0 23,210.0,264.0,c4c7,quiet,18,0.050399,54.0,0
8/6k1/4p1P1/4P2P/3P1K2/1r2B3/8/8 w - - 5 35,414.0,331.0,f4f3,quiet,9,0.045035,83.0,0
1nbq1rk1/r3bppp/p4n2/2pp4/3P4/1PPB1N1P/R4PP1/1NBQ1RK1 b - - 0 10,49.0,7.0,a7b7,quiet,28,0.059980,42.0,0
1k6/8/1pK5/1P3B2/P6p/8/8/8 w - - 11 61,588.0,1754.0,c6b6,capture,7,0.032733,1166.0,0
8/2R2pk1/6p1/7p/7P/6PN/rr3PK1/8 w - - 27 50,-351.0,-301.0,c7e7,quiet,12,0.033178,50.0,0
r3kb1r/p1p3pp/5p1n/3Pp3/P7/2Pn1N1P/1P2NPP1/R1B2K1R w kq - 0 12,10.0,21.0,f1g1,quiet,25,0.015797,11.0,0
8/2p1k3/3Rb1q1/8/1p3Q2/8/r4PP1/4R1K1 b - - 0 29,-186.0,176.0,c7d6,capture,12,0.478364,362.0,0
7k/7p/1bp5/p3p3/4Nr2/1P3P1P/2P1K3/6R1 w - - 2 33,27.0,52.0,g1g4,quiet,14,0.035502,25.0,0
k4r2/ppQn1q1r/2p2n2/6pp/2PP4/1P6/P2K4/4R1NR w - - 0 20,-301.0,-308.0,d2c1,quiet,20,0.005072,7.0,0
8/5p1p/2knr3/R7/6P1/2p2K2/8/R7 w - - 0 47,-154.0,-85.0,a1c1,quiet,10,0.088225,69.0,0
8/1b6/2k5/1p3P2/p3N3/5K2/r7/3R4 b - - 1 39,233.0,104.0,c6c7,quiet,9,0.147344,129.0,0
3rr1k1/6p1/5b1p/1R1b1p2/7P/5N2/1PQ2PP1/6K1 b - - 0 32,-113.0,-99.0,g8h8,quiet,16,0.018381,14.0,0
r3k2r/2pqn1p1/1p1n1p2/p2p3p/5P1N/2BBP1Pb/P1QP1R1P/1R4K1 w kq - 8 14,-64.0,-22.0,h4g6,quiet,27,0.059457,42.0,0
r4b2/1p6/3k1pP1/7R/2PN1p2/1K1P3P/5P2/8 b - - 2 33,-219.0,-414.0,a8b8,quiet,14,0.136395,195.0,0
R2bk3/2q4p/8/3pP3/1P1P4/6P1/8/6K1 b - - 0 65,214.0,555.0,c7c3,quiet,11,0.186492,341.0,0
8/p2k2p1/3Np3/3pP3/3n1QP1/3q4/6PK/2R5 b - - 2 34,-200.0,514.0,d3h7,quiet,14,0.710426,714.0,0
2b2bn1/4pk2/2p1np2/8/3qNB1r/PQN2p2/1PP4p/1K1R3R b - - 1 19,164.0,-75.0,d4d1,capture,22,0.326207,239.0,0
8/p3kpp1/1p1p4/3PrP1p/1PP1nR1P/P2K4/4BP2/8 b - - 19 37,-92.0,-152.0,e4f6,quiet,19,0.076393,60.0,0
r1bq1rk1/1pp5/p4n1b/3P1p1p/2P1p3/1P1QP2R/P1N1B1PN/2KR4 w - - 0 16,-26.0,-30.0,d3d2,quiet,26,0.005719,4.0,0
r7/6rk/4Q3/p6P/1p2p3/1P2q3/2P3R1/1K6 w - - 0 33,-168.0,-196.0,g2g7,capture,13,0.030981,28.0,0
r3k1r1/p2p1n2/3bq3/1Ppb1p1p/4p2P/P3P3/1B1N1PP1/R2QKB1R b q - 2 15,94.0,125.0,d6e5,quiet,26,0.040440,31.0,0
4r2k/p6p/2b5/4qp2/3R4/7P/1P3PP1/3Q2K1 w - - 1 29,-178.0,-121.0,d4d6,quiet,14,0.068459,57.0,0
r3kbr1/2pb3p/p3p3/1p2Np1n/2pP3q/PnN1B2P/1PQ1PP2/3RKB1R w Kq - 2 13,0.0,-99.0,e5f3,quiet,29,0.138738,99.0,0
8/pp3kp1/1b5p/3r1p1R/P3r3/1P3N1P/6P1/4RK2 b - - 2 26,287.0,285.0,f7e6,quiet,17,0.001560,2.0,0
8/2R1pk1p/5pp1/3Nn3/1P6/4P3/r6P/3K4 b - - 10 33,276.0,156.0,f7e6,quiet,13,0.119905,120.0,0
3r4/1kp4n/p1p3r1/8/1PB5/2P5/P1K4P/R3R3 b - - 11 32,-213.0,-131.0,h7f6,quiet,15,0.093069,82.0,0
8/6K1/8/8/8/2k5/2np4/8 w - - 0 62,-980.0,-1409.0,g7f7,quiet,4,0.003235,429.0,0
r6r/2pb2k1/p2q1npp/1p1p1p2/2P5/3BPQ1P/PP2NPP1/1R1R2K1 b - - 0 15,-16.0,-24.0,b5c4,capture,26,0.011474,8.0,0
r4r1k/p2q4/3b1p1p/3Q1P2/Pppp2P1/8/1PPN1P1P/R1B3K1 w - - 1 16,-64.0,8.0,g1f1,quiet,23,0.102586,72.0,0
1r6/5pR1/3kp3/p4r2/2R4P/5P2/2P1K3/8 b - - 7 33,47.0,61.0,b8b4,quiet,12,0.019666,14.0,0
rnbqk2r/1p4pp/p2p1n2/3P1p2/3QpP2/P1N1P1PP/1P6/R1B1KB1R b KQkq - 0 9,8.0,23.0,e8g8,quiet,28,0.021541,15.0,0
2kr3r/pp1b1p2/2n1qnpp/2bN4/6P1/P3BN2/1PP2PBP/R2QK2R w K - 5 10,54.0,6.0,e1g1,quiet,27,0.068459,48.0,0
2r2kr1/p2bb3/P1p1p1pp/1p2Bp2/3P1P1q/1PN1P2P/1KP1B1Q1/R7 w - - 0 22,87.0,115.0,g2h2,quiet,26,0.037058,28.0,0
r2k3r/pbpp3p/1nn2pp1/2b1p3/p2PP3/2P2N2/1PN2PPP/R1BK1B1R b - - 0 10,-52.0,60.0,e5d4,capture,29,0.159779,112.0,0
4k2r/1p2pp1p/1qppbn1b/r6p/p2PPP1N/2P3PP/PPNQ2B1/RR4K1 w - - 1 15,-121.0,2.0,d2e1,quiet,30,0.170297,123.0,0
r2r2k1/ppq1ppbp/6p1/P1p5/4PP2/1bNPB2P/1P2Q1P1/R4RK1 w - - 1 16,-69.0,-19.0,a5a6,quiet,26,0.070698,50.0,0
2k5/1bp2r2/3n1q2/2NP2pp/1r2N3/1P2QP1P/5BP1/4R1K1 b - - 1 36,-192.0,-287.0,d6e4,capture,20,0.087935,95.0,0
2kr4/1p6/p1nb2q1/3p1b2/P2p2P1/N1P2P1R/RP4K1/2BQ4 w - - 0 21,-3.0,116.0,h3h6,quiet,21,0.165316,119.0,0
7R/6k1/8/7p/3PK3/5P2/8/7r w - - 7 54,166.0,138.0,h8b8,quiet,7,0.033461,28.0,0
8/p5R1/Pp1k4/5q2/3B4/4K1PP/8/8 w - - 4 51,-87.0,34.0,g7a7,capture,10,0.171425,121.0,0
8/6k1/p2r4/Pp1p2P1/1P6/1KPR3R/8/4r3 w - - 8 50,243.0,224.0,h3h4,quiet,13,0.017943,19.0,0
r1b1k2r/ppp1qpb1/P1n1p1p1/1B5p/1n1P4/2N2N1R/1PP2PP1/R1BQK3 b Qkq - 2 9,57.0,53.0,e8g8,quiet,29,0.005615,4.0,0
r6r/1p1n1kpp/p1b1pp2/P7/4P3/2P1B2P/2PN1KP1/RR6 w - - 0 19,-27.0,42.0,b1b4,quiet,22,0.098928,69.0,0
2kr1b1r/1p2qppp/p1n4n/2PB2N1/8/2N1BQ2/PPP2PP1/R3K3 b Q - 4 10,30.0,0.0,c6e5,quiet,25,0.043066,30.0,0
r1b1kb2/4pp1p/3p1nr1/p2P4/6P1/B1N2P2/3PK3/1R1N3R b q - 1 18,23.0,96.0,a5a4,quiet,21,0.101692,73.0,0
r7/6bR/p1q1P1k1/1p4r1/4pp2/1QN5/PP2PP2/1K5R b - - 2 26,-102.0,-89.0,a8e8,quiet,19,0.017362,13.0,0
6k1/8/6p1/P1Q4p/5P1P/8/1q2BK2/8 b - - 0 37,-474.0,-673.0,b2d2,quiet,10,0.040958,199.0,0
r2qk1nr/p1p2p2/2p1p1n1/6pp/3P4/Q1P3PP/PP3P2/R1B1K1NR w KQkq - 0 9,71.0,116.0,a3c5,quiet,26,0.060221,45.0,0
2r5/1r4pp/3pk1n1/1p2p1PN/1B2P3/3K1N2/8/5R2 w - - 6 41,-82.0,-175.0,d3e3,quiet,16,0.116643,93.0,0
4kbQ1/8/p4p2/1p2p3/1P4bq/2P5/P2RN1K1/8 b - - 12 42,1.0,135.0,h4h3,quiet,15,0.183620,134.0,0
2kr3r/1ppqbppp/6n1/p1n5/P2NP3/3PBN2/1PQ3PP/3RK2R b - - 8 12,132.0,83.0,g6h4,quiet,26,0.064097,49.0,0
6Q1/4b1n1/bpk2p2/p1p1p3/3pP1q1/1P1P1P2/PBPN4/2KR4 b - - 0 29,84.0,-187.0,g4g5,quiet,22,0.364407,271.0,0
6nr/1N1kb1pp/1n6/3bpp2/p7/P3P3/5PPP/R1B1KB1R w - - 0 19,40.0,8.0,a1b1,quiet,22,0.045801,32.0,0
2k2b1r/ppp1qpp1/2n2n1p/8/P6P/2BrPN2/1P3PP1/RNQ1K2R w KQ - 0 9,-77.0,-2.0,c1c2,quiet,26,0.106154,75.0,0
4r3/Q7/1pkb4/2p2pB1/2q4P/8/5P2/3K2R1 b - - 3 26,327.0,365.0,c4d3,quiet,13,0.023129,38.0,0
r2qk2r/1p1nnpp1/2p1p3/p2pN2p/Pb1P1P1P/2N1P3/3P2P1/R1BQK2R w KQkq - 2 9,-129.0,-126.0,e5d3,quiet,29,0.003784,3.0,0
1k1rn3/p4p2/7p/3N4/r6P/4B2K/P4PBP/2R5 b - - 7 28,-391.0,-496.0,e8d6,quiet,16,0.040870,105.0,0
6k1/p4p2/1p3n2/3p2p1/3P2Pp/P2RPP1P/r2BK3/8 b - - 3 33,194.0,96.0,a7a5,quiet,18,0.118643,98.0,0
r3k3/pp1b2r1/2pR1n2/P4p1p/2B2N1P/4PP2/1P5K/R7 b - - 4 22,-151.0,-278.0,e8e7,quiet,20,0.127475,127.0,0
2r1k2r/p1pn4/1p2p2p/3pP3/1P1P4/4P1PP/P1Q5/q1B1KBR1 b k - 0 19,41.0,14.0,e8d8,quiet,23,0.038595,27.0,0
8/p2k2p1/4p1r1/3pP3/2Nn1QB1/q6P/6PK/2R5 b - - 0 32,-237.0,-343.0,g6g4,capture,16,0.081635,106.0,0
4r3/5k2/p1q4p/8/2P2B2/5b1P/P6K/6Q1 w - - 0 47,-454.0,-606.0,g1d4,quiet,12,0.038635,152.0,0
2r3k1/p2b1npp/8/8/4p2P/NP2P3/2P1BPP1/5RK1 b - - 1 21,-116.0,-132.0,f7e5,quiet,18,0.020323,16.0,0
3r2k1/1pR4p/p5p1/P2b1p2/1nBP4/4rN1P/6P1/5RK1 b - - 0 19,16.0,83.0,d5c4,capture,19,0.094215,67.0,0
r3k2r/pbqn1pbp/4p3/1P1p2P1/1Bpn4/2N2N1R/P4P2/1RQ1KB2 w kq - 0 14,-101.0,-77.0,f3d4,capture,26,0.032358,24.0,0
r4k2/1p5p/6p1/5bP1/1p2B3/1P6/PB1PP3/1K6 w - - 2 23,42.0,-70.0,e4f5,capture,15,0.159547,112.0,0
Rnb1r2k/6pp/5b2/1pBB4/5P2/2P3P1/1P4KP/1N6 b - - 1 22,-191.0,-242.0,b8a6,quiet,18,0.050917,51.0,0
r3kb1R/ppp1qpp1/2n5/3pp1N1/5P2/PP2P1p1/1BPPN1P1/2KR4 b q - 1 17,53.0,58.0,e5f4,capture,26,0.007015,5.0,0
8/4Bp2/6kp/4P3/r5P1/5K2/8/8 b - - 64 80,369.0,314.0,a4c4,quiet,8,0.034164,55.0,0
1k1r3r/1pp5/p2p2Rp/3Pq3/4Q2P/1PP5/PK6/4R3 b - - 0 25,-53.0,-20.0,e5e4,capture,18,0.046936,33.0,0
rn2kb1r/pp2n2p/2pq1p2/3P1b2/3N4/1PN5/P2BB2P/R2QK2R b KQkq - 2 13,0.0,46.0,h8g8,quiet,25,0.065815,46.0,0
8/5p2/1PN2kp1/R1pP4/2P1p3/4P1K1/4b3/1r6 b - - 2 38,-20.0,38.0,e2c4,capture,14,0.083220,58.0,0
rnb1k2r/pp1pb2p/4p3/2pn4/5B2/3P1N1P/PPP1B1P1/RN1K3R w kq - 1 10,13.0,13.0,f4d2,quiet,26,0.000000,0.0,0
r1q3k1/1p3rpp/p2p4/2nPp1b1/P3Pn2/R3BP2/1P1NN3/3K1Q1R b - - 5 19,109.0,154.0,c5a4,capture,25,0.056254,45.0,0
5r1r/1kp5/4p3/RPb1p2p/3BP1pP/3P2N1/1Q3qP1/3K3R b - - 0 32,-114.0,152.0,e5d4,capture,21,0.364196,266.0,0
8/4rkpp/5n2/8/6P1/8/6KP/2B2R2 b - - 0 32,92.0,7.0,e7e2,quiet,10,0.119316,85.0,0
8/4kp2/1p1qp3/1P5p/5P2/2Q3K1/8/8 w - - 0 51,-326.0,-307.0,c3e3,quiet,10,0.013108,19.0,0
1k1r2nr/pbpp2pp/1p1b1p2/1P1Nnq2/Q1P1pN2/4P3/1B1P2PP/R4BKR b - - 1 12,345.0,122.0,g8h6,quiet,30,0.210622,223.0,0
8/8/6B1/4b3/8/8/1p6/2k4K w - - 20 60,-435.0,-378.0,h1g2,quiet,5,0.026358,57.0,0
4k3/p6p/1r4p1/N1pp4/P3q2P/2P1Pr2/3Q4/R1K1R3 w - - 0 25,162.0,-40.0,c3c4,quiet,18,0.274903,202.0,0
2r3k1/5R1p/p1b3p1/P5rn/3B4/2Nn2P1/1p2N2P/5RK1 w - - 0 27,-72.0,-233.0,f7a7,quiet,19,0.190538,161.0,0
r1b1kr2/p1q1n1p1/1ppp1p1p/4p3/P1B1P2P/1QP1NPP1/3R2K1/R7 b q - 3 16,-48.0,-6.0,f6f5,quiet,26,0.060008,42.0,0
r3k2r/1bq2pR1/p3p2p/2bnP3/8/2PB1N2/2Q2PPP/2BR2K1 b kq - 0 17,-210.0,-184.0,d5c3,capture,23,0.027561,26.0,0
r2k2r1/1bppq3/1b5Q/3PP3/4PP2/p2B2P1/3NK2P/B6R w - - 0 24,244.0,186.0,d2c4,quiet,21,0.058179,58.0,0
r1bk1br1/1p1p1p1R/p1n5/1Np1p3/P3P1n1/3P2P1/1PPB4/R3KBN1 w Q - 0 12,-42.0,42.0,b5c3,quiet,26,0.120300,84.0,0
r4rk1/3qbp1p/n4npP/2pp4/4p3/1P2P3/1BP1NPP1/RN1QK2R b KQ - 3 12,-47.0,76.0,d7d6,quiet,26,0.174890,123.0,0
8/kp4r1/p7/b1pNp3/2P1P3/P7/1r4BP/1N3RK1 w - - 4 32,45.0,-245.0,d5e3,quiet,17,0.368219,290.0,0
1rbqk2r/2pp1ppp/p3p3/P1b1n3/2P1P3/2N4P/RP2BPP1/2BQ1RK1 b k - 0 9,-28.0,-60.0,e5c6,quiet,28,0.045290,32.0,0
r7/5r1k/6bP/2QpppP1/5P2/3B4/pq2P1K1/R6R b - - 1 36,294.0,300.0,e5e4,quiet,18,0.004481,6.0,0
8/6p1/4kb1p/1r5P/R4PK1/6P1/8/8 b - - 21 80,310.0,302.0,b5b3,quiet,10,0.005762,8.0,0
6k1/8/2b2pr1/2n5/1P5R/7P/4R1PK/3r4 w - - 0 48,-423.0,-170.0,b4c5,capture,12,0.192626,253.0,0
r4rk1/1bpp4/2N4p/p1qn1pp1/P7/1R3PP1/4B1KP/3Q3R w - - 0 24,-174.0,-176.0,c6d4,quiet,22,0.002256,2.0,0
1k1rqb1r/p1n5/bppp1npp/4pB2/3PP3/P1N2NP1/1PPB1P2/2KRQ2R w - - 0 15,1.0,40.0,d4e5,capture,30,0.055873,39.0,0
4r3/6k1/2p2p2/p1Pp4/Pp1r2nP/1P2P1P1/3BR1N1/1K6 w - - 0 55,-135.0,-143.0,g2f4,quiet,19,0.009850,8.0,0
1r5r/p3p3/5p1k/8/2B1N1Qp/b3q3/2R1N1PP/5R1K w - - 1 25,550.0,901.0,c2c3,quiet,18,0.034903,351.0,0
5bk1/p2r4/1p4p1/2pnN2p/P2p3P/1R4P1/3B1P2/1R4K1 b - - 2 37,-223.0,-274.0,d7d6,quiet,19,0.045740,51.0,0
8/6k1/8/4K3/6p1/2pr4/6R1/8 w - - 0 54,-343.0,-85.0,g2g4,capture,6,0.258149,258.0,0
8/8/2b5/5PpN/4k3/4P3/5K2/8 w - - 1 55,81.0,39.0,h5g7,quiet,7,0.058610,42.0,0
4r2r/p1k1b1p1/2pn4/1p5p/4bB1P/P3PNP1/1PPRB3/4K2R w - - 2 18,132.0,102.0,e1f2,quiet,23,0.038609,30.0,0
5k2/5p2/pp1r4/8/4bP2/P3nPP1/1P3K2/R7 w - - 0 29,-187.0,-82.0,f2e3,capture,14,0.129959,105.0,0
4rk2/3p1b1p/3P1qr1/1N3p2/P4P2/1P3P2/2KQ4/3R2N1 b - - 2 26,-96.0,88.0,f6e6,quiet,18,0.258745,184.0,0
R1b1r3/3k4/2N3pp/2qP4/2p5/6Q1/5PPP/5BK1 w - - 3 30,816.0,931.0,g3g6,capture,16,0.004355,115.0,0
2k4r/pp2r1pp/2b1n3/8/6P1/2P1p3/PP2B2P/2KR1RN1 b - - 3 19,199.0,215.0,c8b8,quiet,20,0.016458,16.0,0
2k5/2p4R/K7/3r4/1P6/8/8/8 w - - 2 73,141.0,126.0,h7h8,quiet,6,0.018687,15.0,0
8/8/8/8/4kn2/2b5/5P2/6K1 b - - 9 60,631.0,792.0,c3d4,quiet,5,0.015410,161.0,0
rn3rk1/pR1pqppp/4pn2/2p5/Q1PP4/3B1P1P/P2B1PP1/5RK1 w - - 0 13,275.0,215.0,d4d5,quiet,26,0.054480,60.0,0
6k1/1pB2pp1/2p2b1p/p4N2/P7/1K6/3r1PPP/3r1B1R w - - 5 26,-250.0,-380.0,c7a5,capture,19,0.090800,130.0,0
4B3/8/1k6/2p4P/P7/8/3r1r2/2R4K b - - 0 61,269.0,318.0,f2h2,quiet,9,0.037133,49.0,0
q4rk1/4bppp/7n/2p5/4p3/4P1PP/r1Q1NP2/1RB2RK1 w - - 6 24,-120.0,-150.0,c1b2,quiet,21,0.037246,30.0,0
r3kb2/pp3p2/n1pP2pn/7p/2P1PPb1/2N3PP/PP1R4/2K2B1R b q - 0 13,-67.0,-53.0,g4d7,quiet,25,0.019556,14.0,0
r2q1bnr/pkp2bp1/1p6/3P3P/4p3/2N1BB2/PP3P1P/R2QK2R w KQ - 0 12,242.0,213.0,c3e4,capture,25,0.027941,29.0,0
8/5Rp1/p7/P3P1k1/7p/8/7K/2r5 b - - 7 40,193.0,118.0,c1c2,quiet,9,0.088741,75.0,0
2B5/2p5/1p6/p2k4/P2B1n1P/1P6/5P2/2b2K2 w - - 2 52,105.0,97.0,d4e3,quiet,13,0.010592,8.0,0
1r4k1/p1b2rp1/b1p2p2/p1Pq4/3P1P1p/1PB4P/P1Q1N3/2K3RR b - - 0 19,129.0,289.0,d5f3,quiet,24,0.163162,160.0,0
1k1r4/2pq2p1/4b3/n3P2P/pp2Q3/b2pPN2/5PP1/B2RK2R w - - 1 29,89.0,-43.0,f3d4,quiet,22,0.186919,132.0,0
2r2rk1/1q2b1p1/4pn1p/8/Qp1Bp3/2P3P1/1P3NKP/1R2R3 w - - 1 22,-203.0,-183.0,g2g1,quiet,21,0.021451,20.0,0
8/5k2/r5p1/5p1p/5P1P/6P1/4R3/5K2 w - - 0 47,-8.0,-27.0,f1f2,quiet,10,0.027267,19.0,0
1r6/3rqk2/P1Q5/1P3ppN/8/4P1P1/3p1P2/1R4K1 w - - 0 43,153.0,92.0,b1d1,quiet,16,0.077587,61.0,0
3rk1nr/ppp1ppb1/8/5bN1/1P1n3P/8/PB4P1/2R1KBNR b k - 4 12,157.0,183.0,g7f6,quiet,23,0.029711,26.0,0
r3kb1r/2pq1ppp/bp2p3/p1n1P3/3N4/2NPQ3/PP1P1PPP/R1BR2K1 w kq - 4 10,124.0,54.0,d4f3,quiet,29,0.094148,70.0,0
8/8/5p2/2R5/5k1p/5P1K/1r5P/8 w - - 6 44,9.0,-103.0,c5d5,quiet,8,0.156983,112.0,0
8/1K6/1p6/1Pk2B2/3p4/7r/2P5/8 b - - 37 68,262.0,260.0,h3e3,quiet,8,0.001714,2.0,0
1k1r2r1/1ppq4/4bp2/p5pp/7P/2PBNPQ1/P1PB4/4RK2 w - - 3 18,-92.0,-100.0,f1f2,quiet,22,0.010676,8.0,0
1k2r3/1pp5/2n5/pnq2p2/3p4/PP1Pr3/2PNBQPP/R1K1R3 b - - 10 21,251.0,475.0,b5c3,quiet,23,0.129814,224.0,0
6r1/1R6/8/1P6/k2N1K2/4P1n1/8/8 b - - 2 56,-288.0,-417.0,a4b4,quiet,8,0.076911,129.0,0
6k1/3R2b1/b3p1p1/8/2n3P1/7R/3NKP2/r7 w - - 2 35,-9.0,-120.0,d7d8,quiet,13,0.153190,111.0,0
r1b1k2r/p4qb1/p1P2pnp/3p3Q/4pP2/1P2P1P1/PBP1N2P/R3K2R b KQq - 3 14,91.0,41.0,g6e7,quiet,27,0.069313,50.0,0
3rk1r1/1p3p2/4p3/2q1P2R/4B1P1/2Nn1P2/3Q4/1R3K2 b - - 0 28,-265.0,-172.0,d3e5,capture,17,0.092232,93.0,0
2r1r1k1/1p3bp1/3n4/pP6/q2N2R1/2PPp3/1Q4B1/1KR5 w - - 0 27,2.0,-45.0,g2f3,quiet,19,0.067279,47.0,0
1r2kb1r/3b2pp/B2qpn2/3pN3/P2p4/7P/3BQPP1/2R1K2R b k - 6 20,-4.0,149.0,f8e7,quiet,23,0.207939,153.0,0
8/8/8/4nk2/1R4p1/7p/4rN2/7K w - - 2 68,-523.0,-598.0,f2h3,capture,8,0.015951,75.0,0
r1b4R/2p3p1/4nk1p/p1p5/2P3P1/P4N2/P7/2K4R w - - 0 22,95.0,133.0,c1d2,quiet,17,0.049163,38.0,0
3r4/p3r1kp/Pp3np1/1Bp2p2/1b1p1P1P/1N3K2/1PP2P2/R6R b - - 1 24,73.0,116.0,f6e4,quiet,23,0.057463,43.0,0
2r1k2r/pR1bnpp1/4p2p/3pPP2/3b3q/P1PBB3/2P3P1/3Q1RK1 w k - 0 14,-106.0,166.0,c3d4,capture,25,0.370218,272.0,0
r7/1p2q1k1/p4n1p/P3r1p1/5p2/2N4P/1PQB2P1/5RK1 b - - 3 26,264.0,359.0,e7d6,quiet,19,0.067116,95.0,0
4B3/p5pk/3r2q1/5p1p/5P1P/P7/KB2Q3/2Rn4 b - - 3 29,-307.0,-212.0,g6g4,quiet,16,0.081985,95.0,0
r2qk1nr/1pp2ppp/p1nb4/3N4/2p4P/6P1/PP2PP2/RNBQ1RK1 w - - 1 10,8.0,58.0,c1g5,quiet,27,0.071191,50.0,0
2bq1r1k/R6p/1r1b4/2p1n3/3p1p2/3P1N1B/5P1P/Q3RK2 w - - 4 26,-362.0,-486.0,h3g2,quiet,20,0.053226,124.0,0
8/8/R1bk4/8/P6r/1rp1B3/1PK2P2/1R6 b - - 1 41,-152.0,-131.0,b3b2,capture,12,0.025711,21.0,0
r2qkb1r/pp1N1pp1/2p1p2p/3n4/2NP4/2PQ2PP/PP3P2/R1B1K2R b KQkq - 0 9,-110.0,-135.0,d8d7,capture,27,0.031842,25.0,0
5Q2/1p6/p1p1R1r1/6k1/2Pq4/1P3b2/P2p1P2/1K6 w - - 8 52,-344.0,-562.0,e6g6,capture,15,0.083430,218.0,0
6k1/2p4p/4R3/r5p1/1p6/1P2Pp2/1BP2P2/3K4 w - - 0 32,280.0,267.0,d1d2,quiet,14,0.010638,13.0,0
r1bqk2r/1np3p1/1p2pn2/5p1p/2P5/b3PN2/2Q2PPP/RN2KB1R w KQkq - 0 12,-131.0,-125.0,b1a3,capture,26,0.007561,6.0,0
r1bq1k1r/1p3pp1/p1n2n2/3pp2p/2P5/1P2PP2/P1NNB1PP/R2QK2R w KQ - 0 9,-38.0,56.0,c4d5,capture,28,0.134369,94.0,0
6k1/3b1p1p/3p1qpQ/3P4/2Pp4/pr1P3P/5PP1/R4BK1 w - - 0 27,-175.0,-215.0,f2f3,quiet,20,0.042646,40.0,0
8/7r/2k5/8/3B4/8/6K1/8 b - - 5 71,189.0,226.0,c6d5,quiet,4,0.037997,37.0,0
7k/1p5q/5p2/1N2b3/P1p1P3/1P6/2P5/1K1QB2r w - - 0 32,132.0,-101.0,b3c4,capture,15,0.322712,233.0,0
4r1k1/1qb2p2/3p2p1/1P1R3p/2B1P3/2P4P/4QPP1/6K1 w - - 0 34,441.0,383.0,e2d3,quiet,18,0.026131,58.0,0
1r1q1rk1/1p2bpp1/p1npbn1p/2p1p3/P3P3/2NPB2P/1PPNBPP1/R2Q1RK1 b - - 0 10,-64.0,19.0,b8a8,quiet,32,0.118392,83.0,0
6rk/r4Qp1/7p/7P/3q1p2/5P2/5RR1/6K1 w - - 7 46,4.0,-151.0,f7f5,quiet,13,0.210341,155.0,0
5r1k/4n1p1/pP5p/3B4/P1P1p1b1/2P1P1q1/3Q2P1/RN4K1 w - - 0 24,148.0,197.0,d5e4,capture,20,0.055603,49.0,0
r1br2k1/1p3pp1/p1n4p/8/P4p2/2RB4/1P1N2PP/5R1K b - - 2 16,247.0,374.0,c6e5,quiet,20,0.090313,127.0,0
r1bqkbr1/1pppp2p/8/1P3p2/1n4n1/P3P2N/1B1PB1P1/RN1QK1R1 b Qq - 0 9,-14.0,-3.0,e7e5,quiet,27,0.015819,11.0,0
rq4k1/5pp1/2Rb1n2/p2p3p/1p6/3B1PP1/PP3B1P/4Q1K1 b - - 0 21,142.0,131.0,a5a4,quiet,21,0.013617,11.0,0
8/1b2k3/8/1p3r2/p3n3/2PN4/1P6/1BK1R3 w - - 12 40,114.0,62.0,d3b4,quiet,12,0.070125,52.0,0
8/1P4pk/P2N4/3b1n1p/8/3K3P/5r2/R7 b - - 0 37,-243.0,-189.0,f2f3,quiet,12,0.053997,54.0,0
7r/p1Q5/N2Pbpk1/1P2r3/7p/6p1/3P4/2R3K1 w - - 3 35,269.0,394.0,a6c5,quiet,15,0.081501,125.0,0
r7/1k5p/6p1/2p1qp2/1p2b3/1P2P2P/P2Q1PP1/2RR2K1 w - - 0 30,247.0,675.0,d2d7,quiet,19,0.174250,428.0,0
r3r1k1/2pb2b1/p7/2pq2Pp/3ppB1N/7P/PPP1QP2/3RK1R1 w - - 0 19,-60.0,-45.0,e2h5,capture,24,0.021098,15.0,0
8/1p3k2/4rpRp/5n1P/5P2/1P1K4/1B6/8 b - - 12 42,69.0,19.0,e6e3,quiet,12,0.070698,50.0,0
r1b2rk1/5pbp/p5p1/1p2P3/2PP4/4P3/1R2B1PP/2BR2K1 b - - 0 17,-109.0,-107.0,b5c4,capture,21,0.002617,2.0,0
r1bqk2r/p1n1ppbp/3p1np1/PPpP4/2B2P2/2N4P/1P1B2P1/R2QK1NR b KQkq - 2 11,38.0,42.0,e8g8,quiet,30,0.005681,4.0,0
8/1p6/p3k3/8/3KP3/Pr6/1P4R1/8 b - - 6 44,-89.0,-171.0,a6a5,quiet,9,0.102620,82.0,0
8/k7/1p2pR2/pB1p3b/Pb1P3r/1P6/2K5/2B5 w - - 0 42,-145.0,-68.0,f6e6,capture,15,0.100716,77.0,0
2kr1b1r/p7/1q1p2pP/4p1P1/1np1b2N/2B5/PP4BK/R2Q1R2 b - - 1 21,44.0,-4.0,e4g2,capture,23,0.068741,48.0,0
4r1k1/2p2ppp/1p6/8/5P2/r3pQPP/1q2R3/6KR b - - 1 24,749.0,540.0,b2c3,quiet,17,0.029524,209.0,0
r1b1k2r/pp1p1ppp/3p1n2/3Pp3/2P5/3BB2P/PP3PP1/R3K2R b KQkq - 0 13,-112.0,25.0,e8g8,quiet,25,0.191736,137.0,0
8/7k/5Q2/8/6PK/8/3q1P2/8 w - - 15 54,437.0,451.0,f2f4,quiet,6,0.005388,14.0,0
r2qkbn1/1p6/2p1n1p1/p3p3/N2pP2r/P4P1B/1PPBQ3/R3K2R b KQ - 3 15,156.0,205.0,b7b5,quiet,25,0.054421,49.0,0
2R5/1p4rk/1p1P4/4n3/p2Rpr1P/8/P3P2K/8 w - - 2 34,-179.0,-256.0,h2h3,quiet,15,0.076617,77.0,0
1k5r/2q2pp1/p3b3/3r2N1/PpNp4/1P1P3p/2P2Q1P/1K1R1R2 b - - 0 24,-236.0,103.0,d5g5,capture,22,0.439554,339.0,0
8/3r4/8/8/8/pR6/k1B1K3/8 b - - 19 62,150.0,-55.0,d7c7,quiet,6,0.281882,205.0,0
r7/2b1pk2/1pP1b1p1/6B1/1n2B1p1/pPR4p/P2R1P2/7K b - - 4 28,86.0,133.0,a8a5,quiet,20,0.061274,47.0,0
5rk1/6p1/2pq1pn1/Bbb5/3pP1Pp/1P1P1Q1P/2P3B1/4K1NR b - - 0 17,388.0,310.0,g6e5,quiet,23,0.046966,78.0,0
4rrk1/p2b2pp/2nq1n2/2p1p3/P1Pp4/3B1NBP/5PP1/R2QR1K1 w - - 4 19,-20.0,-17.0,d1d2,quiet,25,0.004305,3.0,0
2r3k1/4bp2/5npp/4qb1P/1P1N4/4PB2/1QP3R1/2KR4 w - - 5 28,164.0,213.0,b2b3,quiet,19,0.053221,49.0,0
1n1k1bnr/1pq1p1p1/4b2p/3pPp1Q/r1pP1P2/1P3N2/P1PB2PP/R3KB1R b KQ - 0 10,42.0,-1.0,a4a3,quiet,30,0.061589,43.0,0
2b1kbnr/1pp2pp1/2n1p2p/3q4/2PP1P2/5NP1/1B1N3P/r2QKB1R w Kk - 0 11,-151.0,24.0,d1a1,capture,26,0.239069,175.0,0
8/Br1n4/B3k1p1/3b3p/5p2/5P2/6PP/R5K1 w - - 0 39,18.0,339.0,a6b7,capture,14,0.349723,321.0,0
2k1r3/1p6/3b1nq1/1PpP2p1/Q5b1/4PN2/1P3PB1/R1B1K3 w Q - 1 23,190.0,360.0,a4a8,quiet,20,0.139101,170.0,0
3r1Bnr/p2P1kpp/5p2/3p4/8/P4P2/1P3P1P/RN2KB1R b KQ - 0 12,-360.0,-331.0,f7f8,capture,21,0.017684,29.0,0
5rk1/p1p1r1p1/3p1p1p/p2P4/2P3qP/1PB1pRP1/4Q3/5K2 b - - 1 21,622.0,568.0,f8e8,quiet,21,0.009520,54.0,0
2kr1b1r/1bqpn3/p1n2p2/1p2p1p1/Pp2P3/2PP1PN1/3B1NBP/R2Q1RK1 w - - 0 14,-233.0,8.0,c3b4,capture,29,0.304207,241.0,0
r2q1rk1/1p2bppp/p1p2n2/2Pp4/1P1Q2b1/P1N2N2/4PPBP/R4RK1 b - - 5 10,104.0,160.0,a6a5,quiet,27,0.069900,56.0,0
8/8/8/4k3/8/3K4/7r/6R1 b - - 1 68,99.0,10.0,h2h3,quiet,4,0.124351,89.0,0
8/4k1p1/2p1p3/p2r2P1/1pN1K3/1P4R1/P7/8 w - - 4 36,371.0,284.0,g3g1,quiet,13,0.057489,87.0,0
4r1k1/4R2p/p1b3p1/r6n/3B2P1/2Nn4/1p2N2P/5RK1 w - - 1 29,-250.0,-155.0,e7e8,capture,18,0.098963,95.0,0
1R6/5ppk/2p4p/2P2r1r/3P1Pq1/3PP3/6P1/2R1Q1K1 b - - 4 34,-129.0,-217.0,g7g5,quiet,18,0.099593,88.0,0
r1b1k3/1p3r2/2n3Qp/p1Pp4/5B1q/P1P5/4BPP1/RN2K3 w Qq - 4 21,102.0,35.0,f4e3,quiet,21,0.092514,67.0,0
8/5rk1/4r3/2Qpb1p1/3p2P1/1P1P4/2P2RK1/8 w - - 2 45,241.0,496.0,f2f7,capture,14,0.145425,255.0,0
8/5k2/R5pp/P3pp2/2r5/P7/6KP/8 b - - 0 35,75.0,138.0,c4c2,quiet,11,0.082486,63.0,0
8/4n1k1/2p3Pp/3b4/3P2K1/8/p1B5/B7 w - - 30 68,-250.0,-471.0,g4f4,quiet,11,0.129372,221.0,0
5k2/3R1b2/2rn4/5p2/5K2/8/8/3B2R1 w - - 20 60,391.0,298.0,g1g5,quiet,9,0.057179,93.0,0
1r3rk1/2pp1q2/1nn1pP2/1bb4p/p7/P1B2NP1/1PQ2PB1/3RR1K1 w - - 1 22,16.0,208.0,f3g5,quiet,25,0.245042,192.0,0
4r1nr/pp3k1p/n2q1p2/2pp2pP/3P4/P1PB3N/1PQN1PP1/R4K2 b - - 1 12,178.0,116.0,c5d4,capture,26,0.074878,62.0,0
2r1r1k1/p6p/Q1B1p3/8/3q3b/B6P/P1K3P1/1R6 b - - 2 26,297.0,958.0,d4e4,quiet,16,0.149196,661.0,0
8/6p1/2k5/4RP2/1P6/1K6/r7/8 b - - 2 68,-234.0,-152.0,a2f2,quiet,7,0.087859,82.0,0
r1b1k2r/ppp2q1p/3b4/3n1pp1/PP1P4/1Q2Pp2/3NB1PP/R1B2RK1 w - - 0 13,27.0,93.0,e2f3,capture,27,0.091952,66.0,0
r2qkb1r/pp1n1ppn/2p1p2p/3p4/3P1BP1/P1N1PN1P/1PP2P2/R2QK2R w KQkq - 0 9,-16.0,34.0,f3e5,quiet,30,0.071784,50.0,0
r5k1/3p3p/1pbqpp2/n4p2/2P2P2/4N3/1Q2B1PP/1N1R2K1 b - - 0 19,32.0,60.0,d6f4,capture,21,0.039577,28.0,0
q5k1/1p3pp1/1R3n1p/P1p2P2/2N5/3r2P1/3B3P/4R1K1 b - - 1 24,112.0,191.0,a8d8,quiet,18,0.094343,79.0,0
r1b1r3/1p5p/p1nk2p1/3p1p2/P2P1N1P/2P5/1P3PP1/RN3K1R b - - 2 14,33.0,-16.0,e8f8,quiet,23,0.070358,49.0,0
4qrk1/r1pb1npp/3p4/3Qn2B/p4N2/2PP2P1/PP5P/R1B2RK1 b - - 6 17,6.0,-16.0,c7c6,quiet,25,0.031643,22.0,0
4rrk1/pp1b2pp/1n3q2/2pPbp2/3n1N1P/1PNQ1PP1/PB1P4/R2K1BR1 w - - 3 18,-40.0,-16.0,a1c1,quiet,29,0.034302,24.0,0
8/8/p1k5/4b3/8/4B3/6p1/3K4 w - - 0 49,-509.0,-525.0,d1e2,quiet,6,0.004253,16.0,0
1k6/3B4/8/4p3/4p3/2b1Pb2/3N4/4K3 b - - 69 76,209.0,236.0,b8a7,quiet,9,0.026444,27.0,0
r3r1k1/p4pb1/1p2qn2/3pBp2/7P/3N1QP1/PP6/R4RK1 b - - 3 22,223.0,186.0,a8d8,quiet,21,0.038347,37.0,0
r3k2r/p2q1nbp/1p3pp1/1P2p3/1QN5/3P2BP/4PP2/R3K2R b KQq - 0 16,93.0,31.0,f7g5,quiet,23,0.086236,62.0,0
8/8/8/2kb4/p7/Np6/8/K7 b - - 1 73,531.0,594.0,c5b4,quiet,6,0.013233,63.0,0
k1r1b2R/8/1p1Bp3/pP1pPp2/P1pr4/8/2B5/4K3 w - - 0 47,-302.0,-413.0,h8h7,quiet,17,0.064599,111.0,0
4r3/3pqp2/2p3pk/4Pp2/3P1P1p/2P2N1P/Q5PK/4R3 b - - 4 30,-393.0,-454.0,e7e6,quiet,19,0.026016,61.0,0
8/p5k1/6p1/pr3nPp/2p1K3/3p4/R7/6R1 b - - 1 41,504.0,471.0,h5h4,quiet,13,0.010219,33.0,0
4r1k1/1p3ppp/p1n5/4nb1P/4pB2/1P4P1/P4PB1/3R2K1 b - - 2 22,384.0,416.0,e5d3,quiet,20,0.015235,32.0,0
k2r1r2/pp1q1p2/2p1p1p1/2PnP1Np/3P4/PQ5P/5PP1/1R1R2K1 w - - 5 20,137.0,192.0,g5f3,quiet,24,0.063703,55.0,0
r3kbnr/pp6/2p5/P2bnp2/1P1B3p/N1P3P1/4N2P/R2K1BR1 b kq - 1 13,-121.0,-53.0,f8d6,quiet,24,0.091731,68.0,0
5rk1/1bpq1ppp/3b4/1r2p3/4n3/1PBN4/3P1NPP/1R1Q1RK1 w - - 0 18,-390.0,-306.0,f2e4,capture,23,0.050826,84.0,0
r5kr/1bpnqpb1/p5pp/2nPp3/P1B1P3/B1P1QN2/3N3P/R3K1R1 w - - 6 18,64.0,131.0,d2b3,quiet,27,0.088995,67.0,0
8/8/Q7/2PPN3/4kp2/1p2p3/6K1/1r6 b - - 2 60,-388.0,-265.0,e4e5,capture,10,0.081877,123.0,0
5k2/8/4p2p/1P5p/4B2P/3Q3K/8/6q1 w - - 6 57,499.0,514.0,d3d8,quiet,10,0.004210,15.0,0
6k1/8/1R6/8/4K3/8/8/6r1 b - - 3 56,-47.0,-2.0,g8g7,quiet,4,0.064351,45.0,0
8/7k/1P6/P1K4p/2P2q2/8/5r2/8 b - - 6 50,1334.0,1590.0,h5h4,quiet,8,0.000356,256.0,0
2b1k2r/2r2p2/pp6/2pBP1R1/3b1P1p/3N4/P3KP1P/2R5 b k - 5 25,17.0,-66.0,e8d8,quiet,20,0.118301,83.0,0
2R5/8/1k1P3p/p5rP/5p2/Bp6/1P3r2/7K b - - 7 60,562.0,880.0,f4f3,quiet,13,0.031595,318.0,0
1n3rk1/2p5/4b1p1/2q3p1/2NpP3/P2P2PP/2PQ2B1/3K1R2 b - - 1 20,-120.0,-71.0,f8f1,capture,20,0.065361,49.0,0
r2q1rk1/1b1pbppp/4pn2/p7/1nNp4/1P2PN1P/1B2BPP1/R2Q1RK1 w - - 0 11,-153.0,-92.0,f3d4,capture,28,0.077587,61.0,0
r4bk1/pp3rpp/n1n5/3N1p2/2P5/B4NP1/P5KP/3RR3 w - - 11 24,131.0,98.0,a3f8,capture,21,0.042662,33.0,0
4R3/p1pk3p/1pNb4/1P1P1P1r/5p1q/3Q1PrP/6P1/R6K w - - 14 32,239.0,175.0,e8d8,quiet,21,0.065807,64.0,0
r1bqr1k1/pp3ppp/8/2Pp1n1P/3b1P2/P3P3/1BPQ1P2/R3KB1R w - - 0 16,-150.0,-45.0,b2d4,capture,26,0.138985,105.0,0
Q7/2kb2rp/3p2p1/1P3p2/2P5/2q2P2/P5PP/4R1K1 w - - 9 29,92.0,107.0,a8a7,quiet,17,0.019906,15.0,0
1k1r3r/nbp3bp/1p3qp1/p1nPN3/P3N3/8/3R1PPP/BB1QR1K1 b - - 6 25,8.0,-59.0,c5e4,capture,26,0.095612,67.0,0
3rkb2/1b4p1/p3pp2/2pq4/Pp2nP2/1P2PN1r/1BQPB2P/2K2RR1 b - - 3 20,104.0,18.0,e4d6,quiet,26,0.119472,86.0,0
4kb1r/5p1p/4p3/3pP3/1nbP1NpP/1qN1Q3/1P1B1PP1/1K5R b k - 9 18,-62.0,73.0,b3c2,quiet,23,0.191826,135.0,0
5rk1/R2Q4/5p2/2P1p1p1/2qp4/5PK1/7P/8 b - - 1 41,92.0,-12.0,f8f7,quiet,13,0.146651,104.0,0
rnbqkb2/ppp1p3/6N1/3r1p1p/5P2/NP2P2P/P2P2P1/R1BQ1KR1 b q - 0 9,-182.0,-178.0,f8g7,quiet,27,0.004451,4.0,0
1k4rr/1pN5/p7/q2ppQ1p/4n3/b3P1PP/2R1B1K1/1R6 b - - 0 25,353.0,324.0,g8g3,capture,20,0.018230,29.0,0
8/6p1/5k1p/r7/5NKP/6P1/8/8 w - - 4 56,-316.0,-319.0,f4d3,quiet,8,0.002061,3.0,0
r4k1r/1pp2pbp/3p2n1/pN1P4/4nP1p/4B2B/PP3P2/R3K2R b KQ - 1 14,171.0,68.0,a8e8,quiet,24,0.131342,103.0,0
2k3r1/1rn5/2pQp3/1p2Bb2/7p/1P3BPq/5P1P/5RK1 w - - 2 26,-179.0,127.0,d6c6,capture,19,0.412035,306.0,0
r1b4r/1p2k1pp/2n2n2/3p4/1p6/5NP1/P2NPPBP/R3K2R w KQ - 4 12,-64.0,-49.0,e1g1,quiet,22,0.021023,15.0,0
N1k4r/pp4pp/3b1n2/1B1P4/6PP/2N5/PPbK1P1R/n1B5 w - - 1 15,200.0,80.0,h2h1,quiet,22,0.146610,120.0,0
r1bq1rk1/5ppp/2p1p3/3p4/3P3n/1PN5/P2QNPPP/R3K2R w - - 0 12,-173.0,-157.0,e2f4,quiet,24,0.018523,16.0,0
8/2k1p3/2p5/1p6/1P6/2b1R3/3NKPP1/2r5 w - - 0 31,-64.0,-40.0,e3e7,capture,12,0.033764,24.0,0
7r/1p3k2/4pp2/1P1n3p/q2b3N/6PP/1Q1P1PB1/4R1K1 w - - 4 30,66.0,152.0,b2b1,quiet,19,0.111926,86.0,0
1n2kb1r/1b3ppp/3qp3/1Pp5/1pP2P2/3P4/1B4PP/Q3KBNR w Kk - 1 13,32.0,64.0,b2e5,quiet,24,0.045154,32.0,0
n7/P3kp2/4p3/Q1p5/3q4/1P2N3/4K3/8 w - - 13 53,275.0,155.0,a5b5,quiet,11,0.120278,120.0,0
8/5k2/8/n2K2b1/8/5N2/8/8 b - - 1 58,231.0,298.0,g5f6,quiet,5,0.056741,67.0,0
r2q1k1r/4npp1/p7/1p1n1b1p/P1p5/2P2PPN/1P4KP/RN1Q1B1R w - - 0 14,-143.0,-100.0,d1d4,quiet,26,0.054845,43.0,0
4r1k1/5qp1/3p3p/3B1P2/p1p3P1/P1r5/1PP5/2KR4 w - - 0 29,-669.0,8.0,b2c3,capture,17,0.490696,677.0,0
r1bqk2r/ppp3pp/4pp2/1P6/1b1n1P1P/2NP4/1PP2PB1/R1BQK2R w KQkq - 3 10,-17.0,40.0,a1a4,quiet,28,0.081757,57.0,0
4r1k1/5pb1/3p4/1q1P4/p1R1n3/BP1QPbPp/P4P1P/2R3K1 w - - 0 27,80.0,54.0,b3a4,capture,22,0.036044,26.0,0
r4rk1/1Np4p/P2q1p2/P2p2pb/3Pp3/2Q1P3/2P2PR1/4KB2 b - - 4 28,66.0,6.0,d6e7,quiet,22,0.085222,60.0,0
4r3/6kp/1P3bp1/3Q4/3P3q/2B4b/1R3PBP/7K b - - 0 34,-518.0,-355.0,h3g2,capture,16,0.066454,163.0,0
8/p7/1pk2p2/3p4/1P1P4/Pb2K3/8/5B2 w - - 20 50,-95.0,-140.0,f1d3,quiet,11,0.057828,45.0,0
8/5k2/N5p1/8/7p/6P1/2p4P/2B1K3 w - - 0 45,189.0,757.0,g3h4,capture,9,0.239354,568.0,0
k6r/3b4/P2qpR2/P2p1Q2/1p1P4/2P3p1/4B1K1/1R3N1r w - - 0 28,337.0,463.0,c3b4,capture,19,0.060600,126.0,0
1nkr1b1r/pppn1p2/4b1pp/4P3/4P3/P1N1BN1P/1PP3P1/R3KB1R b - - 4 10,-186.0,-31.0,b8c6,quiet,27,0.200236,155.0,0
8/5k2/8/4n3/p7/2N5/2K5/8 b - - 5 75,146.0,57.0,a4a3,quiet,5,0.117257,89.0,0
r3kbn1/pbpp1pp1/2n1p3/1p6/3PP2q/2P2NN1/PP3PB1/R1BQK3 b Qq - 7 9,33.0,36.0,h4h7,quiet,27,0.004275,3.0,0
r1b2r1k/1p4pp/p7/2PQN3/4p3/q6P/6PK/1R2R3 b - - 1 23,47.0,-23.0,c8f5,quiet,18,0.100280,70.0,0
8/2pk4/5rp1/2KP2R1/PP3r2/7p/8/7R b - - 2 46,47.0,-27.0,f4f3,quiet,12,0.106007,74.0,0
3r3k/1p4p1/p1bq1p1p/3p4/P2R4/3Q3P/1P4P1/4R2K b - - 0 27,162.0,62.0,d6c5,quiet,18,0.129302,100.0,0
r1b2rk1/1pp2q2/3b1np1/pN1p2B1/P2n4/3N4/1P2BPPP/R2QK2R b KQ - 3 11,16.0,115.0,d4e2,capture,26,0.136698,99.0,0
8/1pN2k1p/2b5/r1p5/p1n2BP1/7P/PP2R3/6K1 b - - 2 30,23.0,-17.0,a4a3,quiet,16,0.057497,40.0,0
1rb3k1/1np1qppp/B2p3n/3Pp3/1Q2P3/4PNP1/2PN4/4R1K1 w - - 2 20,-77.0,-46.0,f3h2,quiet,23,0.043217,31.0,0
k1b3r1/1pP5/1n1P3p/p7/1q2BB1P/5N2/2Q4K/8 b - - 1 32,-22.0,-47.0,b6c4,quiet,16,0.035611,25.0,0
r7/5rpk/2pB3p/2Pb4/p2PpP2/Q3P2q/2P2R1P/6RK w - - 0 27,20.0,8.0,g1g3,quiet,21,0.017240,12.0,0
2r3r1/1p1k3q/p1nbpn1p/3p1pp1/P2P4/1PPB1NPP/1BR1QP2/5K1R w - - 2 22,-84.0,35.0,f1g1,quiet,28,0.168783,119.0,0
2k2r1r/1p6/5P2/p2p3p/3PbR1B/2P5/P2Q1Kpq/6R1 w - - 10 28,-18.0,-6.0,f6f7,quiet,19,0.017247,12.0,0
2k5/8/R7/2N4K/8/1P3n2/8/6r1 b - - 0 51,135.0,262.0,g1g5,quiet,7,0.133734,127.0,0
5r2/1p1k4/8/pP1p1q2/P1pPpNnQ/N1P1PbP1/3K4/5R2 w - - 9 29,109.0,11.0,f1g1,quiet,21,0.136087,98.0,0
2r5/Rp3p2/4b2p/1P4pP/2Pk2P1/3B1P2/3K4/8 b - - 6 35,-111.0,-12.0,b7b6,quiet,15,0.137257,99.0,0
r3k2r/1p3p2/4b3/p3p2p/K5nR/P1P3q1/1P1B4/3R1BN1 w kq - 0 21,-925.0,-795.0,h4h3,quiet,20,0.005341,130.0,0
8/4rk2/8/8/8/8/3K4/1R6 w - - 8 70,22.0,22.0,b1b6,quiet,4,0.000000,0.0,0
8/pk6/1p6/8/P1KN3r/1P6/8/8 w - - 23 61,-323.0,-270.0,c4d5,quiet,8,0.039694,53.0,0
3k4/3P1p2/8/1B3p2/5P1p/7K/5b2/8 w - - 14 47,-24.0,-94.0,b5d3,quiet,9,0.097586,70.0,0
8/2kr2p1/2npb1pp/1p6/1P2P2P/2P2P2/3R1KP1/3R4 b - - 4 42,-32.0,-10.0,c6e5,quiet,18,0.031535,22.0,0
r5n1/ppq2kp1/2bbpp2/2p5/2P2PPN/2NPB3/PP1KP3/R2Q4 w - - 5 12,28.0,62.0,g4g5,quiet,25,0.048082,34.0,0
8/8/8/8/6p1/7p/5k2/7K b - - 1 57,581.0,1036.0,h3h2,quiet,4,0.031512,455.0,0
4Q3/3K2k1/8/2b3p1/6P1/8/2P5/8 b - - 0 67,-809.0,-1108.0,c5a3,quiet,7,0.007710,299.0,0
r3kbr1/1bppq3/ppn1pn1p/5p2/P1NP1N1P/2PBP3/1P1B1P2/R2QK2R b KQq - 3 10,-51.0,90.0,c6d4,capture,30,0.199571,141.0,0
r2r4/2k2pp1/4b2p/3Pp3/p3Pn1P/5P2/P1KN1bP1/1R1R1B2 b - - 0 23,355.0,233.0,f4d5,capture,22,0.092597,122.0,0
8/8/1p1kbpp1/1P5p/r1PK3P/2R2PP1/3N4/8 w - - 0 40,120.0,191.0,d2e4,quiet,15,0.084024,71.0,0
5r1k/2p4p/1pq2np1/2b1Q3/1p3pP1/1B3N2/P1P2PKP/5R2 b - - 0 22,90.0,-2.0,c6d7,quiet,21,0.129577,92.0,0
1q2k2r/R3p2p/2p5/6p1/2n1B1P1/8/8/4K2R w Kk - 0 24,-413.0,-539.0,e4c6,capture,13,0.041916,126.0,0
8/1pB5/p3k3/2p3p1/PPP5/2K2n2/8/8 b - - 0 37,168.0,173.0,c5b4,capture,11,0.005707,5.0,0
r5k1/2r1b1pp/1pn1p1n1/p2pPp2/3P1P1q/1PPB1Q1P/R4P2/1NBK3R w - - 3 16,16.0,33.0,c1e3,quiet,28,0.024339,17.0,0
8/8/2k1N3/p7/p1NPp3/2P1P3/5r2/2K5 w - - 7 49,19.0,168.0,e6f4,quiet,11,0.197222,149.0,0
r1br2k1/1p2npp1/2nqp2p/3p4/p2P4/4NNP1/PRQ1PPBP/1R4K1 b - - 0 14,-18.0,68.0,a4a3,quiet,27,0.122510,86.0,0
2R5/4kp2/8/3P4/3n1PK1/3P4/3r4/8 b - - 3 38,218.0,288.0,d2d3,capture,9,0.061802,70.0,0
1r6/2r1kpQ1/bq1p1p2/3PpB2/p3P2P/1P4P1/3R1P2/3R2K1 b - - 0 32,-264.0,-48.0,a4b3,capture,21,0.251854,216.0,0
8/3N2R1/4k3/3p4/7r/5P2/2b3K1/8 w - - 0 43,20.0,-11.0,d7c5,quiet,8,0.044576,31.0,0
8/2p5/6R1/4p2k/4B3/3K2P1/5r2/3n4 b - - 13 57,46.0,66.0,f2g2,quiet,9,0.028040,20.0,0
r3kb1r/ppp3p1/3nP3/1P6/2p1N3/4B2p/P3PP2/R3K2B b Qkq - 0 21,272.0,289.0,h3h2,quiet,21,0.013545,17.0,0
5rk1/p4ppp/1p1r3q/6P1/8/2P2NP1/PP2P3/R3KB2 b Q - 0 13,430.0,549.0,h6h5,quiet,19,0.036922,119.0,0
k6r/8/1B6/3pPbp1/4n3/P4p2/P4P2/3K2R1 w - - 0 26,-225.0,-383.0,a3a4,quiet,14,0.115646,158.0,0
r3k1nr/pp3pbp/n1p1p1b1/3p2P1/RPP3P1/1P1P1N1P/4P3/1NBK1B1R b kq - 2 9,-30.0,-43.0,g8e7,quiet,29,0.018501,13.0,0
5rk1/p2b1r2/Bp1b3p/3N2p1/1P1Pp1P1/P3Bp1P/5Pn1/2RK3R b - - 0 28,288.0,260.0,d7e6,quiet,24,0.022872,28.0,0
2k1r3/5pp1/p1b5/2N4p/4N1PP/4KP2/P1PR3q/1R6 b - - 1 23,105.0,83.0,h2h4,capture,18,0.029444,22.0,0
2r1rbk1/2qn1p1p/p2p1np1/8/1PN2P2/2QP1P2/1B2B2P/R3K2R b - - 0 19,145.0,260.0,d6d5,quiet,24,0.119734,115.0,0
2b2rk1/2qp1pp1/3n1b1p/p1pPN2P/1rP1P3/2NB1PP1/8/R2Q1RK1 w - - 1 19,209.0,9.0,f3f4,quiet,26,0.256127,200.0,0
2kr3r/1b1q2p1/Bp1bpp2/3p1n1P/3P3P/2P2N2/PP2QP2/R1B1K1R1 b Q - 0 13,-110.0,-36.0,h8h5,capture,26,0.101594,74.0,0
1Q6/4qpk1/6p1/r7/P7/7P/6PK/5R2 w - - 19 55,36.0,110.0,b8f4,quiet,11,0.101594,74.0,0
7R/8/8/2pB2rp/2P1K3/8/1k6/8 w - - 10 58,380.0,374.0,h8c8,quiet,8,0.003176,6.0,0
r4k1r/p1p2p1p/5np1/1Qp5/2Pqp3/4R2P/P4P1P/3RKB2 b - - 3 16,96.0,113.0,d4e5,quiet,22,0.022375,17.0,0
r1q1r1k1/1p1n1ppp/3bpn2/pPpp1b2/P1PP3P/B3PN2/3NBPP1/R2Q1RK1 b - - 3 9,-83.0,29.0,d7b6,quiet,32,0.158863,112.0,0
r1b2rk1/1p2bppp/p1n1pn2/1q6/N1p2B2/PP3NPP/4PPB1/R2Q1RK1 w - - 0 12,-17.0,-2.0,b3c4,capture,29,0.021567,15.0,0
r1b1kbnr/pp4pp/2p1N3/3p4/P5p1/4P3/1PPP2BP/R1B1K1NR b kq - 0 10,-20.0,100.0,c8e6,capture,26,0.168816,120.0,0
8/5npk/4N3/3q4/p6P/4Q1P1/5P1K/8 w - - 16 54,116.0,65.0,e6f4,quiet,11,0.068533,51.0,0
3qkb1r/prpp2pp/5n2/5p2/QPP2P2/P4PP1/7P/R1B1K2R b KQ - 0 12,-15.0,170.0,e8f7,quiet,24,0.248403,185.0,0
6k1/3r1p2/pq4b1/3B2Q1/2p5/P7/1P6/2K5 w - - 0 30,-519.0,-533.0,d5c4,capture,12,0.003551,14.0,0
3rr1k1/ppp1bpp1/2q2n2/8/6Pp/2N1BN1P/PP2QP2/2RR2K1 b - - 7 15,-149.0,-151.0,d8d1,capture,24,0.002402,2.0,0
r4k2/q5p1/2Q5/1p2p1P1/2n1p1b1/8/5PP1/5RK1 b - - 1 25,311.0,502.0,f8f7,quiet,15,0.090378,191.0,0
8/1rp1kp2/3p2p1/p2P4/7P/5R2/P4PK1/8 w - - 13 47,-2.0,-107.0,g2g3,quiet,13,0.146417,105.0,0
8/3rk1p1/7p/PR6/5P2/4P3/2rpK3/3R4 b - - 0 35,60.0,-24.0,c2a2,quiet,12,0.119983,84.0,0
1k1rr3/p1p5/1p6/3p4/5qPP/3Q1P2/1P1R4/1BK4R b - - 4 27,-132.0,-77.0,e8e3,quiet,17,0.072289,55.0,0
rnbqr1k1/1p4b1/2p2pB1/p2p3n/3P1P2/P1N1P2P/1P4P1/R1BQ1RK1 b - - 0 10,57.0,-3.0,h5g3,quiet,27,0.085619,60.0,0
r5k1/1bp1bp1p/3p1np1/1PqP1p2/2PN1P2/2NQP3/1B4PP/5RK1 w - - 4 17,175.0,168.0,g1f2,quiet,25,0.007969,7.0,0
8/2p3b1/1p1p4/1P1P2k1/8/3K1B1P/8/8 b - - 14 68,38.0,84.0,g5f4,quiet,10,0.064115,46.0,0
r3r1k1/1pp2pb1/p1n2qp1/3Npb1p/2P5/3PP1P1/PB3PBP/R2Q1RK1 b - - 3 12,-29.0,-11.0,f6d8,quiet,28,0.025813,18.0,0
2r5/8/pkn1p2R/2np4/8/Pq6/1P3R2/1K2Q3 b - - 3 34,324.0,336.0,c8d8,quiet,14,0.007821,12.0,0
4r1k1/1p6/p2p2p1/P2P1b1p/1PPb4/8/3B1PR1/5BK1 b - - 2 34,126.0,59.0,e8c8,quiet,18,0.089675,67.0,0
3R4/2P5/8/6p1/5pK1/P1r5/4kp1P/8 w - - 4 77,-128.0,-196.0,d8e8,quiet,10,0.079217,68.0,0
r3r1k1/1pqn1pp1/p2b1nb1/6B1/3pN3/1Q4P1/PP2N1BP/2R1K2R b - - 0 17,208.0,311.0,g6e4,capture,25,0.088907,103.0,0
3r1rk1/2pnqp2/p3p2p/1p5Q/3R3N/2P3PP/PP5K/5R2 b - - 2 21,30.0,-45.0,d7f6,quiet,21,0.107467,75.0,0
1k6/1p3p1p/6p1/Q1p3P1/3b1PK1/P3q2P/1PPr4/R4B2 w - - 7 27,63.0,0.0,a5d8,quiet,19,0.089684,63.0,0
4k3/2R4P/K4R2/4r3/p4p2/P7/7r/8 b - - 0 57,-222.0,-254.0,e5h5,quiet,10,0.029762,32.0,0
rnk1Bb2/1bp1n2r/1p1pP1p1/pP6/2P2q1p/4NPR1/PB1Q4/1K4R1 w - - 0 27,-256.0,-59.0,g3g4,quiet,26,0.229511,197.0,0
8/8/2k2r1p/3pp2R/8/4K3/3N4/8 b - - 1 38,11.0,22.0,f6e6,quiet,8,0.015793,11.0,0
3b4/1p1k1p2/p1p1b1p1/P1P5/2P2K2/2BB4/5P2/8 w - - 2 41,-161.0,-154.0,f4e3,quiet,15,0.008257,7.0,0
1k1r1r2/p1p5/1p2p2p/8/2q1P3/P3R2P/1P1BQnKP/R7 b - - 11 21,320.0,221.0,f2d3,quiet,20,0.082078,99.0,0
2kr2nr/pbqp2p1/1pn1pp2/8/1bP1P3/2N1BNPp/PP2BP1P/2RQ1RK1 b - - 4 10,-10.0,-23.0,g8e7,quiet,30,0.018664,13.0,0
6k1/4nppp/1r6/pp2PP2/3rBB2/7P/PP3P2/4R1K1 w - - 3 20,158.0,43.0,f5f6,quiet,19,0.151334,115.0,0
R7/6p1/6k1/p5r1/2pB4/P1P1K3/7P/3b4 w - - 10 40,156.0,175.0,a8a7,quiet,12,0.021967,19.0,0
6k1/8/8/1p1P4/2b4r/4P1K1/1Q1R2P1/5r2 b - - 4 48,-305.0,-297.0,h4h7,quiet,11,0.005880,8.0,0
1rr3k1/p5p1/4q3/7p/Q2PpP1R/4N1P1/P4PK1/2R5 b - - 0 25,-244.0,-44.0,c8c1,capture,18,0.239924,200.0,0
8/1R6/3p1k2/6p1/4rb1p/p6P/P4KP1/5N2 b - - 4 49,321.0,358.0,e4c4,quiet,13,0.023164,37.0,0
r2qk1nr/pbp4p/3p4/3P2P1/1p1pp3/7P/PPPQ1NP1/R3KB1R w KQkq - 0 10,42.0,225.0,d2d4,capture,26,0.224877,183.0,0
2kr1br1/ppqn1p2/2p1pnp1/6B1/3P4/1QP3N1/PP3PP1/2KR1B1R w - - 4 14,-3.0,92.0,c1c2,quiet,26,0.133706,95.0,0
3kn3/8/n1K1P3/P1P5/3N4/8/8/8 w - - 5 53,352.0,362.0,c6b6,quiet,8,0.005794,10.0,0
1r2qrk1/1bppb1p1/np3n1p/p2N2P1/2PpP2P/P2B4/1PQBN3/1K1R3R b - - 0 15,-62.0,-98.0,f6d5,capture,29,0.049118,36.0,0
4R1bk/8/8/8/P7/8/6PP/1q4BK b - - 12 50,95.0,37.0,b1d1,quiet,9,0.080361,58.0,0
5r1k/1b4pp/1p1bp3/1P1p4/3PpP2/1P2P2P/1B4P1/R5K1 b - - 0 20,340.0,305.0,f8f7,quiet,20,0.023556,35.0,0
r2q1rk1/1b2ppbp/1ppp1np1/p7/Pn1PP3/1NN1B1PP/1PP2PB1/R2QR1K1 w - - 6 10,30.0,49.0,g3g4,quiet,32,0.026986,19.0,0
5bk1/1r3bpp/5n2/3p1P2/1N1q1NP1/B3R3/8/2R3K1 w - - 0 29,-492.0,-744.0,f4g2,quiet,17,0.041994,252.0,0
r1b1k2r/3n1pb1/p2qpnp1/1p1p3p/1P5P/P1N1PP2/1BPQ2P1/1K1R1BNR w kq - 3 12,225.0,134.0,e3e4,quiet,30,0.101210,91.0,0
r2k3r/p5p1/n4p2/2p1bn1p/1pP5/3K1P1N/PPN2BPP/1R5R w - - 0 14,13.0,132.0,f3f4,quiet,24,0.162622,119.0,0
1k5r/1p2R3/3pP1r1/p3q1B1/2Q4P/8/P1P5/6K1 b - - 0 23,207.0,456.0,g6g5,capture,15,0.165425,249.0,0
rnb1kbnr/pp3q1p/2pp4/4p1B1/2N1PNp1/2Q4P/PPP2PP1/R2K1B1R b kq - 0 10,-51.0,84.0,f7g7,quiet,30,0.191456,135.0,0
r3b1k1/5pp1/1p5p/3pN3/3Pn3/3BQ2P/1q3PP1/2R3K1 w - - 4 27,15.0,-37.0,d3e4,capture,19,0.074620,52.0,0
8/6pp/1p1r4/pBkn2Q1/P4n1P/4p3/1P6/1K6 w - - 3 34,-100.0,-60.0,g5g7,capture,15,0.054566,40.0,0
5k2/2r1p2p/5bp1/3b3P/P2p4/3B1Pq1/1P1Q2P1/4RK1R b - - 2 25,1.0,-169.0,f6g7,quiet,19,0.227125,170.0,0
2kr3r/pppn2p1/5n2/1Pbqp1Np/P3p3/3P4/1NP2PPP/R1BQ1RK1 w - - 1 13,-69.0,77.0,d3e4,capture,28,0.207046,146.0,0
rn2k2r/pp1q2pp/3p1n2/2p2p2/3p1P2/PR2PN2/P1PB2PP/3QK2R w Kkq - 0 9,-158.0,3.0,e1g1,quiet,27,0.217219,161.0,0
6R1/2p5/2p4k/p1P3R1/K7/5q2/5P2/8 b - - 1 59,56.0,43.0,f3d1,quiet,10,0.018332,13.0,0
8/2K2k2/2P5/1r6/8/1P2R3/2r5/8 w - - 41 67,47.0,-154.0,e3f3,quiet,7,0.275395,201.0,0
5rk1/pB1bq1pp/2p2n2/2p1p3/P1P2pP1/3P1P1P/P3P3/1R1QK2R w K - 2 15,130.0,158.0,a4a5,quiet,25,0.034085,28.0,0
1kbr1r2/pp6/P6R/6Pp/3qP3/3p3P/1P1Q2B1/R6K w - - 1 25,-11.0,-22.0,g5g6,quiet,19,0.015793,11.0,0
8/2k2p2/8/4P3/p7/5bR1/7P/6K1 b - - 1 47,-43.0,-81.0,f3c6,quiet,8,0.052933,38.0,0
r1bqkbr1/1pn2ppp/2p4n/3p4/3Pp3/PQp1N1P1/4PP1P/RNB1KB1R w KQq - 0 9,-343.0,-79.0,e3c2,quiet,30,0.266320,264.0,0
8/1pk4r/6R1/4N3/P3K1Pp/1r6/8/8 w - - 2 49,-52.0,-280.0,g4g5,quiet,10,0.259382,228.0,0
4k3/5p2/3b1r2/p1pN1p2/2P4p/4PP1P/6P1/6K1 w - - 0 28,-321.0,-164.0,d5f6,capture,15,0.143952,157.0,0
br4rk/4q1p1/p3p2p/P1p1Pp1Q/2PNpP2/B3P2P/6PK/5R2 w - - 7 25,-46.0,18.0,h5g6,quiet,24,0.091696,64.0,0
7r/kp6/p7/1P3b2/2P2Ppp/2K1b3/P5R1/7R w - - 0 32,-336.0,-324.0,g2e2,quiet,15,0.007821,12.0,0
8/3R4/5r1p/R3pk2/5n1P/3p4/5P1P/5K2 b - - 3 31,0.0,1.0,f6b6,quiet,12,0.001439,1.0,0
r1bq1k1r/p3npp1/1pnN3p/3p4/8/B4P2/PP1QN1P1/2KR1B2 b - - 3 14,-1.0,76.0,f8g8,quiet,24,0.109100,77.0,0
2R2b2/5k1p/5p2/8/2P4N/6PK/5r1P/8 w - - 4 34,203.0,152.0,c4c5,quiet,11,0.057104,51.0,0
k1r5/pp6/6p1/1b1Q4/8/7P/P4R1K/1q6 w - - 0 37,-469.0,-517.0,d5e6,quiet,12,0.014469,48.0,0
r4b1r/pbpq1kp1/1pn2P2/5p2/8/2N2N2/PPPBQ1PP/R3K2R w KQ - 1 13,128.0,103.0,e2c4,quiet,25,0.032268,25.0,0
2b1qk1r/1p3npp/3b1p2/Q2N3P/2Pp4/1P3PP1/1P4K1/4R3 b - - 4 21,353.0,407.0,e8d8,quiet,21,0.028247,54.0,0
1QQ5/2p1k1p1/p7/4bp2/8/P2K4/8/4q3 b - - 2 47,134.0,50.0,e1c3,quiet,11,0.112353,84.0,0
4q1k1/2Q2pr1/7p/3p2P1/P6P/4PR2/2pr2PK/5R2 w - - 0 31,-177.0,-86.0,f1c1,quiet,17,0.113460,91.0,0
r3k2r/1b1p2pp/2pb1n2/4nN2/1P2P3/P1N5/2K3BP/1RB4R b kq - 0 19,-58.0,-49.0,d6b8,quiet,22,0.012649,9.0,0
4B3/p1k3rp/2P5/3pp3/7P/B1P3P1/P2P1b2/3K4 b - - 6 24,169.0,213.0,g7g3,capture,16,0.047454,44.0,0
r4r2/pp1b1k2/7p/2R5/P4B2/N1P1n3/6PP/4R1K1 b - - 0 24,-138.0,-212.0,e3g4,quiet,17,0.083355,74.0,0
8/2Nkq3/6p1/3p4/P2P4/1P4Qp/1KPB4/5b2 b - - 0 33,-398.0,-332.0,e7e4,quiet,14,0.036987,66.0,0
2k5/8/8/1B6/PP6/8/1K6/3r4 b - - 6 52,-39.0,-94.0,c8c7,quiet,6,0.076179,55.0,0
1r4k1/Q4p2/3q2p1/3p3p/2p1r2P/P1P2NP1/KPP2P2/5B1R b - - 0 23,-12.0,-62.0,e4e7,quiet,21,0.071027,50.0,0
8/5p1k/5Qp1/3q3p/7P/6PK/7R/1r6 b - - 15 59,326.0,335.0,b1b3,quiet,11,0.005853,9.0,0
rn1q1rk1/1p2npb1/p5p1/2ppp1N1/2P5/2BPP3/PP2KP2/RN4QR b - - 1 10,182.0,208.0,d5d4,quiet,27,0.027724,26.0,0
8/8/5pk1/6p1/7p/r1P2P1P/3KR1P1/8 b - - 0 51,-2.0,-35.0,g6f5,quiet,11,0.047321,33.0,0
r1bk1b1r/2qp2p1/p1n2nPp/2p2p1P/1p3P2/3P2N1/PPP1R3/R1BQKBN1 w Q - 4 12,-98.0,-3.0,f1g2,quiet,30,0.133091,95.0,0
2r2rk1/Bp3p1p/6n1/5p2/5Pp1/P1b5/1PP1N1PP/2K2B1R w - - 0 16,-20.0,153.0,e2c3,capture,21,0.235726,173.0,0
r4rk1/pbppqppp/np3n2/P7/2P5/4PN2/1P2BPPP/R1BQK2R w KQ - 3 10,-56.0,-19.0,e1g1,quiet,28,0.052584,37.0,0
8/2k5/4bn2/2p1p3/3rPp1p/pPP2BrP/3NR1P1/1K1R4 b - - 0 40,243.0,220.0,d4d3,quiet,20,0.021867,23.0,0
rn2k2r/pppb1p2/4p3/3pP3/1b1P2pq/2N2P2/PP1Q3P/R2K1BNR w kq - 1 10,-177.0,-131.0,f3g4,capture,27,0.054686,46.0,0
1r1q1r1k/6b1/p7/2p2bpN/P3p3/2P1BnP1/Q4N1P/R4R1K b - - 3 26,285.0,229.0,g7c3,capture,22,0.048728,56.0,0
r1bqr2k/p6p/6p1/2p2p2/1n1n1P2/1PNB3N/2PP1QPP/R4RK1 w - - 6 16,-6.0,66.0,h3g5,quiet,25,0.102489,72.0,0
2kr1br1/1p5p/p1n1b3/2pNpp2/P3P1nP/2P4N/1P1B2P1/R1K2B1R w - - 0 13,-98.0,-3.0,h3g5,quiet,26,0.133091,95.0,0
5k2/8/6R1/5N2/7P/rp5K/2r3P1/8 w - - 1 53,-196.0,-297.0,g6b6,quiet,9,0.091275,101.0,0
2kr3r/ppN2pp1/2p1bn1p/2b5/4P3/1P3n1P/PBPQB1P1/2KR3R b - - 0 11,-320.0,138.0,f3d2,capture,26,0.551967,458.0,0
r1bq1r1k/pp4bp/6p1/3p4/QRn2p2/P1P2N2/4PPBP/2BR2K1 b - - 5 14,-26.0,36.0,c8d7,quiet,25,0.088971,62.0,0
3k4/3r1p2/1q5p/4Q2P/1P2B3/2K5/8/8 b - - 7 45,92.0,119.0,b6e3,quiet,10,0.035469,27.0,0
r5k1/1p1b2pp/1b1B1n2/1NPP3q/nP1NrP2/5R1P/4P1B1/3Q1RK1 b - - 0 23,-64.0,-198.0,d7b5,capture,25,0.166564,134.0,0
8/5k2/6R1/1r3p1P/3K2p1/8/8/8 w - - 5 79,-148.0,-106.0,d4e3,quiet,7,0.052994,42.0,0
2R5/6k1/p5pp/8/4r2P/P2b1N2/5K2/8 w - - 0 30,-91.0,-149.0,f2g3,quiet,11,0.074138,58.0,0
8/4pk2/4b3/B3Pp1p/Pp5P/r4Pr1/1KP2R2/3R4 b - - 0 33,-76.0,191.0,a3a2,quiet,17,0.357825,267.0,0
8/1k5p/2p3p1/p3p3/qp6/1r3PP1/1BR4P/1K1Q4 w - - 0 37,-113.0,51.0,d1d7,quiet,16,0.229991,164.0,0
r2qkb2/ppp2pr1/4pn1p/3p1b2/PnPP1N2/N3P3/1P2B1PP/R1BQ1RK1 b q - 6 9,-63.0,37.0,c7c6,quiet,30,0.142730,100.0,0
7r/ppR3pp/4k3/5p1P/3n3P/1P3PKB/P7/8 w - - 0 29,274.0,212.0,g3f4,quiet,16,0.056689,62.0,0
2R5/8/8/p6k/8/5P2/6K1/r7 b - - 9 51,22.0,12.0,a5a4,quiet,6,0.014356,10.0,0
7R/1pR5/2b1p2P/3pP3/p1kP4/P7/2r4r/1KB5 b - - 1 40,128.0,148.0,c4b3,quiet,16,0.024676,20.0,0
r3kb1r/2p4p/1pPp1np1/p3q3/4P1P1/2P3Q1/1P3PBP/R1B1R1K1 w k - 4 16,394.0,572.0,c1f4,quiet,25,0.057982,178.0,0
2b2rk1/3qn2p/r1p1pppP/1p6/1P1P4/p2B1N2/P1P2PP1/2KRQ2R b - - 1 15,-182.0,-30.0,d7d5,quiet,26,0.197262,152.0,0
4Q1r1/3R4/3N4/1p1k4/1P6/5K2/8/8 b - - 0 46,-1280.0,-853.0,g8e8,capture,8,0.006686,427.0,0
1b6/1k2rp2/p1p1b3/Pp4RR/1P6/2P1P3/2K2P2/8 w - - 1 38,-6.0,-19.0,e3e4,quiet,16,0.018682,13.0,0
2k3rr/p1nqpp2/5n2/3p3b/P4P2/2RQ4/1PP1P1BN/2B2RK1 w - - 0 17,28.0,120.0,d3a6,quiet,23,0.125931,92.0,0
r4rk1/pp1bqn1p/5p2/3Q2pP/2B2P2/P3b3/1P1B2P1/R3K1NR w - - 0 16,107.0,-67.0,d2e3,capture,24,0.244538,174.0,0
r1b2rk1/ppq2pb1/2p2np1/4p2p/2P1P3/P1N1B2P/1P2BPP1/R2Q1RK1 w - - 0 12,27.0,-5.0,c4c5,quiet,28,0.045973,32.0,0
2k2r2/p2bp3/2p5/1p6/4B3/1P1P4/1B1NPP2/n2K4 b - - 1 20,-18.0,-48.0,f8f2,capture,16,0.042760,30.0,0
1rr3k1/3n2pp/R7/R1pb1p2/4p3/1P2P1P1/1BK1BP1P/8 b - - 0 31,98.0,79.0,d5b3,capture,20,0.025638,19.0,0
7r/4p2p/1pk1np2/p1p5/P1P2P1n/2P5/4KP1P/4RNR1 w - - 10 27,323.0,258.0,g1g4,quiet,20,0.049868,65.0,0
8/8/8/3kp3/1b3r2/8/2R5/7K w - - 0 51,-584.0,-634.0,c2h2,quiet,6,0.008169,50.0,0
8/8/1p6/8/1Q6/4k3/2P1p3/2K2n2 w - - 5 51,396.0,435.0,b4c3,quiet,7,0.017256,39.0,0
3r4/7R/4kp2/2R2p1p/1p1p1P1P/1r1P4/8/5K2 w - - 0 44,-414.0,-349.0,h7h5,capture,14,0.033796,65.0,0
2kr4/pp3pnp/2n1b3/b1B5/5r2/2NP1N2/P2K1RBP/5R2 b - - 6 22,149.0,362.0,f4c4,quiet,21,0.187140,213.0,0
2k3r1/1pp1n3/p4p1r/P3pn2/2P1P3/P1B1P3/5K1p/2R2B1R b - - 0 25,286.0,431.0,f5g3,quiet,21,0.084405,145.0,0
6k1/5p2/4qb1p/1p1r4/r2pn1pN/1Q3PP1/1P2P2P/2RRN1K1 b - - 0 28,143.0,56.0,e4g3,capture,22,0.115010,87.0,0
2kr1b1r/p1p2pp1/1pn1p3/3q1n1p/1P2NP2/P2P1NP1/2P4P/R1BQK2R w KQ - 0 9,-178.0,-44.0,e1g1,quiet,28,0.172893,134.0,0
8/p1pp1rk1/6p1/3Pq2p/1P6/P2RP2P/6B1/6K1 b - - 5 29,655.0,857.0,g7h6,quiet,16,0.015371,202.0,0
8/8/4k3/8/2b2p2/8/5N2/4K3 w - - 14 56,-250.0,-237.0,f2e4,quiet,5,0.011863,13.0,0
7r/1p2pk2/2n1bp1P/p1q1P3/5Bp1/2P5/2PQB1P1/5K1R b - - 0 24,232.0,88.0,h8d8,quiet,20,0.167747,144.0,0
2b1kb1r/p3n1p1/1p6/2p3B1/3nB3/2NP4/PP1KPPpq/R2Q2R1 b k - 0 14,-86.0,-184.0,c8h3,quiet,24,0.121239,98.0,0
r2q1rk1/5ppp/pp1bp3/6P1/2pNnP1P/4P3/PBQP4/R3K2R b Q - 1 15,217.0,97.0,c4c3,quiet,25,0.141076,120.0,0
2rq1r2/3b2kp/6p1/1p1P3n/p3p3/1B2N2P/PPPQ1P2/1K1R3R w - - 0 21,118.0,-8.0,b3a4,capture,23,0.175085,126.0,0
4k2r/q3bppp/2n1p3/2Pp3n/3P3P/5P2/1P1RN2B/3QK3 b - - 2 18,251.0,331.0,e7h4,capture,21,0.061292,80.0,0
1R6/8/b1kPp3/P2p1n2/8/4P3/3N1PP1/4K3 b - - 0 28,-503.0,-592.0,a6d3,quiet,13,0.020325,89.0,0
4rr2/1pq3kp/p1nR2p1/2P2b2/PPB5/2P2P2/5KPP/3Q3R b - - 2 19,69.0,53.0,a6a5,quiet,22,0.022327,16.0,0
2RR1bk1/1p3r1p/p7/7p/r2NKP1P/6P1/8/8 w - - 12 41,388.0,119.0,f4f5,quiet,15,0.238360,269.0,0
5R2/8/8/2B2np1/5rk1/8/3K4/8 b - - 17 59,168.0,239.0,g4g3,quiet,7,0.073777,71.0,0
8/1b2bp2/4p1p1/k1p1P2p/ppP1PP1P/P3B1P1/1P2B3/2K5 w - - 29 47,12.0,32.0,e2d3,quiet,21,0.028659,20.0,0
7Q/3r2p1/4kB2/p1p4B/PnP1p3/1P2q3/8/1K6 b - - 0 35,633.0,1603.0,e6f6,capture,15,0.025387,970.0,0
3Q4/8/6k1/8/8/8/3K4/8 b - - 2 62,-719.0,-1010.0,g6f7,quiet,3,0.012714,291.0,0
4r1k1/1pq1rpb1/p2np1p1/P2p2Pp/3P3P/2PNN1Q1/1P2RP2/4R1K1 w - - 5 27,237.0,100.0,d3f4,quiet,26,0.156390,137.0,0
r4rk1/pb2b1p1/1qn4p/1p6/2PpBR2/P5P1/1BPPQ1KP/RN6 b - - 0 16,63.0,114.0,f8f4,capture,25,0.068731,51.0,0
2rq1bk1/1p3p2/2p1pnpn/7p/3P1P1P/3BP3/P5PN/2R1Q1KR b - - 3 18,-192.0,-40.0,f8a3,quiet,24,0.193929,152.0,0
8/8/p1k2p2/5R2/P4P2/2b1P3/3p3r/3K2R1 w - - 2 41,115.0,236.0,d1c2,quiet,12,0.135812,121.0,0
8/8/2k3p1/6Rp/2P1b2P/7r/4K3/8 w - - 3 37,-482.0,-530.0,e2d2,quiet,9,0.013534,48.0,0
4R3/8/8/5k2/2K4P/8/1r6/8 b - - 0 64,-151.0,-48.0,b2h2,quiet,5,0.135943,103.0,0
6k1/p2rbpp1/2p1q2p/3rP3/P1NpR2P/1P1Q2P1/2P3K1/5R2 b - - 0 26,146.0,88.0,e7b4,quiet,22,0.074557,58.0,0
8/3r3p/2N5/8/5k1P/8/6K1/8 w - - 1 45,-320.0,-383.0,g2h3,quiet,6,0.037480,63.0,0
Q7/8/8/5k2/7p/1p6/8/6K1 b - - 0 46,-345.0,-744.0,f5e6,quiet,5,0.107067,399.0,0
5r2/1R3p2/p4k1p/3P1npP/P7/8/7K/1R6 b - - 0 44,-62.0,-142.0,f6e5,quiet,13,0.105398,80.0,0
1r6/5pkp/6p1/8/3qR3/5P2/4BPK1/8 w - - 0 34,-755.0,196.0,e4d4,capture,11,0.742728,951.0,0
8/8/4k2p/6p1/1PP5/3r2B1/1K5P/8 w - - 1 58,-41.0,-30.0,b4b5,quiet,9,0.015665,11.0,0
8/k7/8/8/2N5/2K4B/8/8 w - - 1 60,627.0,788.0,c3d4,quiet,4,0.015756,161.0,0
r4rk1/1pp1q1b1/p2pPnp1/P4p1p/4pPnP/R3P3/BPPBN1P1/3QK2R b K - 2 15,126.0,148.0,d6d5,quiet,30,0.027201,22.0,0
r1bqk2r/ppp3bp/2n1P1p1/1B2n3/4N2P/P2p4/1PPPQPP1/R1B1K1NR w KQkq - 0 9,90.0,85.0,c2d3,capture,30,0.006758,5.0,0
8/1k3p2/3q4/P1n5/2P5/2Q2P2/1KB5/8 w - - 7 68,331.0,239.0,b2a3,quiet,10,0.072186,92.0,0
r2q3r/1p1b2k1/3b2p1/Pp1PN3/1p2RPp1/1P5P/5P2/R1BQ2K1 w - - 0 18,185.0,281.0,e5d7,capture,23,0.090825,96.0,0
8/2p3p1/1b4k1/3pp2p/3Pb1nP/1NP3P1/3Br3/R4BK1 b - - 3 29,272.0,944.0,e2h2,quiet,19,0.168476,672.0,0
r3r1k1/pp1n1qp1/2p1b2p/4B3/3P4/1PP3P1/P1B4P/R2QR1K1 w - - 1 21,38.0,112.0,c2d3,quiet,23,0.101351,74.0,0
8/6k1/1p6/5R2/p1b1BKP1/P7/1r6/8 w - - 0 47,-9.0,4.0,f5g5,quiet,10,0.018705,13.0,0
8/1pk5/8/2K5/P7/2P4n/4R3/3r1q2 w - - 0 47,-1236.0,-1495.0,e2e7,quiet,9,0.000629,259.0,0
3rk1nr/ppp3pq/4bp2/PPb1p1p1/8/2N4P/1P1BBPP1/R2Q1RK1 w k - 1 12,26.0,96.0,a5a6,quiet,27,0.097396,70.0,0
8/3b4/3P2k1/4Q1p1/8/p4R2/P4P1K/5q2 w - - 3 39,585.0,2223.0,e5f6,quiet,11,0.033323,1638.0,0
r6r/2Q1qkn1/p2pp3/1p1b1p2/1P1N4/B1PB4/P2P1P1P/1R2K3 w - - 0 20,22.0,-200.0,c7e7,capture,23,0.291365,222.0,0
2b2rk1/p4p1p/2p2q2/5p1Q/3P3R/r2nN1P1/5PBP/5RK1 b - - 4 23,-4.0,0.0,f6g6,quiet,21,0.005756,4.0,0
8/5bk1/4rn1p/p5p1/2B3P1/2P4P/PP6/2K2R2 b - - 1 31,-33.0,234.0,e6e3,quiet,15,0.340989,267.0,0
r1q2rk1/p3p2p/1p2Pp1b/1P1Q1p2/8/4PPP1/PB1NN1KP/2R5 b - - 2 16,-440.0,-335.0,c8d8,quiet,24,0.053339,105.0,0
r7/2bnkp2/P1p1pn2/3p2Bq/3P3P/2NB4/7P/5RQK w - - 3 23,123.0,180.0,g1f2,quiet,20,0.068140,57.0,0
6q1/8/6kp/6p1/6P1/2Q2P2/8/6K1 w - - 16 64,146.0,131.0,c3c6,quiet,8,0.018488,15.0,0
2kr1b1r/1bppq2p/1p1n4/p2Pnp2/3N1B1p/P1N5/1PP1BPP1/R2QK2R b - - 1 12,-50.0,55.0,f8g7,quiet,29,0.149960,105.0,0
r2qk2r/np1b2p1/3b4/p2P1ppP/1p1P4/1P1BBP2/3N2P1/R2QK2R w KQkq - 3 14,18.0,80.0,d2c4,quiet,26,0.087256,62.0,0
r1bq1rk1/3nbppp/8/1p1n4/p1p5/4PP2/PBNPBNPP/R2QK2R b KQ - 1 14,95.0,186.0,a4a3,quiet,28,0.111323,91.0,0
8/5B2/8/6r1/p7/1p6/8/1K1k4 w - - 0 66,-646.0,-654.0,f7e6,quiet,6,0.001042,8.0,0
r1bqr1k1/p4pp1/1p1p1n2/7p/2P4P/B1N2P2/P3N1P1/2KR1B1R b - - 0 15,299.0,345.0,d8e7,quiet,24,0.031036,46.0,0
1k2r3/1p3p1p/p3q3/5rp1/3Pn3/BP1QP2P/2R4K/5R2 w - - 0 27,-117.0,-191.0,f1f5,capture,19,0.087876,74.0,0
3r4/PP6/2R3pk/8/8/8/1K1p2p1/3Rr3 b - - 0 47,227.0,555.0,g2g1q,promotion,11,0.173676,328.0,0
6R1/7p/3pk2P/p7/P1PK4/8/6p1/5b2 b - - 0 41,242.0,-66.0,e6f7,quiet,11,0.394936,308.0,0
r1b1kn2/1pq1bp2/p1pp3r/4p1pn/3PP3/1BN1BP2/PPPQNR1P/R6K b q - 1 13,-98.0,-57.0,e5d4,capture,30,0.056107,41.0,0
3rk1r1/pp1nbp1p/1qp1p1b1/8/3PPQ1P/P1NR3B/1PP4B/2K2R2 w - - 7 21,1.0,51.0,c1b1,quiet,26,0.071433,50.0,0
3b1R2/6k1/1Q4p1/1p1b4/2p1P3/1P1n4/7P/5RK1 b - - 0 33,-598.0,256.0,d8b6,capture,14,0.782615,854.0,0
3k1r2/1pp3p1/1n1b2q1/1P5p/1r1Pp3/Q3P2P/P1RNBPP1/3R2K1 b - - 0 30,-276.0,-148.0,g6f5,quiet,24,0.129468,128.0,0
rnq2r1k/pbppn1bp/4ppp1/8/R2P1NN1/1QP2PP1/1P2B2P/2B2RK1 w - - 9 13,146.0,87.0,a4b4,quiet,29,0.075908,59.0,0
8/8/5k2/1N1n3Q/P7/1P1q1r1p/KR6/8 w - - 9 43,-115.0,-58.0,b5d4,quiet,11,0.077006,57.0,0
2rq2k1/3p1rb1/1p4Q1/4p1P1/1RP2p2/P7/5P2/2B1K2R w K - 1 21,57.0,142.0,c1b2,quiet,18,0.112386,85.0,0
r2r2k1/4pp1p/2p3p1/p5P1/P7/4B2P/1b4P1/3R1RK1 b - - 2 21,312.0,257.0,b2a3,quiet,18,0.043180,55.0,0
2r5/4bk2/2r2n2/p6q/3pp3/P5R1/4PP2/1R1Q1K2 w - - 0 27,-625.0,-760.0,f2f3,quiet,16,0.014222,135.0,0
1rb1k2r/Qp1np2p/5ppb/1NnB4/5P2/P1B3P1/3RP2P/2q2NK1 b - - 0 22,265.0,147.0,h8f8,quiet,25,0.121572,118.0,0
8/k1p5/pp2n3/4B2p/PP2b3/3Q2P1/1KB3q1/8 w - - 1 44,18.0,341.0,d3e4,capture,15,0.350971,323.0,0
1r5k/P1R3pp/8/8/2p5/6P1/1p4KP/R7 b - - 0 34,-269.0,-598.0,b8a8,quiet,12,0.144307,329.0,0
1k1r4/1p4p1/2n4p/4p3/1BQ4P/KR1P4/P6q/8 b - - 1 28,52.0,112.0,c6d4,quiet,15,0.081540,60.0,0
3r2k1/p3qpb1/1p1rb1p1/P1p1p2p/2P1P3/2B1P2P/1RQ1BPPK/5R2 w - - 1 23,56.0,36.0,c2b1,quiet,26,0.028276,20.0,0
2r1k3/p1pq1n2/1pn2p2/8/3PPB2/2P5/P3NK2/6RQ b - - 3 19,-150.0,-193.0,c6e7,quiet,18,0.048930,43.0,0
3Q4/7k/3p3p/3Pb3/4P2P/1r4PK/4R2N/7q w - - 33 55,381.0,254.0,d8d7,quiet,14,0.087778,127.0,0
8/8/8/1p5k/4n3/8/1KP1b2P/3R4 w - - 20 59,-36.0,22.0,d1d4,quiet,8,0.083242,58.0,0
k7/2K5/P6q/1p2P3/8/2P5/8/8 b - - 0 56,787.0,978.0,h6f4,quiet,7,0.007086,191.0,0
3b2k1/p2r3p/2R5/2B2pp1/8/2P4P/2P2P2/6K1 b - - 0 29,-102.0,-23.0,d8e7,quiet,14,0.109662,79.0,0
7k/1p5p/p7/P1R5/q1p5/P3R3/4K3/8 b - - 1 42,71.0,109.0,a4c2,quiet,11,0.051134,38.0,0
1r1q2rk/1p3n1p/pNp2p2/P2p4/3P2Q1/2P3b1/1P4R1/R1B3K1 w - - 1 25,-207.0,-149.0,g4e6,quiet,22,0.064842,58.0,0
4kb1r/r2b1ppp/p3p3/2p5/1nP2B2/3P2P1/1q2B2P/1R1QK2R b k - 1 17,360.0,404.0,b2d4,quiet,23,0.022792,44.0,0
1k6/3R4/8/1P6/1K6/8/8/2r5 w - - 3 72,215.0,249.0,d7e7,quiet,5,0.032271,34.0,0
5rk1/2b2pp1/8/1B1p1b1p/1B2nPq1/4P3/1Q3P1K/R4R2 b - - 6 24,241.0,238.0,f8b8,quiet,19,0.002776,3.0,0
6r1/1P1Q4/3pPk2/8/7P/pP3p2/4p1rP/2R1R2K w - - 2 46,1317.0,1382.0,d7f7,quiet,16,0.000159,65.0,0
8/8/3p1kp1/2p3R1/5BK1/r7/5P2/8 b - - 23 46,-36.0,-73.0,a3d3,quiet,9,0.051913,37.0,0
1kb2rQ1/2q4p/8/p6r/P1P5/8/KP3P2/4R3 w - - 0 36,-419.0,-221.0,g8f8,capture,14,0.136619,198.0,0
8/1p5k/3K4/4N3/3B4/p5R1/8/3r4 w - - 4 52,494.0,433.0,g3d3,quiet,8,0.021374,61.0,0
1kn1RQ2/8/2q5/1pPp3p/6p1/P1b5/5PPN/6K1 w - - 9 34,447.0,308.0,g2g3,quiet,16,0.074284,139.0,0
r1b2rk1/1p4p1/3Rp1Bp/4qP2/5B2/8/5PPK/8 w - - 2 33,-806.0,-128.0,f4e5,capture,16,0.314130,678.0,0
7r/3P2p1/5qk1/p2Q1p2/P4P1p/4R2P/2r3P1/7K w - - 0 33,62.0,187.0,e3e6,quiet,16,0.157533,125.0,0
8/Q2Nk2p/1pp3pb/8/P2KnP2/8/7P/4q3 b - - 2 30,871.0,621.0,e7d6,quiet,14,0.020657,250.0,0
2bq1rk1/5pbp/2p2np1/P1Ppp3/8/P1P1PP2/6PP/RNBQ1RK1 b - - 0 12,-234.0,-32.0,d8a5,capture,26,0.247719,202.0,0
6R1/1pp2B2/p1b3pk/8/2PK3p/4P3/r6P/8 b - - 3 35,265.0,341.0,a2g2,quiet,14,0.055511,76.0,0
r1bn3r/ppp1kp2/8/3Pp2p/7R/P1P5/1P3PP1/RN2KB2 w Q - 1 15,-18.0,114.0,b1d2,quiet,22,0.184295,132.0,0
2k5/pp6/5NR1/8/2b5/Pr2P3/2K5/8 b - - 2 29,140.0,124.0,b3e3,capture,10,0.019996,16.0,0
2r5/5P2/1p6/3pN3/k2P4/8/8/1K6 b - - 0 62,52.0,151.0,c8f8,quiet,8,0.130304,99.0,0
8/1b2k3/8/1p3r2/pN2n3/2P5/BP6/2K1R3 w - - 8 38,208.0,64.0,a2b1,quiet,12,0.176976,144.0,0
r5k1/3p4/6p1/8/1p1BP3/3P1N2/P1r3PP/R5K1 b - - 4 22,-122.0,-150.0,a8a2,capture,15,0.034690,28.0,0
r2qr1k1/3b3p/3P1np1/pp3p2/1n1PpN1P/4N1PB/PP1Q1P2/2R2RK1 w - - 1 16,221.0,180.0,c1c7,quiet,27,0.043006,41.0,0
8/1p6/3q1b1k/3p1B2/2r2n1P/P3Q3/K5R1/4R3 w - - 3 43,121.0,1783.0,g2g6,quiet,14,0.332547,1662.0,0
5Q2/8/8/8/6N1/6K1/1k6/8 w - - 1 61,1194.0,1385.0,g3h4,quiet,4,0.000689,191.0,0
R1bq1rk1/4b2p/3np1p1/4N3/3P1B2/8/2Q3BP/6K1 b - - 0 29,-24.0,114.0,f8f4,capture,17,0.192898,138.0,0
2k4r/p1p3p1/1bn2p2/3b3r/QPNp2q1/3P1NP1/3BPPB1/2R3K1 w - - 1 22,14.0,129.0,c4b6,capture,24,0.157424,115.0,0
7r/1p2k3/8/PP3p2/2PrpPp1/2R5/R6P/4K3 w - - 2 37,-14.0,132.0,a5a6,quiet,15,0.201459,146.0,0
6r1/6P1/2p1k3/4pbRp/1Pp1N2P/r1P1K3/8/2R5 b - - 3 39,-107.0,-224.0,f5h7,quiet,16,0.134759,117.0,0
r1bq1rk1/2p3b1/p5p1/3pP3/P1n5/2P1P1Pp/4NN1P/R1BQ1RK1 w - - 1 17,-29.0,-40.0,e2f4,quiet,25,0.015674,11.0,0
r3r1k1/1pp2ppp/2n3b1/p7/2Pqp1PN/1P1P3P/P3QPB1/R3R1K1 b - - 0 15,146.0,0.0,a5a4,quiet,26,0.198559,146.0,0
r4r2/1p2ppkp/2pn3p/3p1b2/3P3N/4P2P/1QP2PP1/6KR b - - 6 18,183.0,110.0,f5e4,quiet,22,0.088216,73.0,0
3B4/8/8/p5p1/r4pk1/8/2R2K1P/8 w - - 4 48,184.0,77.0,f2g2,quiet,9,0.133503,107.0,0
rn3rk1/pN2qp2/2p1p1p1/P6p/1p1P4/1PP2Q1P/5PBb/R4R1K w - - 0 18,121.0,98.0,h1h2,capture,25,0.030010,23.0,0
8/2k2PBb/8/3p4/2P5/3P4/p6P/K7 b - - 0 44,-410.0,-892.0,h7d3,capture,10,0.080408,482.0,0
1n3b2/3p2k1/r1b1r2p/p6Q/1pPp4/8/PP1N1PPP/5RK1 w - - 9 27,20.0,5.0,b2b3,quiet,21,0.021555,15.0,0
r3k1nr/ppp2ppp/8/3p1b2/1n1PP3/5P1P/PPPK1N2/RN3B1R b - - 0 10,-50.0,-84.0,d5e4,capture,26,0.047121,34.0,0
2r3k1/1p3qp1/7p/1b1p4/1P1P1Pp1/r7/3QN1PP/4RRK1 w - - 0 22,-25.0,-132.0,f4f5,quiet,20,0.145406,107.0,0
5k2/4rp1p/3Q4/pR6/2b5/8/PPq2PP1/5RK1 w - - 1 27,436.0,717.0,b5b8,quiet,15,0.059304,281.0,0
8/1p6/2pk4/P7/6b1/2P1B2p/2B4K/8 w - - 5 46,326.0,297.0,e3f4,quiet,10,0.020427,29.0,0
r2qr1k1/ppp2pb1/2n2n1p/3p1bp1/P7/N1P1BNP1/1P2PPBP/R2Q1RK1 w - - 2 10,-130.0,-45.0,a3b5,quiet,30,0.114416,85.0,0
rr3n2/2b2qpk/p1p1bn2/1pPp1p1p/1P1Pp3/PN2P1PP/K1Q1BP2/1NB3RR w - - 0 19,35.0,19.0,g3g4,quiet,32,0.022883,16.0,0
8/6b1/1p2b1k1/1p6/1P3R1P/3KN3/8/8 b - - 10 51,-238.0,-256.0,g7f6,quiet,10,0.016226,18.0,0
1q4k1/1b3ppp/4pn2/1B6/1BPr3P/1Q6/5PPb/R4R1K w - - 0 21,215.0,68.0,b4c3,quiet,20,0.178524,147.0,0
1n6/7p/Pk4p1/3K4/8/6P1/3B3P/8 w - - 5 44,330.0,260.0,d5e6,quiet,9,0.052771,70.0,0
6k1/pb1q1rb1/6pp/1P6/PBRp1p2/3P3P/4BQP1/6K1 w - - 2 30,60.0,59.0,e2g4,quiet,20,0.001398,1.0,0
8/8/1B5p/P6k/2P5/2r4b/4R3/K7 b - - 0 51,-115.0,-135.0,h3f1,quiet,9,0.025352,20.0,0
4Q3/1pk5/p2p4/3p4/3Pn1P1/8/5r2/6K1 w - - 6 55,56.0,101.0,g4g5,quiet,11,0.061490,45.0,0
3q4/1k6/1p1RQ1p1/p1p2p2/2P1pP1P/1P6/P2R2K1/8 b - - 0 39,-989.0,-1514.0,d8c7,quiet,17,0.003194,525.0,0
r2q1rk1/P2bppb1/2p5/2B5/3PpNp1/1Q2P1P1/7P/R4RK1 b - - 0 21,-65.0,-140.0,d7f5,quiet,22,0.098770,75.0,0
r1bqk2r/1p4pp/n6n/p1p5/1NPpp3/1PN1P3/PB3PPP/R1Q1KB1R b KQk - 0 10,-21.0,-11.0,a6b4,capture,29,0.014360,10.0,0
r2qk2r/1b3pp1/ppnbpn1p/3p4/8/1P1B1P2/PBPQNNPP/1K1R3R b kq - 5 12,-52.0,46.0,e8g8,quiet,29,0.140095,98.0,0
r1b2rk1/ppq1bppp/8/8/1PN1PPnP/5N2/P2BQ3/2R1KB1R b K - 2 12,-109.0,-122.0,h7h6,quiet,25,0.016783,13.0,0
3r4/pp3pkp/3q4/3Nr1p1/3p4/P5PQ/1PP3BP/3K3R w - - 0 21,-108.0,-139.0,d5b4,quiet,20,0.039402,31.0,0
4b3/4k1K1/4P3/8/p5p1/8/8/8 w - - 2 74,-671.0,-1786.0,g7h7,quiet,6,0.020547,1115.0,0
2bqkbnr/p1pp1p2/2n1p1p1/8/1rPPP3/2N2N2/PPQ2PBP/R1BK3R b - - 6 11,-114.0,-27.0,b4c4,capture,29,0.119636,87.0,0
r5qr/1bp1n1k1/ppnbpp2/P5p1/3PB1P1/1PPN3p/3NQP1P/R1B1R1K1 b - - 0 14,-15.0,14.0,a8d8,quiet,30,0.041710,29.0,0
5k2/1p2pp2/7p/4P2P/3q4/1K2Nn2/1P3Q2/8 b - - 5 37,199.0,306.0,f3e5,capture,13,0.094700,107.0,0
r1bq1r1k/pp2b1pp/2p1n3/3ppp2/PP1P1P2/2P1N3/4N2P/1RBQ2RK w - - 0 15,-76.0,-2.0,d4e5,capture,28,0.104783,74.0,0
3r3r/p5k1/2q3p1/1p1Nnp1p/2BQ1P2/1P6/P2B4/R2K3R b - - 0 24,-236.0,-285.0,b5c4,capture,20,0.042096,49.0,0
2r1k3/p4q2/1p2pb2/2pn1p2/8/1P1P1N2/P2B2PQ/4RK2 b - - 8 24,101.0,114.0,e8d7,quiet,19,0.017024,13.0,0
2kr2r1/ppp5/2n2b1B/3pnN2/8/1PP2PN1/PK5P/R6R w - - 0 26,44.0,18.0,g3h5,quiet,21,0.037104,26.0,0
8/3R1p2/4k3/2p2p2/5P2/r7/P1PPN3/4bK2 w - - 12 44,131.0,-5.0,d7c7,quiet,13,0.187266,136.0,0
4k3/1B6/4p3/8/1b2p3/4Pb2/3N4/4K3 w - - 17 38,-95.0,-236.0,b7c6,quiet,9,0.162112,141.0,0
1b3k2/1P6/6K1/8/8/8/8/8 w - - 9 70,84.0,-278.0,g6f5,quiet,4,0.450644,362.0,0
8/4R3/1pr5/p4p2/P2k4/1P4P1/3K4/8 b - - 3 61,122.0,128.0,c6g6,quiet,10,0.007607,6.0,0
5kr1/pp2p2p/1q1p1p2/1B2nb2/P4P2/BP6/2PQ2P1/2K1R3 b - - 0 21,25.0,3.0,e5g6,quiet,21,0.031599,22.0,0
r3k1r1/2p5/2pbpq2/p2pNpp1/3P2n1/PPB1P1P1/5PK1/R2Q3R w - - 2 18,-28.0,-38.0,d1c1,quiet,25,0.014261,10.0,0
3r2k1/6pp/B7/1p3p2/2b2P1P/3pr1P1/P6R/1K1R4 w - - 3 28,-289.0,-309.0,h2b2,quiet,17,0.014819,20.0,0
r2k3r/pbp1b1p1/1p2p1p1/2ppP3/1P6/4BN2/P1P2K2/R2Q4 w - - 0 21,-80.0,26.0,b4c5,capture,22,0.150484,106.0,0
r4rk1/7R/p2p3p/P2Pp3/4Bb2/3QNP1b/1PPK4/q7 w - - 2 40,-26.0,-234.0,h7b7,quiet,20,0.256293,208.0,0
4k2r/p2bP3/8/2N5/6pp/5r2/PP1R4/2K1R3 w - - 0 39,259.0,877.0,d2d7,capture,14,0.177405,618.0,0
r2qk2r/1bpn3p/p4n2/1pb1p1p1/4P1P1/N2R1QN1/PPPP1PB1/R1B1K3 b Qkq - 5 9,-15.0,32.0,h8f8,quiet,29,0.067495,47.0,0
r1bq1rk1/1pp1b1pp/3pp3/p4p2/2PPnP2/PPB1PNP1/2Q3BP/R3R1K1 w - - 7 12,43.0,29.0,a1d1,quiet,30,0.019930,14.0,0
1k3r2/2p4Q/p2b4/1b1pPr1p/7P/1PP1B3/3K2P1/R7 b - - 0 32,90.0,108.0,f5e5,capture,18,0.023906,18.0,0
r2k2r1/2p1bq2/2p1b1pp/3nB2N/4N3/1P1P1P2/2P1Q3/2K2R1R w - - 0 21,-10.0,-7.0,h5g3,quiet,22,0.004315,3.0,0
r1b1k2r/ppbnq3/2p3p1/5p2/P2P4/NPPNpRP1/R3P1B1/3Q2K1 b kq - 0 16,-24.0,8.0,e8g8,quiet,26,0.045995,32.0,0
r3k1nr/1pp3pp/p1n5/4Pp2/2Pq1P2/1P1pN1P1/P2P3P/R2QKB1R b KQkq - 0 11,37.0,-16.0,g8e7,quiet,27,0.076056,53.0,0
8/3k4/2b2B2/8/1p2P3/b3R3/8/1K6 b - - 2 50,-98.0,-137.0,d7e6,quiet,8,0.050130,39.0,0
8/8/8/7n/8/1K2k3/8/1N6 w - - 1 72,29.0,-6.0,b1c3,quiet,4,0.050272,35.0,0
3q2k1/1bp3p1/1P1p4/5Q1p/1nP2PnP/6P1/4N3/rNB2K1R b - - 0 19,206.0,397.0,b7h1,capture,21,0.141659,191.0,0
3k2r1/2p5/1p3qP1/p2N4/6Q1/8/PbP5/1K2R3 b - - 0 34,-139.0,-270.0,f6g6,capture,14,0.135520,131.0,0
8/8/4p3/4P2p/2k3p1/4BbP1/3R1K2/1r6 b - - 20 57,257.0,281.0,f3d5,quiet,11,0.019976,24.0,0
1r1qk1n1/2p1pp1r/p5p1/2NP2B1/3Q2bN/1p4p1/P5B1/4R1K1 w - - 0 20,359.0,169.0,c5b3,capture,22,0.161926,190.0,0
8/8/pp6/2k5/P1n5/1R6/3p4/3K4 w - - 10 51,-158.0,-102.0,d1c2,quiet,8,0.070189,56.0,0
5rk1/2p2ppp/R4B2/3q4/1b6/3BP2P/2P2PP1/Q5K1 b - - 0 18,-281.0,-358.0,g7f6,capture,18,0.052577,77.0,0
r4k2/1bp5/p1n2nrp/8/B3pP2/2P4N/PP3B2/2KRR3 w - - 0 22,34.0,142.0,f2c5,quiet,20,0.144914,108.0,0
r2q1rk1/pbpp2pp/np1bp3/5p2/Q1PP4/2B1PN1P/P3BPP1/R4RK1 b - - 2 10,-108.0,-30.0,d6e7,quiet,29,0.107538,78.0,0
8/5pk1/r2pn3/2p1rp1R/2P4P/4P1P1/4BP2/3R1K2 w - - 2 37,87.0,140.0,e2f3,quiet,17,0.068586,53.0,0
r1b1kb1r/pp4p1/2n1pn1p/3p1p2/3P1B1P/1qP1P2N/2N2PP1/R2QKB1R w KQkq - 0 9,80.0,-18.0,d1d3,quiet,29,0.139018,98.0,0
q3nrk1/3b3p/3pp1pb/5P2/pN1P4/Pp3P2/1P2B1PP/R2Q1RK1 b - - 0 19,1.0,7.0,f8f5,capture,25,0.008633,6.0,0
r1b1k1nr/ppq3pp/1bp1np2/8/2BPP3/2N5/1P3NPP/R1BQ1RK1 w kq - 2 10,-1.0,61.0,d4d5,quiet,27,0.088334,62.0,0
8/6kp/p7/8/P3KPP1/6rP/8/R7 b - - 2 34,-191.0,-291.0,g3h3,capture,10,0.092095,100.0,0
r3k3/pp3npb/n1pq4/4p3/2P1p1p1/2Q1N3/PP1NBP2/R3K3 w Qq - 2 16,-258.0,-186.0,e3g4,capture,23,0.070621,72.0,0
8/1k6/8/4p3/8/6K1/8/8 w - - 0 51,-54.0,-220.0,g3f3,quiet,3,0.203037,166.0,0
r4b1r/p1n1kNpp/2B1p1q1/1pp5/8/3PQ1P1/PPP4P/R4RK1 b - - 0 16,-27.0,-535.0,g6f7,capture,24,0.417270,508.0,0
4q3/1Q6/6pk/P1p5/3pB2P/4n1P1/2P1K3/8 b - - 0 35,-200.0,-259.0,e3f5,quiet,13,0.056470,59.0,0
1n3rk1/r3p1bp/2pq1np1/p2p1bN1/3P1P2/4P3/P1PNB2P/1RBQ1RK1 b - - 4 12,76.0,79.0,h7h6,quiet,28,0.004109,3.0,0
6br/6p1/2p4k/p3RnNp/P1p1BP1P/6r1/1P1R1K2/8 w - - 2 32,105.0,757.0,e4f5,capture,19,0.340685,652.0,0
1k1r1b1r/ppqn1p2/2pnp2p/5bp1/3P4/NQN1P2P/PP1BBPP1/R4RK1 b - - 10 14,48.0,33.0,c7b6,quiet,30,0.021293,15.0,0
2k4r/ppp2pb1/4b3/4p3/8/2P1P1B1/PP3PB1/R3K1N1 b - - 0 18,-184.0,-189.0,h8g8,quiet,19,0.005464,5.0,0
4r3/1k6/1P6/1P2pp1p/8/3pB3/6PP/4K3 w - - 0 34,-176.0,-222.0,e1d2,quiet,12,0.048464,46.0,0
3r2k1/1p2qpp1/p1n4p/P1bb1P2/4p1PP/2B1P2K/1P2B3/2RQ1R2 w - - 4 24,316.0,228.0,c3g7,capture,24,0.072524,88.0,0
8/2p2kpp/P2b2p1/1P6/8/7P/R4KP1/7r b - - 0 31,196.0,171.0,d6c5,quiet,13,0.027547,25.0,0
8/5pk1/6p1/7p/2R5/8/5PK1/r7 w - - 4 50,-189.0,-273.0,c4f4,quiet,8,0.080000,84.0,0
3Q1rk1/2r4R/p1P1bq2/7Q/4B3/P3bp2/7P/5R1K b - - 0 37,-335.0,-233.0,f8d8,capture,17,0.080377,102.0,0
4k3/p4p2/5B2/1rp1Pq2/5b2/2PN4/PPK1Q3/8 w - - 0 25,-62.0,74.0,c3c4,quiet,15,0.193203,136.0,0
4rbk1/5bp1/5p2/7p/3B4/1q2NQ1P/5PP1/3R2K1 w - - 3 43,66.0,27.0,d4f6,capture,16,0.055077,39.0,0
r6r/4nk2/1pPqbp2/1P2p3/1b2P2p/4B2P/2QN1P2/3RKBR1 b - - 2 29,-3.0,20.0,a8a2,quiet,23,0.033068,23.0,0
3r3r/1R6/2nk1p2/2b1pP1p/2p5/3n3P/3P1PB1/B4KNR b - - 0 26,361.0,393.0,d3f2,capture,20,0.016951,32.0,0
6k1/5rp1/2P5/8/8/1P2r3/7P/3RR2K b - - 0 33,-252.0,-278.0,e3b3,capture,10,0.021965,26.0,0
8/4kp2/6p1/3b1p1p/1K1b1B2/8/2p3PP/r1N2B1R b - - 3 35,473.0,407.0,a1b1,quiet,16,0.025992,66.0,0
3nk3/2p2p2/4b1p1/p2p2q1/Pb1Q4/2N1PR2/1PP2P1r/R3KB2 w Q - 0 15,55.0,58.0,f3g3,quiet,22,0.004205,3.0,0
5b1r/p1pk3p/1p4p1/5p2/2N2P2/4BK1P/PPP3P1/R7 w - - 2 19,544.0,523.0,c2c3,quiet,19,0.005122,21.0,0
1b4r1/p4k2/1p3p2/P2p3r/1P2n2p/3N1K1P/2P3P1/1R1RB3 w - - 1 28,-5.0,-25.0,c2c4,quiet,20,0.028721,20.0,0
r1bq1rk1/3n1pp1/p1pb4/4p1Np/p2PP3/3B4/2P1QPPP/1RB2RK1 b - - 1 11,22.0,54.0,e5d4,capture,27,0.045474,32.0,0
2bN2nr/7p/p4k2/1p6/5bp1/6P1/PP3K1P/3R3R b - - 0 26,312.0,206.0,f4c7,quiet,17,0.091669,106.0,0
8/8/p5k1/P3p1P1/2RbN3/3r4/7r/2K2R2 b - - 9 45,217.0,322.0,d4e3,quiet,12,0.087394,105.0,0
6k1/p4p1q/1p3Q2/3pN1p1/3P4/3rP1P1/P4P2/5RK1 b - - 0 24,-226.0,-535.0,d3c3,quiet,17,0.170051,309.0,0
r2qk2r/p1p1bpp1/1pnp3p/7n/2PP2bP/P1NB1N2/1PQB1KP1/R6R w q - 8 12,-49.0,-24.0,d4d5,quiet,29,0.035569,25.0,0
3r4/p5k1/1p3qp1/2pp3p/P6N/1PP3P1/3P3P/1K2Q3 b - - 0 28,267.0,326.0,g6g5,quiet,18,0.044196,59.0,0
2r4r/p4k1p/4ppp1/1R2b3/1B2n3/8/P1P1B1PP/1K5R w - - 1 26,-38.0,0.0,b5b7,quiet,19,0.054469,38.0,0
4Q3/6pk/8/2q2p2/1p2p2p/1P2N2P/P5PK/8 b - - 0 41,-306.0,0.0,c5e3,capture,14,0.353395,306.0,0
7r/8/ppkp4/2p1r1R1/P2p4/1P3P2/2KPP1RP/8 b - - 0 31,-68.0,16.0,e5g5,capture,17,0.119639,84.0,0
r2qkbr1/1pp2p2/p1n1b3/3pp3/8/2NPBN1B/PPP1PP1P/R2QK2R b KQq - 0 9,-244.0,-3.0,e6h3,capture,28,0.298592,241.0,0
r2r1bk1/2q2ppp/8/2p1pB1P/1nN1P3/pR1PP1P1/P3QR2/7K b - - 48 47,161.0,71.0,a8a6,quiet,24,0.115645,90.0,0
r4k1r/p3npp1/8/2p5/1p6/P4PP1/1PPNR1K1/R7 w - - 2 19,-35.0,56.0,d2e4,quiet,18,0.130099,91.0,0
8/3n4/4bk1p/1p3p1P/B2K1P2/8/8/1R6 w - - 0 54,186.0,384.0,b1b5,capture,11,0.156456,198.0,0
3qr1k1/1b3pp1/4n2p/1p1n4/3P4/1P4PN/1B3PBP/3QR1K1 w - - 0 21,90.0,73.0,d1d2,quiet,21,0.023163,17.0,0
r4rk1/pp4p1/2p1pn2/7p/1P1n1P1P/P1N2P2/1B3K2/3R3R b - - 1 15,177.0,184.0,d4f5,quiet,21,0.007778,7.0,0
1r2k2r/1bq2pb1/3Rp3/p2pP1p1/P2P2N1/1P2R1P1/5P2/3Q1BK1 b k - 4 24,-217.0,-194.0,e8e7,quiet,23,0.023767,23.0,0
2k5/8/2n5/p7/5P2/2NK4/1pr5/R7 w - - 0 51,-82.0,-129.0,a1b1,quiet,9,0.061696,47.0,0
r2q1r1k/2p1b1pp/p2pQn2/1p4N1/8/1PPBP3/PB4PP/R2K3R b - - 2 15,-114.0,-139.0,d8e8,quiet,25,0.031592,25.0,0
1Q1R4/4k3/p2b2q1/p2p4/P2P2P1/5P2/2b1r3/R5K1 w - - 4 32,96.0,-151.0,b8c8,quiet,16,0.339328,247.0,0
r1bq2nr/pp3kpp/5p2/2bpp3/2P3PP/P2BP3/1P1B1P2/R2QK1NR b KQ - 0 10,-82.0,27.0,e5e4,quiet,28,0.154642,109.0,0
8/8/8/5ppk/1r6/8/2RBPK2/8 b - - 1 40,-156.0,-212.0,b4b1,quiet,8,0.061589,56.0,0
1r1q2k1/5p2/2p1rppp/2Q5/3P4/1P3N2/P1K2PPP/R2R4 b - - 1 17,-369.0,-336.0,b8b5,quiet,20,0.019516,33.0,0
5rk1/2pq2p1/bp3p1p/p2p1n2/P2P1BN1/2P2Q1P/1P3PP1/4R1K1 w - - 6 22,115.0,121.0,b2b3,quiet,24,0.007710,6.0,0
1r3rk1/3Q2p1/4p2p/2pp3q/Pp6/4RN2/3N1PPP/6K1 w - - 0 21,-27.0,8.0,d7e6,capture,19,0.050289,35.0,0
8/8/8/6n1/2pk1b2/8/4R1K1/1B6 b - - 11 69,18.0,83.0,f4d6,quiet,7,0.091344,65.0,0
5bk1/p7/1p5p/8/4r1p1/P1B3PP/1P1R2K1/8 b - - 0 30,-65.0,-40.0,h6h5,quiet,14,0.035155,25.0,0
8/2p5/5k2/3R2pp/7n/2rB4/5K2/8 b - - 1 43,405.0,453.0,c7c6,quiet,9,0.019912,48.0,0
8/1p2r2p/6k1/5pP1/1p3B2/1P1PP3/PK6/8 w - - 3 29,-185.0,-152.0,d3d4,quiet,13,0.037853,33.0,0
4r3/1p3k2/P2p2p1/P2P1b2/2Pb3p/8/3B1PR1/5BK1 b - - 0 36,-51.0,65.0,b7a6,capture,17,0.165338,116.0,0
2r2rk1/pp2ppb1/2nqb2p/6p1/3Pp1P1/PP2PN1P/1B3P2/2RQKB1R w - - 0 13,-192.0,-138.0,f3d2,quiet,28,0.062467,54.0,0
4Q3/2k5/4K3/1P2p3/5q2/3p4/8/8 b - - 2 48,429.0,351.0,f4g4,quiet,7,0.039043,78.0,0
2k5/5pp1/p1p1p2r/4b3/2K1P2P/5B2/PRPr4/7R w - - 2 32,-154.0,-242.0,c4b3,quiet,17,0.092915,88.0,0
8/4kp2/2R4P/1r6/3b1PK1/8/8/8 b - - 0 54,208.0,128.0,e7d7,quiet,8,0.091750,80.0,0
r2q4/3PR3/p4pk1/1RQ2b1r/P1P2P1p/5p2/1P5P/6K1 w - - 0 29,252.0,85.0,b5b6,quiet,19,0.190154,167.0,0
r1b1r3/2k3p1/pp6/P1pp1n1p/3n3P/2R5/1PPN1PP1/3K1BNR w - - 1 18,-46.0,-40.0,g1f3,quiet,24,0.008504,6.0,0
r6k/p4ppp/3N4/3R4/P7/2q2n2/5QKP/8 b - - 1 28,245.0,146.0,f3e1,quiet,14,0.105260,99.0,0
8/8/1k6/5p2/8/2p1N3/5K2/8 w - - 0 54,61.0,162.0,f2e2,quiet,5,0.130697,101.0,0
r2q1rk1/pbp2pb1/np1pB1p1/4p1Pp/2P1P2P/2NPBN2/PP3P2/R2QK2R b KQ - 0 10,-48.0,-58.0,f7e6,capture,31,0.014060,10.0,0
3r4/5qpk/1p5p/2p2p2/P4P2/2Q3PP/3n1BB1/R5K1 b - - 2 27,-52.0,-73.0,d2e4,quiet,18,0.029256,21.0,0
r2qk2r/1pp1p1bp/1n1nbpp1/pP1p4/P2P3P/2N3P1/2PNPPB1/R1BQ1RK1 b kq - 4 9,-12.0,-45.0,f6f5,quiet,32,0.047138,33.0,0
1b2rrk1/3qn1pp/P1p1p3/1p1n4/3P2P1/8/1PP2PB1/R1BQR1K1 w - - 1 18,-13.0,-19.0,g2e4,quiet,24,0.008616,6.0,0
r3k2r/p1qnppb1/b2p1np1/2pP2B1/2N1P1p1/P1NB4/1PP2P1P/R2QK2R w KQkq - 4 9,-130.0,-11.0,c4e3,quiet,30,0.162992,119.0,0
8/8/8/4BK2/5p1p/1k2r3/8/R7 b - - 1 71,21.0,-227.0,f4f3,quiet,7,0.317148,248.0,0
1r4k1/6p1/5n2/Rb6/3P4/Br4P1/1P3P2/2R3K1 w - - 1 44,-54.0,-30.0,a3d6,quiet,14,0.034026,24.0,0
6k1/2p2rpp/1p6/p2Q4/8/1PN4q/PBPP3P/R2K4 w - - 4 21,559.0,529.0,d1e2,quiet,18,0.006927,30.0,0
2R3bk/4q1bp/5p2/2p2P1P/3pNB2/3P1Q1K/r7/8 b - - 0 40,-105.0,-40.0,e7d7,quiet,17,0.089357,65.0,0
r1b1k2r/ppp1qpb1/8/3Pn2P/3QN1np/P1Pp4/1P3P2/R1B1KBNR b KQkq - 3 10,92.0,148.0,h8h5,capture,28,0.071589,56.0,0
4kb1r/rb4pp/p1n2p2/1p1q4/3ppP1N/1P4N1/PB1P2PP/2RQR1K1 w k - 2 16,-12.0,60.0,e1e4,capture,27,0.102761,72.0,0
8/p1p4q/2p4k/2P1Pr1p/P3Qbb1/8/1B6/1K3R2 b - - 4 31,492.0,532.0,f4d2,quiet,16,0.010926,40.0,0
8/5pK1/5p2/4nk2/2r5/7P/8/6R1 b - - 7 57,691.0,596.0,c4f4,quiet,8,0.012961,95.0,0
1r1qkb1r/p1pp1ppp/n7/4Pp2/3P1N2/Pp1P1Q2/1P5P/R1B1K1R1 b Qk - 0 14,139.0,180.0,d8h4,quiet,26,0.048103,41.0,0
r3k1nr/3b1pp1/pqn1p2p/3pP3/N7/p5P1/1PPN1P1P/R2QKB1R b kq - 0 12,102.0,49.0,b6c7,quiet,27,0.072660,53.0,0
2k1r3/8/pp3pp1/2b2n1p/2P4P/P2p2PB/2bK1P2/R1B3N1 w - - 0 25,-149.0,-310.0,h3f5,capture,21,0.154069,161.0,0
8/2r4k/8/8/4R2p/4K3/8/8 b - - 1 56,101.0,96.0,c7c3,quiet,5,0.006647,5.0,0
6k1/P4rp1/2pq4/4p3/2P4b/8/3PP2P/3K2R1 w - - 0 32,-620.0,-265.0,a7a8q,promotion,14,0.151247,355.0,0
r5k1/1p1b1pp1/p2b3r/2pp2q1/P7/1Q1PPB1P/1B3PP1/R4RK1 b - - 4 19,-51.0,50.0,d7c6,quiet,24,0.144335,101.0,0
1r3rk1/p1q3p1/p6p/2p1b3/3pP3/1P5P/P1P1NPP1/R2QK2R b - - 0 20,163.0,157.0,d4d3,quiet,23,0.007034,6.0,0
br2r1k1/4qpp1/p1nb1n1p/2B5/1P4P1/5N1P/2Q1NPB1/2RR2K1 b - - 2 19,-61.0,178.0,d6c5,capture,24,0.322772,239.0,0
8/8/8/5p2/R7/4p2P/4krP1/6K1 b - - 2 46,303.0,392.0,f2f1,quiet,8,0.053992,89.0,0
rk6/1pp1p2R/p2q4/3P2r1/2P3p1/1B6/PR3P2/3K4 w - - 1 25,-337.0,-508.0,b2e2,quiet,17,0.074690,171.0,0
r2qk1r1/p2n3p/2p1p1bQ/Pp1p1p1n/1b4P1/2NPPN1P/1BP2P2/R3KB1R b KQq - 0 13,37.0,18.0,b4f8,quiet,30,0.027166,19.0,0
r1br2k1/7p/p1p4p/5p2/8/P3PPPP/P5B1/R4K1R w - - 0 15,-97.0,29.0,f3f4,quiet,19,0.177715,126.0,0
r1q1kb1r/1b1p1ppp/4p3/p7/3B1n1P/5N2/PPP3P1/R2QKB1R b kq - 1 11,42.0,149.0,f8e7,quiet,25,0.142032,107.0,0
8/pp2bk2/4bp2/1q2n3/3BB1r1/4Q3/2R2K2/R7 w - - 4 34,-93.0,-22.0,c2b2,quiet,15,0.099112,71.0,0
1bk5/8/P7/P7/4Kp2/2P5/3B2r1/1R6 w - - 7 47,307.0,643.0,d2f4,capture,10,0.121793,336.0,0
r4rk1/1QB2n2/2p5/3p1bpp/3P1P1q/P1PN4/P2K1n2/R4BR1 b - - 0 20,89.0,112.0,a8a3,capture,23,0.030469,23.0,0
r4k2/2p3p1/npP1p2p/8/2PBp3/pP5P/6P1/3R2K1 w - - 0 29,-99.0,-105.0,d1d2,quiet,18,0.007931,6.0,0
1r4k1/p3pp2/3b2p1/2p2b1p/P1R1p2P/2B1P3/1P2BPP1/4K3 w - - 1 22,-62.0,-65.0,a4a5,quiet,21,0.004176,3.0,0
2k3r1/1pp1n3/p4p1r/P3p3/2P1P3/P1B1P3/5KBp/7R b - - 0 27,441.0,492.0,c8d7,quiet,19,0.017586,51.0,0
1n1q1b1r/1r3k1p/1p2ppp1/pB1p1n2/P2P1B2/2P2P1P/1P5P/RN1Q1KR1 w - - 2 12,-111.0,-16.0,b1a3,quiet,28,0.131510,95.0,0
r3k2r/p2qnp2/1p5b/2p5/2QpP1p1/3P4/PP2NPPP/R1BK3R b - - 2 15,-64.0,57.0,h6g7,quiet,25,0.172377,121.0,0
5rk1/2p2pp1/2p1p3/2P3Pp/3Pn2P/4Bqb1/PQ3P2/R4K1R w - - 0 16,-140.0,8.0,h1h3,quiet,22,0.202747,148.0,0
2r2b1k/1bqp1pR1/1p2nn1p/r4N1P/P1B2p2/2NPP3/1BP1Q3/R3K3 b Q - 0 19,106.0,347.0,f8g7,capture,26,0.232551,241.0,0
r1bq1rk1/pp4pp/2p2P2/2bp4/5N2/2P2P2/PP5P/R1BQKB1R w KQ - 0 10,91.0,87.0,f4d3,quiet,25,0.005395,4.0,0
r2qk2r/1bp2pb1/1pn1p2p/p2n2p1/3P4/P1NBPN1P/1PQB1PP1/R3K2R b KQkq - 1 9,-136.0,-79.0,e8f8,quiet,30,0.074530,57.0,0
6k1/3b4/p2p4/r5pp/4p3/4P2P/5PP1/2R2NK1 w - - 0 34,-90.0,-28.0,f1g3,quiet,15,0.086491,62.0,0
r2qkb1r/3p1pp1/p1n5/p2N3p/4PBn1/8/1P3PB1/R2Q1RK1 b kq - 1 16,-50.0,-7.0,a8a7,quiet,23,0.061391,43.0,0
r3k3/5p2/b3p2p/p7/1p3P2/4N3/P4KPP/2RR4 w q - 4 27,405.0,443.0,c1c5,quiet,16,0.016139,38.0,0
r2r2k1/1N3p2/5np1/p3n3/8/4Bp1P/PPP5/R3K2R b - - 0 19,184.0,169.0,d8b8,quiet,18,0.016850,15.0,0
8/p7/P4kp1/3B1p1p/2Pp3P/3PqP2/2r1P3/4RK1R w - - 2 30,-310.0,-257.0,h1g1,quiet,18,0.041768,53.0,0
1kr5/1p2Bp2/p1r1p1q1/1p1pP2p/1P1P2pP/R1PQ2P1/3N1PK1/8 w - - 15 48,14.0,72.0,e7d6,quiet,24,0.082021,58.0,0
8/1pk5/3b2N1/2p5/2q1nPN1/B3P3/3P4/4K3 w - - 2 37,-400.0,-711.0,g6e5,quiet,13,0.074491,311.0,0
r4rk1/2ppn1q1/pp2p1p1/8/5P2/3B2P1/P1PQ2K1/1R5R w - - 2 20,-29.0,-42.0,d2e2,quiet,20,0.018512,13.0,0
8/5Bpk/5bp1/r7/6R1/7P/2K5/8 b - - 3 48,246.0,186.0,g6g5,quiet,9,0.059994,60.0,0
8/8/8/8/1P6/6Kp/8/3k4 w - - 0 62,-34.0,736.0,b4b5,quiet,4,0.534526,770.0,0
r2qk2r/pp3ppp/2nbbn2/8/P7/3N1N2/1BPP1PPP/R2QKB1R w KQkq - 4 9,-5.0,13.0,a1b1,quiet,27,0.025895,18.0,0
r1bq1knr/5p2/ppn5/3pb3/1P4Pp/P1P2P2/4BN1P/RNBQ1RK1 w - - 2 14,40.0,151.0,f2d3,quiet,27,0.147273,111.0,0
8/1k5r/p7/p7/8/8/1B1KN3/8 b - - 1 47,64.0,119.0,b7b6,quiet,7,0.073782,55.0,0
1r2k2r/5p2/2p1p1p1/pb1pP1P1/4qP1p/2P2B2/P3P2P/2RQ1R1K b - - 4 21,11.0,46.0,e4f4,capture,24,0.049990,35.0,0
7k/8/3P1np1/5n2/1K5p/2R2Q2/8/4q3 w - - 0 51,-120.0,-283.0,f3a8,quiet,10,0.169904,163.0,0
r3k2r/ppp1n1p1/1q3p1p/nN1P4/8/1P1B1P2/P2Q1P1P/2KRR3 b q - 0 14,-198.0,-185.0,a7a6,quiet,24,0.014005,13.0,0
8/2bB1k2/7p/4p1pP/1pb1P1P1/1N6/1BP5/1K6 w - - 3 36,405.0,326.0,d7f5,quiet,15,0.044221,79.0,0
4k3/4npp1/p1p5/3p4/6B1/3r4/Pr5P/2R1RK2 b - - 3 22,427.0,500.0,b2h2,capture,15,0.025615,73.0,0
r3kbnr/pp1b3p/2q1ppp1/8/nPB1P3/5N2/P3QPPP/RNBR2K1 b kq - 0 11,-178.0,-98.0,a7a6,quiet,28,0.098469,80.0,0
8/7r/7P/3k4/8/8/8/7K w - - 2 52,-427.0,-559.0,h1g2,quiet,4,0.040356,132.0,0
8/8/8/4p1k1/4p1p1/4N1P1/5P1K/8 w - - 1 48,284.0,411.0,h2g2,quiet,8,0.077359,127.0,0
8/5k2/7p/3p2p1/2n4P/P7/6K1/2B5 b - - 0 41,201.0,259.0,g5h4,capture,9,0.055421,58.0,0
6k1/2p1B1p1/p1n1rn2/3p4/Q2p4/2P5/P4PP1/R4K2 b - - 1 23,7.0,-58.0,c6e7,capture,17,0.092774,65.0,0
r2q1r2/pp3pkp/5np1/3p4/b2Q4/1P2PP2/P3B1PP/R4RK1 w - - 0 16,-179.0,14.0,b3a4,capture,23,0.257131,193.0,0
1r1nkb1r/pbppnpp1/4p1q1/8/1p1PP1P1/2PBNP1p/PP5P/R1BQ2RK w k - 4 13,-179.0,-176.0,c3b4,capture,31,0.003361,3.0,0
8/5p2/4p1k1/r6p/5P2/p3RKP1/P7/8 b - - 11 51,328.0,197.0,g6f6,quiet,11,0.111960,131.0,0
r4k2/ppp4p/4q1pb/1P2N3/3PP2P/2P5/P1Q1K3/7R w - - 0 21,186.0,156.0,a2a4,quiet,19,0.034190,30.0,0
r2qk2r/1p1b2pp/p2b1n2/3pnp2/8/1P1BPP2/P1N3PP/1RBQK1NR w kq - 0 10,-122.0,-83.0,d3e2,quiet,28,0.051470,39.0,0
b2q1rk1/5ppp/1pp2n2/4n3/1b1p4/2N1P3/2PP1NPP/2BQKB1R w - - 0 10,-362.0,-407.0,e3d4,capture,25,0.023044,45.0,0
5q2/1k5P/1pp3K1/5p2/2P5/p3P3/6Q1/8 b - - 10 51,-21.0,0.0,f8e8,quiet,11,0.030185,21.0,0
8/3k1pp1/4p3/b6p/P2P1n2/Br6/2RP1PPP/3R2K1 w - - 5 30,376.0,301.0,a3c5,quiet,18,0.047253,75.0,0
r4r1k/2ppq1pp/b1pb1pn1/8/N2QP3/P3B3/1PP1BPPP/R3K2R b - - 6 16,-163.0,20.0,d6e5,quiet,27,0.247507,183.0,0
1r1qk2r/8/2pb2p1/1p2pbPp/4p2P/P1N5/1PPQ1P2/1RB1K2R w Kk - 0 15,-104.0,-42.0,d2e2,quiet,24,0.085202,62.0,0
3q1rk1/Q1p2pb1/1n1p1npp/1P2p3/2B1P3/B1N2P2/2PP1P1P/4K2R w K - 3 12,184.0,144.0,c4d3,quiet,25,0.046407,40.0,0
r4k2/1bq5/4p2r/pBP5/3QnN2/6Pp/7P/RR4K1 b - - 0 23,-61.0,-29.0,e6e5,quiet,18,0.045257,32.0,0
r2nqrk1/1bppb1pp/4pn2/1p3p2/3P3P/2PBPN2/3NQPP1/R1B1K2R w K - 0 12,-237.0,-60.0,a1a8,capture,29,0.210956,177.0,0
r3kb1r/7p/n1p1PppP/pp1q1b2/2p1N1n1/5N2/PPQBPPP1/3RKB1R w q - 2 12,0.0,-181.0,f3h2,quiet,30,0.239220,181.0,0
8/1kp5/2p5/2PpK3/8/2P5/3rp3/6R1 w - - 0 58,-502.0,-462.0,g1e1,quiet,10,0.012744,40.0,0
6k1/2q2rp1/2b4p/4p3/2p1PpQP/2B5/6P1/R6K w - - 0 41,-239.0,-209.0,a1a5,quiet,16,0.029239,30.0,0
2rq1rk1/pp2ppbp/3p1np1/n7/P2PP1b1/2N1BN2/1Q2BPPP/R4RK1 w - - 5 12,-37.0,-11.0,h2h4,quiet,29,0.037222,26.0,0
5k2/1pR5/p5pp/n7/8/1PN5/1KPN2Br/4r3 w - - 3 34,145.0,254.0,d2f3,quiet,15,0.114515,109.0,0
5b1r/4n2p/1k3B1P/n6R/b1p5/P3P3/4BPP1/4K3 b - - 2 24,262.0,301.0,h8g8,quiet,17,0.030964,39.0,0
4r1k1/2qn2p1/1ppb1p2/p2p1b1p/P6P/1P1N1PP1/1BPQ1PB1/2R3K1 b - - 1 17,126.0,123.0,d7c5,quiet,26,0.003807,3.0,0
1k1q4/pp2bRpn/2n5/4p1rb/1P1p3P/P2P2Q1/2PB2B1/R5K1 w - - 0 23,-104.0,63.0,h4g5,capture,23,0.235036,167.0,0
6k1/p4p2/6p1/6Pp/r4p1P/5N1q/3Q1K2/6R1 b - - 9 53,156.0,23.0,a4a3,quiet,14,0.177489,133.0,0
5Q2/6pk/p1P1b2p/4Np2/P2p1P2/B5P1/1KPn3P/7q w - - 0 27,447.0,-822.0,a3c5,quiet,19,0.920379,1269.0,0
8/p1k1r1Rp/8/2ppr3/8/P2QN2P/2P1KP2/2qN4 w - - 2 45,191.0,313.0,g7e7,capture,17,0.108201,122.0,0
8/p2r4/1pk5/P1p5/2P5/1P6/2K5/6R1 b - - 1 37,52.0,38.0,b6a5,capture,10,0.019811,14.0,0
r3k2r/2pn1p2/1p2p2p/p3n3/2PpNbPP/BP1P3R/P3BP2/R2K4 w kq - 0 18,9.0,27.0,a3b2,quiet,26,0.025829,18.0,0
6Q1/p2rk3/8/4p3/3b1q2/6p1/PP4PP/3R3K w - - 0 36,-205.0,-194.0,g8g7,quiet,14,0.011575,11.0,0
2k1r3/p2q4/2pb1p1p/2pp4/P7/2PQ1P2/1P4K1/R4N2 b - - 3 22,232.0,393.0,c5c4,quiet,18,0.113957,161.0,0
rnb1kb2/ppp3r1/4pn1p/3p4/3P1Np1/2P5/PP2P1BP/RNB1K2R w q - 1 9,-79.0,-37.0,f4d3,quiet,27,0.058724,42.0,0
2r5/1p5p/3qb1pk/p4p2/P3p3/1P1pPP1P/3P2P1/Q2B1RK1 b - - 2 20,544.0,276.0,b7b5,quiet,22,0.127729,268.0,0
8/7p/8/5kPK/8/8/8/8 w - - 6 60,67.0,-4.0,h5h4,quiet,4,0.100999,71.0,0
8/5p2/3np3/2kp4/1p5r/2NB4/2PP4/2K2R2 w - - 0 32,-87.0,13.0,c3e2,quiet,13,0.141350,100.0,0
4r1k1/8/8/8/P3p3/2B3P1/1P5r/2KR4 b - - 0 41,-30.0,31.0,e4e3,quiet,10,0.087561,61.0,0
r3k2r/pp2qpp1/2n1b3/2Q5/3Pp3/7P/PPPB4/2KR1B1R w kq - 3 17,-31.0,35.0,c5e7,capture,22,0.094694,66.0,0
5k2/p4p2/2B2n1p/2P5/1P1PpP2/P6P/2r3r1/R4K1R b - - 6 35,-57.0,27.0,c2f2,quiet,18,0.120080,84.0,0
r2r2k1/5p1p/4p2n/ppQ5/3PP1Pq/7R/4NPP1/5RK1 b - - 4 21,-4.0,-261.0,h4g4,capture,20,0.312181,257.0,0
5rk1/6pp/3q4/8/pp2Q2P/6P1/PP3P2/2R3K1 w - - 1 29,102.0,156.0,c1c6,quiet,15,0.067827,54.0,0
8/8/2k5/pp1p2p1/3P4/P2NK3/1Pr1B3/8 w - - 10 40,135.0,36.0,e2g4,quiet,12,0.133436,99.0,0
2k5/6Q1/p2q4/1p6/3pP3/3P4/1P6/1K6 w - - 11 38,271.0,158.0,g7a7,quiet,10,0.113451,113.0,0
rn2k1nr/1p1b1pp1/1q1bp3/p1p1P1Bp/2pP4/P4N2/1P3PPP/R2QKB1R w KQkq - 0 9,-127.0,16.0,e5d6,capture,30,0.198050,143.0,0
2kr2r1/1pq2p2/2pbp3/p7/3P2Pp/P1N1P3/1P2QPP1/R4RK1 b - - 2 18,-98.0,-34.0,d6h2,quiet,23,0.088634,64.0,0
4r1k1/2R4R/p4p2/8/8/6K1/3r4/8 w - - 26 52,-211.0,0.0,h7g7,quiet,8,0.271114,211.0,0
1r1kq2Q/p1pnb3/8/7p/2B5/1P6/2P3PP/1K1R4 w - - 5 28,83.0,-20.0,h8g7,quiet,16,0.145976,103.0,0
8/1b3rpk/2q1p2p/4Pn2/ppP3Q1/3R3P/1B4P1/2R3K1 w - - 0 38,86.0,29.0,c4c5,quiet,19,0.079659,57.0,0
8/6k1/4nb2/Q7/3P4/P3q3/1P1R4/K2B2r1 b - - 0 50,288.0,336.0,f6g5,quiet,12,0.033760,48.0,0
6k1/pp5p/2p1pbp1/2Pr1p2/1PQ5/PR6/4B1P1/q1B2K2 b - - 2 27,145.0,50.0,f6h8,quiet,20,0.125882,95.0,0
r4k2/pR1R4/1p4pp/2p5/4n3/P5P1/P1P4P/6K1 w - - 0 31,523.0,492.0,d7h7,quiet,16,0.008662,31.0,0
8/1p6/2p1b3/P1P3B1/8/5BKp/1k6/8 w - - 17 59,266.0,333.0,f3e4,quiet,10,0.049608,67.0,0
2r5/1p4b1/pR3nk1/3pB1p1/2b3p1/2P5/1PN4P/2KR4 b - - 5 26,291.0,61.0,c8h8,quiet,18,0.255364,230.0,0
r3r3/1pk3B1/2p5/p1bn1b1p/8/1P2P3/P2P1NPP/R3KB1R w KQ - 1 17,8.0,23.0,g7b2,quiet,22,0.021541,15.0,0
4Qb2/1q3pkp/p4pp1/B1p2b2/2P5/1P3r1P/5PP1/1R4K1 w - - 0 35,-112.0,-229.0,b1b2,quiet,20,0.133067,117.0,0
4r3/1kp1nr2/p5pp/5b2/5P2/qPQ1B1RP/P4K2/4R3 w - - 0 25,-272.0,-140.0,e3c5,quiet,19,0.135942,132.0,0
r3k2r/1bqpb1p1/pp2pn2/2p1np1p/P2P3P/2N1PPPN/1PP1BK2/R1BQ3R b kq - 0 9,54.0,70.0,e5g4,quiet,32,0.022304,16.0,0
k7/8/7p/PPp1p2p/2P1P1nP/2BKP1P1/8/8 w - - 1 40,535.0,545.0,a5a6,quiet,15,0.002356,10.0,0
r2qkb1r/p4ppp/4pn2/1P6/1n1p2P1/5P2/1BPP1N1P/R2QK1NR w KQkq - 1 9,-46.0,53.0,g1e2,quiet,26,0.141502,99.0,0
8/6k1/8/R3N3/7p/1P1K1Pr1/2P5/6b1 w - - 0 44,153.0,111.0,a5a4,quiet,10,0.052455,42.0,0
r2b2r1/2p4q/1kP4p/4p2B/p3PpP1/P2Q3P/1P6/K1R5 w - - 1 35,-211.0,-220.0,d3c4,quiet,20,0.009015,9.0,0
8/1kr5/pp2K3/8/3R4/P2B4/8/8 b - - 0 40,-394.0,-359.0,c7c3,quiet,8,0.018585,35.0,0
r1bq2k1/2p1nr2/3p1npB/1p1Pp2p/1P2P2P/P1N2P2/6B1/R2QK2R b KQ - 0 16,84.0,43.0,f6d5,capture,26,0.057016,41.0,0
2b1k3/p4pb1/3Bn1q1/3p4/1p1r4/1P2N3/P2N3P/3QR2K w - - 6 25,-109.0,-82.0,e3c2,quiet,19,0.036048,27.0,0
8/2p2R2/3k4/p4p1r/np2pP2/4P3/2P5/2KN4 b - - 2 35,359.0,472.0,a4b6,quiet,14,0.050414,113.0,0
n1bq1rk1/5pp1/3b1n1p/p2Np3/2Pp4/P5P1/1P1BNP1P/R2QK2R w - - 2 14,-67.0,1.0,d1a4,quiet,26,0.096682,68.0,0
3R4/8/3b4/p1k2r1p/P1P4P/6P1/6K1/8 b - - 4 72,288.0,333.0,d6e7,quiet,11,0.031842,45.0,0
8/8/8/4k3/6K1/5r2/8/8 b - - 5 80,540.0,617.0,f3c3,quiet,3,0.014883,77.0,0
5k1r/p3np2/Np3n2/4p2p/7R/1P2PP2/P2P4/4KB2 w - - 1 15,21.0,0.0,a6c7,quiet,18,0.030185,21.0,0
8/2kb2p1/p6p/2K5/7P/6P1/P7/8 b - - 1 52,394.0,535.0,h6h5,quiet,9,0.049852,141.0,0
r1bq1rk1/pp3p1p/2n2npP/8/P1BNp3/1PN1PPb1/R2K2P1/2BQ3R w - - 1 12,-138.0,-56.0,c3e4,capture,28,0.108874,82.0,0
r1b2k2/1pb5/2p1p3/p1P2p2/P2Pp2P/1P6/2N1PpK1/R4R2 w - - 0 22,-73.0,155.0,g2f2,capture,21,0.312891,228.0,0
k7/7p/7P/7b/3BK3/8/8/8 w - - 17 66,253.0,153.0,e4f4,quiet,6,0.104004,100.0,0
8/2n5/2k4P/7r/2pB4/2Nb4/R7/6K1 b - - 15 74,122.0,235.0,h5h6,capture,10,0.125887,113.0,0
r5b1/1ppk4/p1nb1Bp1/5pNr/4p2P/1P3PP1/P3P1B1/3RK2R b K - 0 17,220.0,40.0,e4e3,quiet,24,0.222818,180.0,0
8/pk2q1p1/1pn5/2p5/2PpQ1P1/P2r4/P7/R1B1nK2 w - - 0 24,-467.0,-402.0,e4e7,capture,18,0.026293,65.0,0
8/4rk2/8/B1pb4/P2p4/3P2P1/1K6/4R3 w - - 3 29,114.0,93.0,e1e7,capture,11,0.027684,21.0,0
2r1b3/k3nqr1/1p2pNnR/pP1pPp1B/P1pP4/2P1B3/5Q2/3K3R w - - 7 35,101.0,133.0,h1h2,quiet,25,0.041180,32.0,0
r2qk1nr/p2bp3/Q4p2/7p/1Pp1P2R/2N1p3/P4PP1/R3KB2 w Qkq - 0 12,123.0,103.0,f2e3,capture,23,0.025935,20.0,0
8/1k6/3b4/p2n4/3R4/8/P1K5/8 b - - 3 63,19.0,187.0,b7c6,quiet,7,0.218507,168.0,0
8/pk1b4/1p1p1Q2/3P4/1q4p1/8/P4Pp1/K5R1 b - - 1 32,290.0,311.0,b4c4,quiet,14,0.015467,21.0,0
r1b5/p3k1p1/1pnN3p/8/2r5/8/P4BP1/R5K1 w - - 2 31,-487.0,-200.0,d6c4,capture,15,0.183112,287.0,0
r4rk1/1q1n1ppp/b1pb1n2/p2pp3/N7/3PPNP1/PPQ2PBP/R1B1R1K1 b - - 11 11,24.0,56.0,e5e4,quiet,30,0.045416,32.0,0
r1b1kbr1/1p3p1p/p7/4q1p1/1n1NN3/4P3/PQ3PBP/3R1RK1 b q - 4 16,-74.0,-94.0,g8g6,quiet,23,0.027157,20.0,0
4r1k1/2q2p2/4pn2/p4pN1/Pp5P/1Pr3p1/4Q1P1/3R1RK1 b - - 3 29,342.0,454.0,c7c5,quiet,20,0.054249,112.0,0
3q1k2/3n3p/2pN1nr1/3b4/2p4R/4Q2B/3PP3/4K3 w - - 7 22,-208.0,-126.0,d6c4,capture,16,0.094276,82.0,0
r2qkb1r/1pp1npp1/p1n1b2p/4p3/3pP3/P2P1N1P/1PPN1PP1/R1BQKB1R w KQ - 4 9,-171.0,-9.0,g2g3,quiet,32,0.215022,162.0,0
r5k1/1p4p1/p1np2r1/5q1p/2P4R/1PQR1N1P/PB3P2/5K2 b - - 6 25,-162.0,-125.0,c6e5,quiet,21,0.045082,37.0,0
6R1/r7/6p1/6k1/5p2/5P2/5K2/8 b - - 27 77,140.0,192.0,a7a2,quiet,7,0.060005,52.0,0
r1bq1rk1/1pp1bpp1/3p1n1p/pN2p3/2PnP3/P1NP4/1P3PPP/R1BQKB1R w KQ - 6 10,-49.0,-24.0,f1e2,quiet,32,0.035569,25.0,0
8/5p2/p4P2/5PK1/PP4b1/6k1/3B4/8 b - - 1 44,-533.0,-526.0,g4e2,quiet,10,0.001743,7.0,0
1Q6/p3N3/k2p4/6rp/8/P3p3/1P2P2K/5q2 w - - 2 41,-292.0,4.0,b8d6,capture,13,0.348778,296.0,0
1k6/pP3p2/P7/3PP3/4p3/6p1/6Kp/8 b - - 0 45,-35.0,804.0,e4e3,quiet,11,0.540522,839.0,0
8/1r4kp/R4p2/5B2/4PP1K/1r4PP/8/8 b - - 20 47,-65.0,-70.0,b7e7,quiet,12,0.006931,5.0,0
1r3rk1/pbqp1pp1/4p3/2pn3p/2B1N1nP/PP3N2/2KB2P1/R3Q2R w - - 3 20,28.0,-78.0,c2b2,quiet,26,0.150611,106.0,0
N1bk4/1p4pp/2p5/p1b5/2P3P1/1P2rN1P/n2K2B1/R7 b - - 1 27,153.0,195.0,a2c3,quiet,19,0.047479,42.0,0
r4bk1/Nb3pp1/1n2r2p/Q1p4P/P3B2q/RP4P1/1B1N1P2/5K2 b - - 0 21,479.0,630.0,h4h3,quiet,23,0.033755,151.0,0
1R6/5p2/4p2p/k2pP2P/2bP4/5P2/7r/2K5 w - - 6 62,-575.0,-466.0,b8b7,quiet,13,0.028782,109.0,0
r1bqk1nr/6pp/2pbpp2/p7/P1P2PP1/5N2/1PP1QK1P/RNB4R b - - 0 9,3.0,-28.0,d8b6,quiet,27,0.044525,31.0,0
r6k/8/6KP/5B2/p7/R7/8/8 w - - 5 74,489.0,455.0,f5e4,quiet,7,0.011390,34.0,0
4r3/2k2p2/8/5r1p/P1K4p/2P2P2/1R4P1/R7 w - - 0 29,131.0,167.0,b2b5,quiet,13,0.043317,36.0,0
3rkr2/pbq1n1p1/1Pp1Bp1p/3pp3/4P2P/1QP1NPP1/3R2K1/R7 b - - 0 19,-102.0,-32.0,c7b6,capture,25,0.096791,70.0,0
8/1p6/p3r1k1/P2p1p1p/1P3B1P/1qbQ1pP1/8/5B1K b - - 7 54,466.0,494.0,f3f2,quiet,18,0.009005,28.0,0
2b2rk1/n1p2p2/3q1n2/3p2p1/3Pp2p/4P2P/1PP1NPP1/2BQKB1R b K - 1 12,98.0,63.0,a7b5,quiet,25,0.047725,35.0,0
r2qkb2/1p1nnp2/1r2p1p1/pP1pP1Bp/3P3P/2PQ1P2/4N1P1/RN2K2R w KQq - 1 12,67.0,116.0,f3f4,quiet,28,0.065756,49.0,0
8/4k1p1/4n1P1/8/3B4/8/6K1/8 w - - 1 45,-10.0,44.0,d4e5,quiet,6,0.077372,54.0,0
8/R7/6p1/p1p1k2p/3nn3/PP1K3P/8/8 w - - 14 44,-262.0,-274.0,a7e7,quiet,12,0.010024,12.0,0
1k6/1pr5/8/8/Q2P2p1/P7/KP6/7q w - - 8 70,-394.0,-407.0,a4e8,quiet,10,0.006171,13.0,0
8/p7/P7/6p1/5p2/5Pk1/4K3/8 w - - 0 57,-342.0,-716.0,e2e1,quiet,7,0.106568,374.0,0
rnbq1rk1/2p3pp/3Npn2/3p1p2/8/p2P1NPP/2Q2PB1/R1B2RK1 b - - 0 10,13.0,101.0,d8d6,capture,26,0.122690,88.0,0
r1b2rk1/pppn2bp/4pnp1/P7/5P2/6PP/1PP3B1/R1BNK1NR w KQ - 1 11,-12.0,13.0,g1e2,quiet,26,0.035962,25.0,0
1n3k2/p3bp2/1p2p3/8/1r6/2B3Pp/r2PBP1P/3RR1K1 w - - 0 23,-18.0,135.0,c3b4,capture,19,0.210941,153.0,0
b2r1nk1/6q1/3pp3/1Np1n2p/2P1P1p1/1N2Q3/4B1PP/5RK1 b - - 0 26,106.0,89.0,g8h7,quiet,21,0.022632,17.0,0
1r3rk1/6pp/8/p1q1p3/P2nQ3/1PN2P2/2P4P/R4RK1 w - - 1 20,46.0,-29.0,e4d5,quiet,19,0.107453,75.0,0
8/2k1r3/3b4/8/P7/8/2K2R2/8 w - - 5 56,-185.0,-240.0,f2g2,quiet,6,0.055605,55.0,0
3N4/5p2/p2b1k2/4pp2/8/1P3P1P/P5K1/8 b - - 0 40,269.0,162.0,e5e4,quiet,12,0.107104,107.0,0
2q4k/p1N1nr2/b1p4p/3pP3/Pr5P/4PP2/1PQN4/R3K1R1 w - - 1 21,60.0,334.0,e5e6,quiet,22,0.286936,274.0,0
8/8/8/5kpp/5b2/8/2r5/4R2K b - - 4 57,870.0,1051.0,f5g4,quiet,7,0.004287,181.0,0
8/1R5p/P3kp2/2Kn4/8/5pB1/4r2P/6R1 w - - 2 36,801.0,751.0,a6a7,quiet,12,0.003240,50.0,0
5r1k/r1qpn1pp/2b2p2/2R4N/4p3/7P/3Q1PP1/2R3K1 w - - 0 20,-326.0,-400.0,f2f3,quiet,19,0.041870,74.0,0
2k5/7p/r1qp1Q2/nN1Nn3/2P5/4P3/7P/R6K w - - 1 37,266.0,555.0,a1a5,capture,15,0.138455,289.0,0
r3k3/6p1/1B1R1p2/P3p1n1/1p5r/5P2/1PP5/1K2R3 w - - 1 26,206.0,86.0,e1d1,quiet,16,0.144698,120.0,0
r4bnr/1pp2kp1/n2p3p/p2N4/3P4/1P6/P1PBNP2/2KR3R w - - 4 13,97.0,121.0,d1g1,quiet,23,0.031342,24.0,0
8/5k2/2b1p3/bp3p2/p1r4p/P2RPP1P/3PKP2/1B4R1 w - - 2 30,134.0,183.0,b1a2,quiet,19,0.057617,49.0,0
r6k/p4R1p/8/8/8/6P1/4r2P/1R5K w - - 2 27,208.0,186.0,b1b7,quiet,10,0.023322,22.0,0
Qnk2b1r/B3pp1p/5n2/p7/5P2/2P3P1/1qPK3P/1R5R b - - 1 15,-80.0,-704.0,b2a3,quiet,20,0.369782,624.0,0
4R3/7k/8/5bp1/2q5/P1N5/1P6/K2R4 w - - 1 40,308.0,239.0,e8e5,quiet,10,0.056514,69.0,0
8/6kp/4p2p/7P/2pr4/5BP1/5PK1/8 w - - 0 54,-319.0,-680.0,g2h1,quiet,11,0.117926,361.0,0
r4rk1/2b2p1p/B7/1pPp4/3PpP2/P3B1nP/1R4P1/6KR w - - 0 27,-40.0,-149.0,a6b5,capture,21,0.144871,109.0,0
2kr2r1/ppp1qp1p/2n5/3p4/2nP4/1Q4PP/PB2PPB1/1N1R2K1 w - - 1 18,-107.0,-62.0,b1c3,quiet,24,0.061005,45.0,0
r1bq1kn1/1ppn3r/3p4/3PpPp1/Pp2N2p/5P1P/2PB2P1/R2QKB1R b KQ - 1 11,-37.0,-84.0,d7c5,quiet,28,0.065537,47.0,0
r2q1rk1/1pp1ppbp/2n3p1/8/2pP4/P1NbPNPP/1P1n1PB1/R2QR1K1 w - - 0 12,31.0,7.0,d1d2,capture,29,0.034422,24.0,0
4rrk1/p5pp/7q/3P4/2PN4/5N2/PPQ3Pb/5R1K w - - 0 23,100.0,15.0,d4f5,quiet,18,0.118492,85.0,0
3q3r/2p1k3/3pbnB1/2n5/1Q2PP1P/p7/PPP3PR/R3K3 b Q - 2 15,-240.0,-86.0,a3b2,capture,21,0.177943,154.0,0
r2kbR2/ppq5/3p4/n6r/2P1PNp1/2PB2Q1/P2K3P/1R6 b - - 5 23,-264.0,-298.0,c7e7,quiet,21,0.027044,34.0,0
rn2kb1r/p2ppp2/b3q3/2p1P1pp/3P4/PPN5/4NPPP/R1BQ1RK1 b kq - 2 10,-70.0,-20.0,c5d4,capture,28,0.070646,50.0,0
2rq1rk1/1p2ppbp/1nn3p1/p1p5/P2pPB2/NQPP2PP/1P4B1/3R1RK1 b - - 3 16,67.0,63.0,c6e5,quiet,29,0.005560,4.0,0
r2kbb1r/1pq5/p2p1N2/2pPp2p/3n4/PP1Q3P/1BPP1P2/R3KB1R b KQ - 0 13,-94.0,-68.0,c7f7,quiet,27,0.035441,26.0,0
8/1p3r2/pR3pk1/8/3R4/1P4KP/1r1P4/8 w - - 3 27,49.0,35.0,d4d5,quiet,12,0.019853,14.0,0
4r1k1/p7/1p1q4/6p1/P1PPp2p/4Qb2/R4P2/2B3KR b - - 3 28,-51.0,-142.0,d6f6,quiet,18,0.120816,91.0,0
rr6/1bp2q1k/3pp3/n2n1pB1/p2PP1pP/P1RB4/1PQN2P1/4K2R b K - 0 21,-61.0,105.0,d5c3,capture,26,0.233564,166.0,0
8/3k4/6p1/3p1p1p/3PnP1B/2P1P3/b1K1B3/8 b - - 11 51,77.0,88.0,a2c4,quiet,14,0.014969,11.0,0
2r5/p2k4/3p1p2/1b1B4/1P2Pp2/P4P2/1K4P1/3R4 b - - 1 26,-167.0,-152.0,b5a4,quiet,15,0.017607,15.0,0
4r1k1/4R1pp/5p2/3p1P1Q/2pn2N1/2q1B3/6PP/5RK1 b - - 0 24,-411.0,-132.0,e8e7,capture,18,0.232868,279.0,0
r1bqk2r/pp3p1p/3b1np1/3pN3/3P4/P1NpP2P/3B1PP1/R2QK2R w KQkq - 4 9,-130.0,-6.0,d1a4,quiet,27,0.170183,124.0,0
r2q1k1r/p3n3/1p5p/2p1Q1p1/8/BP2P1NP/P1b1BP1R/4K3 b - - 0 19,-79.0,-67.0,e7g6,quiet,22,0.016527,12.0,0
8/5R1R/8/8/6r1/6k1/4K1b1/8 b - - 13 48,-156.0,-182.0,g2e4,quiet,6,0.029788,26.0,0
6k1/1b2r3/5bpp/1p1q1p2/p4P2/P2r3P/1PQ3PB/2RR3K b - - 1 34,493.0,414.0,e7d7,quiet,21,0.029156,79.0,0
r5k1/3p3p/8/p2b1r1p/P3q3/2Q1B2P/5PP1/R3N1K1 w - - 1 25,-89.0,-74.0,e3h6,quiet,18,0.020438,15.0,0
2kr1b1r/3n1pp1/pp5p/4Pp1P/3B1P2/2PN1b1N/PPK5/4R1R1 b - - 4 18,-109.0,24.0,f3h5,capture,24,0.186396,133.0,0
r1q2rk1/p2pppbp/2n2n2/3N4/2P2B2/3B1pP1/1P3P1P/3Q1RK1 b - - 6 14,340.0,342.0,f6d5,capture,24,0.001243,2.0,0
7r/1b2bk1p/4np2/5p2/3N1N1P/2q1PPP1/5K2/3Q3R w - - 0 21,-20.0,77.0,f4e6,capture,18,0.137783,97.0,0
r5qr/p1pkn1p1/1pnbp3/3p2B1/3P2P1/1PPQ3N/P2N3P/2KR3R b - - 0 14,110.0,67.0,a8b8,quiet,26,0.057974,43.0,0
3R4/8/8/8/8/4kp1p/1r6/6K1 w - - 12 73,-499.0,-430.0,d8e8,quiet,6,0.024078,69.0,0
1r1qk2r/1pp2p2/p2bbn1p/4n1p1/P7/2PQ4/1PN2PPP/R1B1KBNR w KQk - 1 12,-25.0,-18.0,d3e2,quiet,28,0.010035,7.0,0
4r3/1p4k1/2p3P1/5K2/4B2p/3R4/8/8 b - - 1 49,-209.0,-309.0,e8e7,quiet,9,0.086466,100.0,0
6k1/1R6/7R/8/r7/4r3/1KP3PP/8 w - - 7 35,542.0,450.0,h6c6,quiet,9,0.027469,92.0,0
1r1qk2r/p1p1pp2/2n1bnpp/8/R3P3/4N3/1bPB1PPP/1Q2KBNR b Kk - 2 10,-18.0,170.0,e8g8,quiet,27,0.252711,188.0,0
8/4k3/2R1p1pp/2P1P3/p3KPP1/1r1B2P1/8/6b1 w - - 0 45,198.0,101.0,c6c7,quiet,15,0.116249,97.0,0
r3k2r/1pq2p2/p2pbb2/2B1p2p/4P2P/2P2NQ1/PP2BPP1/3R1RK1 b k - 0 20,-319.0,-168.0,c7c5,capture,26,0.137974,151.0,0
4Q3/kpp5/3q4/2n5/4pN2/7P/r5PK/5R2 w - - 4 32,-130.0,-107.0,h3h4,quiet,13,0.029522,23.0,0
1r1k4/1bR5/8/R3P3/Pp3pP1/3B4/n4KPP/8 w - - 3 35,843.0,753.0,c7f7,quiet,15,0.005191,90.0,0
8/2rb1rk1/R6p/7R/3N2P1/4KP2/8/8 b - - 2 32,-209.0,-158.0,c7c3,quiet,11,0.056174,51.0,0
r4rk1/5pp1/2Nb1n1p/3p4/3N4/p3P2P/1qb1BPP1/R3QRK1 b - - 1 21,301.0,280.0,f8c8,quiet,23,0.016094,21.0,0
6k1/5p2/ppr1p1p1/1bNp4/1P1P2q1/P3Q3/3K1P2/7R w - - 0 31,-157.0,-42.0,e3e5,quiet,18,0.151572,115.0,0
rn2k2r/p3bppp/2p2n2/B2p4/Q2Pp1b1/3qP1P1/2N1NP1P/R3KB1R b kq - 0 11,97.0,209.0,d3c4,quiet,28,0.132999,112.0,0
1K2k3/2P5/3Q2p1/8/q4p2/8/8/8 b - - 10 54,-306.0,-306.0,a4b3,quiet,7,0.000000,0.0,0
r3k2r/1pp1qp2/p1npb1p1/1Q4B1/Pb6/2N2R2/1PP1PP1P/R3KB2 w Qkq - 0 10,-66.0,98.0,b5b7,capture,26,0.231264,164.0,0
r1b1kb1r/3p1ppp/nN2p3/p2n4/8/2PP1P2/P3N1PP/1RB1KB1R b Kkq - 0 9,7.0,115.0,a8b8,quiet,26,0.149636,108.0,0
r3kbr1/pp1npp1R/2pp4/3b4/q2NN3/2B1PP2/P1PP1K2/6RQ b q - 5 13,38.0,131.0,g8g1,capture,25,0.125601,93.0,0
r3k2r/1pqb1pp1/p4n1p/4p3/1P1b2PP/P1NQ4/1BP2P2/R3KB1R b KQkq - 1 15,108.0,175.0,d7g4,capture,26,0.081903,67.0,0
5r1k/R3Nppp/8/4P3/3N2n1/1P4P1/1r6/6K1 w - - 1 28,-15.0,-184.0,e7c6,quiet,14,0.220962,169.0,0
8/8/r7/5k2/6Rp/3K3P/8/8 b - - 3 56,60.0,181.0,a6a3,quiet,6,0.153722,121.0,0
2kr3r/pppbqpb1/2np1n2/3P3p/4Pp2/1PN5/PB1Q1NP1/1K1R1B1R b - - 0 13,53.0,42.0,c6e5,quiet,28,0.015537,11.0,0
8/4Rpk1/2P5/3B2pp/1B1b2b1/1P4P1/2r5/5K2 b - - 1 38,-93.0,-62.0,c2c1,quiet,14,0.042440,31.0,0
r1b2rk1/pp2bppp/2n4n/3p3q/3P4/6P1/PP2PPBP/RNBQ1RK1 w - - 1 11,-216.0,-123.0,c1h6,capture,28,0.106186,93.0,0
2b1kb1r/1pp1n1pp/2nq1p2/r7/p7/P1N1BN2/1PQ2PPP/3RKB1R b Kk - 1 9,-30.0,-10.0,c8f5,quiet,27,0.028679,20.0,0
8/6K1/8/6kp/8/8/8/8 b - - 1 75,297.0,978.0,h5h4,quiet,3,0.149630,681.0,0
r3k2r/1pp1qb2/2n2n1p/3pbB2/pP4pP/P1N1P3/1BPQNPP1/1K1R3R b kq - 0 15,-217.0,-181.0,c6b4,capture,29,0.037933,36.0,0
r4k2/8/3K4/8/8/1R6/8/8 w - - 6 78,173.0,49.0,d6c7,quiet,4,0.160193,124.0,0
6r1/8/4k3/P3p3/1PR4N/7K/5r2/8 b - - 0 47,169.0,185.0,f2b2,quiet,9,0.017949,16.0,0
8/8/2Pk3b/7b/KN6/5p1P/8/4N3 w - - 0 66,-211.0,-94.0,e1d3,quiet,9,0.139044,117.0,0
r1bq1r1k/pp1n2pp/3b1n2/1P1p1p2/P2P4/1Q2PpP1/3N1N1P/R1B1KB1R w KQ - 0 11,19.0,5.0,d2f3,capture,29,0.020121,14.0,0
r1bq1bk1/1p3pp1/p1pp1n1p/7P/2Pp4/3B1Q2/PP3PPN/2B1R1K1 w - - 0 16,-98.0,-131.0,c1d2,quiet,26,0.042662,33.0,0
8/k1b1R3/p2q3p/3P1p2/6bP/1Q4p1/P5P1/1K6 w - - 4 36,-86.0,-181.0,b3e3,quiet,15,0.117924,95.0,0
r5k1/1b1nbpp1/4pn1p/2pp2P1/1p3P2/1P1PPN1P/2PN2BK/q1BQ1R2 b - - 0 13,194.0,92.0,h6g5,capture,28,0.123998,102.0,0
4kr2/1qpb3Q/3b2rp/R2P1ppN/1P2p3/2B5/6PP/5RK1 w - - 6 28,195.0,443.0,h7g6,capture,21,0.173127,248.0,0
r1bq1rk1/1p1nbppp/2p5/3n4/p2B4/4PP2/P2PQNPP/RN2KB1R b KQ - 2 9,216.0,262.0,e7f6,quiet,28,0.042639,46.0,0
2b3rk/pR6/2nQ1n1p/2p2p2/3b1B2/7P/P5P1/5R1K w - - 2 26,517.0,578.0,b7f7,quiet,18,0.013869,61.0,0
3r4/1p2pk1p/2p5/2p1B3/n3q3/4P1PQ/P4P2/R5K1 w - - 1 27,-159.0,-144.0,e5c7,quiet,17,0.017950,15.0,0
r1b2k2/pp1r4/2n2p1p/2R3p1/P3B1P1/2P4P/5P1B/4R1K1 b - - 0 30,-167.0,-176.0,c6d8,quiet,20,0.010246,9.0,0
b5r1/6pk/7p/8/8/8/6QP/6RK w - - 1 44,518.0,-118.0,g1b1,quiet,9,0.615321,636.0,0
8/p1Nk4/6R1/1p4p1/6n1/r5B1/8/3b2K1 w - - 4 28,-166.0,-291.0,g6g7,quiet,11,0.120024,125.0,0
2r3k1/5r2/p4q2/4p3/P2p2PN/1P4PK/3Q4/8 b - - 1 39,1009.0,785.0,e5e4,quiet,14,0.007791,224.0,0
2rqk2r/pp2b1pp/3p4/3Bp1P1/b2p4/3P3P/1PPBQP2/2KR3R w - - 1 13,84.0,-38.0,d5c4,quiet,25,0.173053,122.0,0
r5k1/1p3rp1/6Qp/p2pPb1P/5N2/qP4R1/2P5/1K1R4 w - - 1 24,-10.0,-55.0,g6h6,capture,19,0.064110,45.0,0
r1bqk2r/pp6/2pp1p1b/2n1n1pP/P3P3/2Q1N2P/1PP1BP2/R1B1K1NR w KQkq - 2 10,103.0,55.0,h3h4,quiet,29,0.065537,48.0,0
8/R7/5kp1/P7/6P1/1bP4K/8/6r1 b - - 2 46,217.0,229.0,b3c4,quiet,9,0.011734,12.0,0
8/8/6pk/8/1Q3p2/P3q3/6KP/8 w - - 0 56,-76.0,-84.0,b4f8,quiet,8,0.010923,8.0,0
8/8/3k4/p5p1/n2KB3/6P1/P7/8 w - - 1 41,1.0,35.0,g3g4,quiet,8,0.048760,34.0,0
5r2/7Q/p3r2b/4kp2/PP6/4P1R1/4K3/8 w - - 10 47,515.0,473.0,h7c7,quiet,12,0.012589,42.0,0
8/1k3r2/p7/8/8/B7/4N3/3K4 b - - 8 53,62.0,47.0,a6a5,quiet,6,0.021061,15.0,0
r1b1kb2/1p2q1p1/p4n2/3Bpp1p/P3p2P/1PN5/2P2PP1/R2QK2R b KQq - 1 13,64.0,140.0,e7c7,quiet,25,0.100161,76.0,0
r1bqk2r/p3b1pp/2p2p2/1p3n2/2nP3P/P7/BP1NNPP1/R1BQR1K1 b kq - 7 12,-30.0,-88.0,c4d2,capture,28,0.080935,58.0,0
1r6/p4pRp/1pBk1n2/2p1pP2/P4b2/5N2/1Pr4P/R3K3 w Q - 0 20,-218.0,-161.0,g7f7,capture,20,0.061725,57.0,0
1r1q1rk1/3bb1pp/3p1n2/pNnPpp2/P7/N4PP1/1P4BP/R1BQ1RK1 w - - 3 14,-104.0,-74.0,f1e1,quiet,28,0.040440,30.0,0
r2qk2r/1b2ppbp/pnpn2p1/Pp1pN3/1P1P1P2/2PBP3/6PP/RNBQ1RK1 b kq - 0 9,-144.0,-63.0,b6c4,quiet,32,0.106445,81.0,0
r2k1b1r/2p1n3/1p1n2q1/p2P4/P1N1N1p1/R2Q1p1p/1PP2P2/2BK3R w - - 0 21,-186.0,-47.0,e4d6,capture,25,0.177502,139.0,0
8/p1B2k2/1p2p3/8/2P3p1/1P2P3/P2P1n2/2K1RB1r b - - 2 22,-97.0,-314.0,h1g1,quiet,16,0.222986,217.0,0
8/8/4p3/3k1p1p/4nP1K/5NPP/8/8 w - - 3 69,33.0,58.0,f3g5,quiet,10,0.035353,25.0,0
4k3/2p1n2r/p3p3/1b2Ppp1/4N3/4P1PP/Pr3RB1/3R2K1 b - - 0 19,-21.0,-21.0,b2f2,capture,20,0.000000,0.0,0
rnq1k2r/ppp2pb1/4p2p/6p1/P5BP/3R4/1PP2P1P/2BQK2R b Kkq - 0 10,21.0,-9.0,b8c6,quiet,25,0.043134,30.0,0
R7/6pk/2p1p3/4Pr2/2qr1p1P/P4Q2/5P2/4R1K1 w - - 0 37,-30.0,18.0,a8c8,quiet,16,0.068947,48.0,0
r2qkbn1/ppp5/2n2p2/8/3prBb1/P2Q1N2/1PP1N3/R3KB1R b KQq - 1 13,127.0,183.0,d8e7,quiet,24,0.066393,56.0,0
3qr1k1/1p3ppp/n3b3/8/Pb1Bp3/4P1PP/2rN1PK1/RN1Q3R b - - 6 19,333.0,192.0,d8c7,quiet,24,0.120552,141.0,0
7r/1pk3pB/2p2p2/p1n5/3N1b2/2P5/PPK3PP/4R3 w - - 0 22,34.0,72.0,e1e7,quiet,18,0.053384,38.0,0
3q1r1k/2p3p1/7p/p2bp3/P3Np2/2PPnP2/2B1QKnP/1R5R w - - 0 26,115.0,-62.0,h1c1,quiet,23,0.247998,177.0,0
6Q1/1pk1q3/p4p2/6p1/2PP1n2/P7/K7/5B2 b - - 25 46,272.0,196.0,f6f5,quiet,13,0.071659,76.0,0
r4rk1/3p2pp/4pp2/2q5/p3bPP1/1R2PN1P/3Q1K2/R7 w - - 0 18,-302.0,-319.0,b3c3,quiet,20,0.012022,17.0,0
1r4r1/8/3k4/P1p2R2/3p3p/1P3R1P/6P1/7K b - - 0 38,-104.0,-7.0,b8b5,quiet,13,0.135280,97.0,0
8/p7/1p3pPk/1Pp4P/P1Pq4/1KQ5/8/8 b - - 11 43,15.0,-102.0,d4d1,quiet,13,0.164286,117.0,0
4n3/1p4pk/4p3/p2pBpqp/P2P3b/PR3Q2/2r2PP1/5RK1 w - - 2 24,170.0,234.0,b3b7,capture,22,0.066811,64.0,0
4r3/1p4pk/1p5p/3RP3/1P3R1P/8/2PKN2r/8 b - - 2 26,-312.0,-408.0,h2h3,quiet,15,0.055162,96.0,0
rnbk2nr/2pp2q1/pp2pp2/4b1pp/N2NP3/8/P1PPBPPP/BR1QR1K1 w - - 2 10,3.0,34.0,c2c3,quiet,31,0.044457,31.0,0
3r3k/8/3p2p1/pP6/PbQ1p3/8/5PP1/1qBK4 w - - 0 27,-380.0,-390.0,b5b6,quiet,15,0.005103,10.0,0
r1b2rk1/2P2pp1/4pq2/P1Qp4/2B4p/3pB3/5PPP/R4RK1 b - - 0 18,-212.0,-213.0,d5c4,capture,22,0.001011,1.0,0
2kr3r/p4pp1/1p1b1n1p/2n2N2/4p3/P1N1P3/RB2KPPP/7R b - - 3 15,185.0,108.0,d6e5,quiet,23,0.093030,77.0,0
3nkb2/6p1/3pPp2/P3p2r/4N3/6R1/1B2PP1P/3K4 w - - 0 23,107.0,333.0,a5a6,quiet,17,0.222498,226.0,0
2q1k2r/2pp2p1/1p1P1p1p/4n3/4P1P1/1PQ5/P1P3BP/5RK1 b - - 0 17,-259.0,-168.0,e8d8,quiet,21,0.091679,91.0,0
8/k1p5/p2b3p/2P4q/3P4/8/1nQK4/5R2 b - - 18 52,264.0,156.0,h5h2,quiet,12,0.109955,108.0,0
r3kb1r/1pqn1ppp/2pp4/7b/N2N4/1Q2BPnP/PPP5/R3KB1R w KQkq - 1 10,-127.0,-48.0,h1g1,quiet,27,0.106399,79.0,0
2r1r1k1/1p2pn1p/3N1p2/B2P3R/5P2/P5P1/2P4R/2K5 b - - 0 24,-342.0,-187.0,e7d6,capture,18,0.131649,155.0,0
2kr3r/pp2qp2/n1pb1n2/3p1b1p/3P1N1R/P4NP1/1P1BPP2/R2QKB2 b - - 3 10,-140.0,69.0,c8b8,quiet,28,0.289250,209.0,0
2b2rk1/Q3ppbp/6pn/8/8/1P1P4/P2KBPPP/q1B4R b - - 0 15,384.0,427.0,g7c3,quiet,21,0.019958,43.0,0
8/R3bkp1/4n2p/5K2/6P1/4Bb2/8/8 b - - 13 42,232.0,303.0,g7g6,quiet,10,0.059472,71.0,0
8/7p/4pk2/2p2p1B/5P2/2b1N3/3n1P2/6K1 w - - 0 40,-317.0,-336.0,h5d1,quiet,12,0.012569,19.0,0
r2k1b1r/pb1p1n1p/1pp1q3/P7/3Q4/RPP2P2/1K6/1NB2BR1 b - - 0 16,58.0,114.0,f8c5,quiet,23,0.075713,56.0,0
2b2r2/5k2/2p2p1p/P2n4/2B5/4P3/2nP2PP/1R3RK1 w - - 1 19,276.0,348.0,c4d5,capture,17,0.050693,72.0,0
q3r3/3b2p1/3Q1nk1/r4pp1/8/4P2P/3P2P1/1RB1KB1R w - - 1 22,19.0,-67.0,e1f2,quiet,19,0.122559,86.0,0
8/3nk2p/4q2p/R1b5/3pP3/5QPP/2r1N1K1/5R2 w - - 4 25,67.0,119.0,f3d3,quiet,16,0.069615,52.0,0
r1b1k2r/pp3p2/1qn1p2p/3pPn2/3P4/P4P1R/P2BN1P1/R2QKB2 b kq - 6 12,-105.0,-78.0,e8d8,quiet,26,0.036266,27.0,0
3k4/p3p3/8/1p1bb2P/7K/4B3/r3n3/5B1R b - - 0 27,695.0,1037.0,d5h1,capture,13,0.015424,342.0,0
8/2k1r3/7p/7R/3p4/3N4/8/5K2 b - - 5 45,-29.0,-80.0,e7e3,quiet,7,0.071499,51.0,0
r4r1k/1p6/1nppQ2p/p5q1/Pb2PP2/1B5P/6P1/R4RK1 b - - 0 25,292.0,344.0,f8f4,capture,21,0.035683,52.0,0
2r5/1p3k2/6pb/3P1p1p/p3P3/P1B5/1P4PP/3K1R2 w - - 1 29,67.0,224.0,e4f5,capture,17,0.188811,157.0,0
2R5/8/2n1k3/p2r4/b3N1P1/2B5/6K1/8 w - - 1 49,32.0,32.0,c8e8,quiet,10,0.000000,0.0,0
3Q4/2K2k2/8/8/8/8/8/8 w - - 1 62,853.0,1014.0,c7d6,quiet,3,0.004408,161.0,0
2B5/5N2/8/3k4/5p2/3b1P1K/1r5P/4b3 w - - 0 58,-474.0,-648.0,f7g5,quiet,10,0.037882,174.0,0
2r5/p4pk1/R3p2n/3pb1B1/4r1P1/1P3R1P/2P2Q2/3K1B1q b - - 1 43,-27.0,-71.0,c8c7,quiet,20,0.062000,44.0,0
5k2/6p1/4Q2p/2q4P/7P/2p5/6K1/8 w - - 2 62,-9.0,-383.0,e6e4,quiet,9,0.387724,374.0,0
5N2/pp6/2pK1k2/2P5/3p3r/5P1b/PP6/7R w - - 2 33,12.0,3.0,f8d7,quiet,14,0.012945,9.0,0
r1b1k2r/p1p2ppp/1p2p3/2np4/P2PPQ1q/5P1P/1PP3P1/RNBK1B1R b kq - 0 9,-279.0,-366.0,h4f4,capture,29,0.058706,87.0,0
1q2k2r/5p1p/p4np1/3pb3/b2N4/2BPP2P/2P3Q1/2RK1R2 w - - 0 24,242.0,140.0,c1a1,quiet,21,0.109845,102.0,0
r2qk2r/ppp1bb1p/5n2/3p4/1Pn2NpP/P1N1P3/1BPP1PB1/RQ2K2R b KQkq - 4 9,-113.0,-53.0,c7c6,quiet,29,0.081432,60.0,0
8/8/3PQ3/4p3/2P2p1k/8/6PK/4rr2 w - - 0 52,209.0,288.0,e6h6,quiet,10,0.070875,79.0,0
8/2k1rbR1/1p3n2/1Pp2p2/5N2/1p2PP2/8/rNK1R3 b - - 0 32,141.0,340.0,a1a2,quiet,17,0.183766,199.0,0
7R/1p3k1p/1p3p2/6p1/4PP2/8/PP5P/4KN2 w - - 0 30,756.0,1192.0,h8h7,capture,14,0.011673,436.0,0
r2qk2r/1ppb1pb1/p1n1p3/3p1n1p/3P3R/P1NNPP2/1PPBQ1P1/2KR1B2 w kq - 2 10,-104.0,-3.0,h4h3,quiet,30,0.141035,101.0,0
8/R7/1p1k4/8/P1P4p/2r5/1RB2r2/1K6 b - - 0 35,-10.0,-214.0,c3c4,capture,11,0.259761,204.0,0
8/8/8/7p/5k2/5p1P/5K2/8 w - - 12 59,-340.0,-710.0,f2g1,quiet,5,0.107260,370.0,0
r2q1r1k/4b1pp/2p2p2/2n5/p2pP3/3P1N2/1PQB1PPP/R4RK1 w - - 1 18,65.0,7.0,f1e1,quiet,24,0.082394,58.0,0
r1bq1r2/p4kp1/1pn2n1p/2pp1p2/3Pp3/PPP1P3/4BPPP/RNBQK2R w KQ - 2 9,-143.0,-9.0,d4c5,capture,30,0.181961,134.0,0
1r1q1rk1/n1pnbp2/p5p1/2ppP1P1/N2p1P2/P2P4/3B2PK/2RQ3R b - - 1 18,38.0,220.0,g8h7,quiet,26,0.225660,182.0,0
5r1k/1Rb1r2p/5q2/p6p/2PR2P1/2Q2p1K/PP3P1P/8 w - - 0 30,-232.0,-326.0,c3d3,quiet,19,0.075472,94.0,0
8/1pp2q2/6p1/2R5/2Pp1k1p/2r5/5P1P/4QK2 w - - 28 56,-367.0,0.0,e1e5,quiet,14,0.392124,367.0,0
6br/6k1/2pR4/p3RpNp/P1p2P1P/6K1/1P6/8 w - - 2 35,659.0,1155.0,e5a5,capture,16,0.020727,496.0,0
3k4/2b2Q2/4p3/P2n2q1/3N4/5R1P/1r3B2/5K2 b - - 6 38,-157.0,-8.0,b2b1,quiet,13,0.200212,149.0,0
r4k1r/ppp1qpp1/3p1nbp/8/1nPP4/1PN2NP1/PR1QP2P/4KB1R w K - 3 10,-31.0,-39.0,e2e3,quiet,28,0.011396,8.0,0
8/8/R5pk/8/2r5/7P/2P2RK1/1r6 w - - 9 45,42.0,37.0,a6a3,quiet,9,0.007103,5.0,0
6k1/5p2/6pp/p3q2P/P7/1P1P1QP1/K7/8 w - - 0 30,100.0,148.0,h5g6,capture,13,0.060912,48.0,0
r1k2b1r/1p1bnnp1/8/8/p3pBPP/P1PB1N2/1P6/R3K2R w - - 2 21,-55.0,-99.0,d3e4,capture,22,0.060241,44.0,0
1R2nk2/6pp/3N4/5P2/8/5K2/8/4r3 b - - 22 52,-166.0,-163.0,e1e5,quiet,9,0.003478,3.0,0
k7/2b1nQ2/3p3R/2p1p3/2P5/p2qP3/P4P2/2K5 b - - 5 42,-44.0,240.0,d3c3,quiet,15,0.362225,284.0,0
r1b1kb1r/5ppp/P7/2qp4/3pB3/5N2/2PN1PPP/R2Q1RK1 b kq - 0 12,-266.0,-206.0,d5e4,capture,23,0.056190,60.0,0
8/1p4R1/4r3/Pk3p2/6N1/8/8/3K4 b - - 2 47,-23.0,112.0,f5g4,capture,8,0.188872,135.0,0
5k2/2r4p/2P1p3/Nb3p2/1P5P/2b3P1/1R3PB1/6K1 w - - 2 29,507.0,335.0,b2c2,quiet,16,0.075681,172.0,0
r6k/pp2q1pb/2pR3p/8/1P3r2/2P2pQP/P3BPR1/5K2 w - - 0 20,-126.0,-307.0,e2f3,capture,21,0.180337,181.0,0
r3k2r/1pB1p3/q6b/pNpP1p2/P1P1p1n1/8/1P2QPp1/R3K1R1 w Qkq - 0 17,0.0,-45.0,g1g2,capture,24,0.064400,45.0,0
r1b3nr/pp1k4/2pN3p/8/7q/2P1Q1n1/PP1B2P1/RN2KB2 w Q - 1 16,-51.0,-83.0,e3f4,quiet,22,0.044353,32.0,0
1k1r4/pp2qp2/Pb1p3p/2r5/5B2/2PB1Q2/1P4P1/R6K w - - 5 21,-47.0,-104.0,g2g3,quiet,19,0.078124,57.0,0
r5k1/8/8/5R2/2K5/2P5/8/8 w - - 6 52,293.0,206.0,c4b5,quiet,5,0.077788,87.0,0
1r2b2k/ppp3b1/P1n1p3/3p2p1/2qP4/2P1P1P1/6B1/1Q3RK1 b - - 0 23,572.0,708.0,c4c3,capture,21,0.019124,136.0,0
8/8/6Bp/4k2P/1p6/p6r/K4R2/8 w - - 25 58,-14.0,11.0,f2e2,quiet,9,0.035962,25.0,0
3k1b1Q/3n4/5p2/1p3N2/2pPp1q1/8/P1R1RK2/3r2N1 w - - 8 41,421.0,-30.0,f5g3,quiet,17,0.461666,451.0,0
B6r/3k4/p5p1/4p1p1/6p1/8/P4P1P/4K2R b - - 0 29,-66.0,210.0,h8a8,capture,13,0.363952,276.0,0
rb5r/4kp2/4p3/1B2n1P1/NP6/P7/5KP1/2RR4 w - - 3 24,261.0,259.0,c1c3,quiet,16,0.001721,2.0,0
r1b1kbnr/p1pq2p1/1p3p1p/3Pp2R/2P1N1P1/1Q3P1B/P3P3/R1B1K3 w Q - 0 14,30.0,71.0,c1e3,quiet,27,0.057712,41.0,0
8/1P1b1pk1/Q3n1p1/4q3/P3P3/1r1p4/5PPP/R4RK1 w - - 0 30,125.0,194.0,a1b1,quiet,18,0.080876,69.0,0
8/1p3k2/2qB3R/5p1p/p6P/P4P2/6P1/2n4K b - - 1 40,326.0,677.0,c1e2,quiet,14,0.112883,351.0,0
7r/2p2p2/1p1bb3/3P2p1/2k1B2p/4pPP1/7P/RR4K1 b - - 0 25,299.0,176.0,e6d7,quiet,18,0.114647,123.0,0
r1b1k2r/1p1nnqpp/pB1p4/8/Pb1PP3/2N2p1P/1PPQ1P2/R3KBR1 w Qkq - 4 10,-18.0,-121.0,a4a5,quiet,28,0.141537,103.0,0
r1bk3r/ppp2pb1/5nn1/6Bp/4P3/P1p5/1PP2PP1/R3KBNR w Q - 0 12,-97.0,-128.0,b2c3,capture,25,0.040225,31.0,0
4R3/8/8/5kp1/4p2p/3r2PK/8/8 w - - 0 53,-443.0,-581.0,e8f8,quiet,8,0.038343,138.0,0
1r1q2k1/pr3p2/b2p2p1/Pnp1p2p/4P1nP/1P1PRNP1/5P2/BR1Q1BK1 w - - 1 25,-170.0,-149.0,e3e1,quiet,28,0.024647,21.0,0
b6r/p1k2n2/B4p2/6p1/8/PPK2p2/3R3P/6R1 b - - 1 26,-76.0,20.0,c7b8,quiet,15,0.136412,96.0,0
3k1r2/Q6p/3p1q2/2rBn3/2N3b1/1P6/P4PP1/3R1RK1 w - - 3 22,483.0,422.0,c4e5,capture,18,0.022577,61.0,0
r2qk2r/1ppbb1pp/p1n2p2/8/1PN5/P1pB1N2/2P3PP/R2Q1RK1 w kq - 2 10,-108.0,-56.0,d1e1,quiet,26,0.070705,52.0,0
Nnbk1b1r/1p3p1p/3p4/4p2q/p3P3/2P4P/PPn1BP2/R1BK3R w - - 0 13,-245.0,-65.0,e2h5,capture,25,0.211352,180.0,0
Q7/5k2/8/6P1/8/5P2/2b2PK1/8 w - - 1 48,1008.0,1312.0,g2g3,quiet,7,0.002486,304.0,0
r1b4R/p1p2kp1/3q1p1p/2Np1n2/1P1P1P2/7r/5QR1/5NK1 b - - 0 22,259.0,220.0,a8b8,quiet,21,0.036087,39.0,0
4rrk1/pp4qp/2n2np1/3p4/P2P1P2/1PN2b2/2PQ2PP/R1K2B1R w - - 0 13,28.0,38.0,g2f3,capture,25,0.014261,10.0,0
3rbr1k/1p4qn/p1p4p/P1Pp1pn1/NP1PpNp1/4P1P1/KR2BP2/4Q2R w - - 6 30,87.0,4.0,a4c3,quiet,29,0.116894,83.0,0
8/k7/1pq5/p2p1p2/P4Pp1/1b2P1Pp/3Q3P/6KB w - - 1 46,-283.0,-358.0,d2b2,quiet,17,0.050992,75.0,0
3rr3/2pk1bp1/2n3Np/p1P1pp1P/P7/6P1/pR2PK2/B6R w - - 6 24,-522.0,-456.0,f2e3,quiet,22,0.020344,66.0,0
4r1k1/2p3pp/1p5q/p2p1Qn1/2bP3N/2P1P1PP/P5K1/R6R w - - 0 19,-14.0,-37.0,h1f1,quiet,22,0.032910,23.0,0
7r/p1k5/5RN1/7p/P3PK2/8/8/4n3 b - - 15 45,-134.0,-127.0,h8c8,quiet,10,0.008776,7.0,0
4rrk1/1pq2pb1/p2np1p1/P2p2Pp/3P3P/2PNNQ2/1P2RP2/R5K1 w - - 1 25,172.0,138.0,d3c5,quiet,26,0.040336,34.0,0
r3kb1r/1pqn1pn1/p1p1p1p1/P3P1Bb/1P1P1N1P/2P2P1R/R3N3/3QKB2 w q - 5 19,84.0,184.0,d1c2,quiet,29,0.123951,100.0,0
7k/p1p5/1pn1b2p/3pP1rP/3P4/B1P1N3/P6K/5R2 w - - 0 29,189.0,125.0,f1f6,quiet,18,0.075490,64.0,0
2b2r2/2p3pk/2Pp1p2/2rPp1q1/1Q2P2p/2N1PR1P/R5P1/7K w - - 27 50,-103.0,19.0,a2a7,quiet,22,0.171350,122.0,0
8/P3R3/8/5p2/5k2/2K5/4p3/r7 b - - 1 73,314.0,294.0,f4f3,quiet,7,0.014523,20.0,0
4r3/1p1k1p2/p7/n2N1r2/P6R/2KP4/8/1R6 w - - 2 32,-38.0,-19.0,h4d4,quiet,13,0.027153,19.0,0
r6k/p6p/8/2P2r2/1PNp1p2/Q3p2P/PKP3q1/R6R b - - 1 27,153.0,-15.0,f5c5,capture,19,0.228549,168.0,0
8/8/1pB5/4kp2/3b1r1p/P6P/2RRK2P/6r1 b - - 24 45,206.0,192.0,d4c5,quiet,14,0.014754,14.0,0
r1bqrbk1/1p3ppp/2p2n2/p1np4/3N4/PPN1PPP1/1BPQ2BP/4RRK1 b - - 4 12,48.0,99.0,c8d7,quiet,30,0.070096,51.0,0
1r2k3/1b3p1p/pN1pp3/2pP4/2PNP3/1P3n2/P1R3rP/3K3R b - - 1 22,219.0,66.0,g2c2,capture,22,0.185285,153.0,0
r6r/3k1p2/2Np2P1/3P3p/R6P/3B2P1/1b3P2/6K1 w - - 2 29,472.0,461.0,d3f5,quiet,16,0.003785,11.0,0
r3k3/p2bbpp1/Bqn1p2r/2pp4/3P1P2/1PP1P1Pp/1B1N3P/R2QK2R w KQq - 1 12,-118.0,-24.0,a6e2,quiet,28,0.129090,94.0,0
4r1k1/5pp1/5n1p/Rb1p4/3P4/5PP1/2r2NKP/7R w - - 0 25,-529.0,-233.0,a5b5,capture,17,0.161877,296.0,0
5Q2/1p1r1p2/p5q1/6k1/3P2b1/2P4R/4r1RK/8 b - - 13 32,719.0,1035.0,e2g2,capture,14,0.013112,316.0,0
2B5/8/6pk/p7/7p/4r3/3R4/3K4 w - - 4 49,-258.0,-126.0,d2d4,quiet,8,0.141576,132.0,0
5r1k/8/pp2R1p1/2pPn3/4Pq2/2N4P/1P2Q1K1/8 w - - 0 39,91.0,43.0,h3h4,quiet,16,0.066477,48.0,0
6k1/3r1p2/7p/1pq3p1/2n1Q3/2P3P1/7P/2B1R2K b - - 1 36,126.0,165.0,c5f2,quiet,15,0.047302,39.0,0
3rk2r/pp2b1pp/2n2p2/5N2/3pp1P1/6P1/PP2P2P/RNB1K2R b KQk - 3 11,15.0,9.0,e7c5,quiet,24,0.008624,6.0,0
8/3B4/8/6p1/1b1k4/p7/K7/8 w - - 8 71,-323.0,-406.0,d7e6,quiet,6,0.046686,83.0,0
8/p1p4p/P4p2/1k2pN1P/4K3/2b4P/8/8 b - - 3 33,359.0,347.0,b5a6,capture,12,0.007078,12.0,0
2N1nk2/6pp/2p5/3n1p2/2pPp3/1pN1P2P/3K1PP1/1R6 w - - 0 22,356.0,267.0,c3d5,capture,19,0.062852,89.0,0
r1b1kr2/2Q1n2p/p2p4/1p6/3n3q/P4PN1/1P3KPP/R1B2BR1 b q - 0 14,-66.0,8.0,d4f5,quiet,23,0.105366,74.0,0
4r1k1/p4qp1/8/7p/4b3/1P4QP/2PB4/R5K1 b - - 5 31,116.0,176.0,e4c2,capture,14,0.072635,60.0,0
1r1r2k1/4n2p/pp4p1/2p1n3/N1PpPQ1q/3P4/PP2B2P/1RK2R2 b - - 4 22,214.0,94.0,h4f4,capture,24,0.142078,120.0,0
r7/8/p2pk2p/R3p1p1/P3K1P1/4P2P/3P4/8 b - - 5 39,-36.0,-171.0,a8a7,quiet,14,0.176348,135.0,0
r2qk2r/1b1n1ppp/p2b1n2/2pp4/8/1PN1PP1N/P3B1PP/R1BQ1RK1 w kq - 0 10,-26.0,24.0,h3f4,quiet,28,0.071831,50.0,0
2kr4/rp2R1p1/1q2p2p/p1p1Q3/2B3pP/P1B1P3/1P6/2K5 b - - 0 23,18.0,-273.0,b6d6,quiet,20,0.353880,291.0,0
k7/P3r3/8/2B5/1QR5/3q2bP/4p1P1/4R1K1 w - - 1 44,733.0,972.0,c5e7,capture,13,0.010791,239.0,0
2k1r3/7p/pp1r1ppP/8/Pn5Q/1bN2P2/1P6/1K5R b - - 1 27,152.0,31.0,a6a5,quiet,18,0.161287,121.0,0
8/p1k5/8/8/4p1p1/P3P1P1/5P2/2n2K2 b - - 1 44,200.0,451.0,c7d6,quiet,10,0.170867,251.0,0
3r1rk1/1ppq2pp/p1nb1n2/2P5/1P2p3/P1Bb1NP1/3N1PB1/R2QR1K1 w - - 0 15,-117.0,102.0,c3f6,capture,27,0.305001,219.0,0
8/q5k1/P1p2bp1/3b4/R5P1/3Q4/8/5K2 b - - 2 45,51.0,79.0,f6g5,quiet,11,0.038898,28.0,0
3qkr2/ppr5/2b2bp1/4p2p/1BBp3P/1P1P4/2P1Q3/1K1RR3 b - - 1 21,53.0,115.0,c7e7,quiet,22,0.084021,62.0,0
1k1r3r/1pqbnpb1/p1npp1p1/2p5/2P1PB1p/2NP1N1P/PP1QBPP1/1R3RK1 w - - 6 12,-94.0,47.0,f4g5,quiet,32,0.199299,141.0,0
2kB1b1r/pbpp4/1pn3qn/7N/P2Pp1P1/2P4P/1P4B1/R2Q1RK1 b - - 0 14,-136.0,-33.0,c6d8,capture,25,0.138952,103.0,0
2k5/2p5/3r1n2/7p/Q7/P4q2/1P6/K5R1 w - - 15 55,-301.0,-287.0,g1c1,quiet,11,0.010582,14.0,0
2B5/8/2p2k2/2P2Pp1/3n3r/5P2/6Kp/7R b - - 5 44,177.0,106.0,h4h8,quiet,12,0.086774,71.0,0
8/7R/7P/5pk1/1b1Qb1p1/4P3/r3BPP1/4qNK1 w - - 2 34,273.0,862.0,d4g7,quiet,16,0.165051,589.0,0
B7/8/1p6/2p1b3/2P5/8/5k1p/3K4 w - - 6 55,-859.0,-550.0,d1d2,quiet,8,0.033393,309.0,0
R7/5r2/3pk3/8/1PK5/8/8/8 b - - 3 44,-69.0,-56.0,f7f1,quiet,6,0.018114,13.0,0
3k1r2/pp2p2R/2rp4/8/qP1Q4/4N3/2P2PP1/4K3 w - - 3 26,17.0,-68.0,h7h4,quiet,16,0.121075,85.0,0
8/5pk1/6Pp/8/5r2/2R4P/5PK1/8 w - - 0 33,94.0,200.0,g2g3,quiet,9,0.127677,106.0,0
r3k3/1ppb4/2n1pb2/8/p1NP2P1/3BB3/PP3P2/2RK4 b q - 0 18,-146.0,-7.0,e8c8,quiet,19,0.188486,139.0,0
Q6R/1p6/1kr5/6p1/3P1q2/P7/KP5p/8 w - - 3 58,-110.0,-202.0,a8d8,quiet,12,0.108625,92.0,0
rnbq1rk1/5p2/2pb2pp/2ppNn2/P3p3/B1N1P2P/2QPBPP1/R4RK1 w - - 4 14,-209.0,-230.0,e5f7,capture,29,0.020768,21.0,0
5K2/5P2/3k4/3p4/3P4/8/p5r1/R7 b - - 0 60,-143.0,-65.0,g2b2,quiet,8,0.102443,78.0,0
2k1rbnr/pppq2p1/2np4/6Np/5B2/2NPP3/PPP4P/R2QK2R b - - 0 10,16.0,129.0,f8e7,quiet,26,0.154551,113.0,0
r5k1/3p3p/4b3/p6p/P3q3/2Q1Br1P/5PP1/3R2K1 w - - 0 27,-115.0,-119.0,g2f3,capture,17,0.005150,4.0,0
r3k2r/1ppbn2p/p1nq2p1/5p2/5N2/1PQ3N1/PKPp2PP/3R1B1R b kq - 2 14,33.0,122.0,e8c8,quiet,26,0.121346,89.0,0
r2q1rk1/1p3ppp/2n1b3/p2n4/Pb6/2NB3P/1P2NPP1/R1BQ1RK1 w - - 4 10,64.0,39.0,c3d5,capture,26,0.035185,25.0,0
r4rk1/p3nppp/B1n2q2/2pp4/3b1P2/B5PP/P2P1P2/1R1QR1K1 b - - 1 12,212.0,307.0,f8e8,quiet,25,0.081985,95.0,0
2b1k1nr/2p2pp1/1pNp3p/2P1p3/2P1P1P1/1n1P3N/r2BB2P/3K3R w - - 1 18,-362.0,-437.0,d2c3,quiet,25,0.035904,75.0,0
1qr5/8/1pbr2k1/4BpNp/5Q1P/3p4/1P4PK/R7 b - - 2 36,391.0,-137.0,c8d8,quiet,17,0.592256,528.0,0
6n1/3r2k1/RR3p2/6p1/7p/7P/5PPK/8 b - - 5 30,-440.0,-350.0,d7e7,quiet,12,0.044074,90.0,0
4r1k1/2q4p/p3P1p1/2p5/2P4P/3Q2P1/5rBK/4R1R1 b - - 0 38,-167.0,-365.0,c7e7,quiet,17,0.167623,198.0,0
rn1qk2r/ppp1bpp1/2n1b2p/4p3/4N3/2PPN3/P4PPP/R1BQKB1R w KQkq - 4 9,-179.0,-27.0,f1e2,quiet,29,0.198217,152.0,0
r1bqk2r/6pp/p1nb1n2/1pp1p3/5p2/PPN2N2/1BPPQPPP/2KR1B1R w kq - 0 9,25.0,83.0,c3e4,quiet,30,0.081309,58.0,0
4rk1r/p4p2/1p3q2/2p5/2Q2P1P/1Pb1B1P1/P1P2K2/3R4 w - - 2 19,-81.0,-175.0,d1d3,quiet,19,0.118006,94.0,0
2kr4/1bp4p/3br1p1/RP6/3BN3/2P1PN1P/4K1P1/7R b - - 0 17,-526.0,-169.0,b7e4,capture,19,0.228133,357.0,0
8/1kp5/6p1/p4pPp/P7/1P1RQ3/4KP2/6q1 b - - 1 39,-348.0,-492.0,h5h4,quiet,14,0.063252,144.0,0
rnbqk1nr/1pp4p/5pp1/3p4/1b1P4/1BN2Q1P/P1P2PP1/R3K1NR b KQ - 1 9,203.0,240.0,b4c3,capture,27,0.036355,37.0,0
4k2B/8/8/5KN1/1p6/8/8/8 b - - 0 52,-579.0,-598.0,e8d7,quiet,5,0.003459,19.0,0
8/8/8/p4k2/2N3p1/1P1p4/P5K1/2Bnb3 b - - 7 50,447.0,318.0,f5e4,quiet,11,0.067285,129.0,0
r3qbkr/pp5p/2pp1n1p/4n3/7R/P1N2NP1/1P2QP2/R1B2K2 b - - 1 16,-29.0,26.0,e5g6,quiet,24,0.078985,55.0,0
r4knr/p5p1/3N1p2/2bQ4/6P1/3Bp2P/P5K1/4R3 b - - 1 22,-384.0,-936.0,c5d6,capture,17,0.094263,552.0,0
2kb2r1/5bP1/p7/1pp2P2/5PP1/NP2r3/PBP5/1K1R3R w - - 0 28,654.0,769.0,h1h8,quiet,20,0.010837,115.0,0
rnb4r/ppp1k3/3b3p/4pppP/1P4n1/P4N2/1BPNPP2/R3KB1R b KQ - 4 9,-5.0,101.0,b8c6,quiet,27,0.148585,106.0,0
8/4p3/8/4rk2/8/1P5R/2P4P/7K b - - 0 40,-130.0,-80.0,e5e1,quiet,8,0.065680,50.0,0
3rk3/pp3p2/4b2p/3B4/3B3b/3K1Q2/P1PP3P/RN2r3 b - - 4 22,-504.0,-334.0,e6d5,capture,19,0.075474,170.0,0
r1bqkb1r/1p2npp1/p1p1n3/3p3p/7P/2NP2P1/PPP1NPB1/R1BQK2R w KQ - 0 9,-82.0,40.0,d1d2,quiet,30,0.173176,122.0,0
1rq2r2/Rp2ppk1/2bp1np1/8/3N4/1PN4P/1P1Q1PP1/4K2R b - - 2 17,-12.0,122.0,c6g2,capture,22,0.185957,134.0,0
rn1qk1r1/1bpp1p1p/4pn2/pP1P1P2/1b3Bp1/2N3P1/1PP1B2P/R2Q1K2 b q - 0 10,418.0,515.0,b4c3,capture,28,0.033649,97.0,0
3R4/4k3/p1q5/1p3nP1/4rP2/P7/3QPK2/8 w - - 9 37,-133.0,-126.0,d8b8,quiet,13,0.008794,7.0,0
r2qk1r1/p1p1b2p/1pbp4/2n2p2/2P1P3/QPN2PP1/PB5P/R3KB1R b KQq - 1 12,-79.0,1.0,f5e4,capture,27,0.113210,80.0,0
r2k3r/ppp1R2p/n2p4/4p3/2P1P3/2Q1Bq1b/PP1KN3/RN6 w - - 1 17,92.0,274.0,e7h7,capture,23,0.199429,182.0,0
rn1qr1k1/pb3pbp/1p4p1/1P1p1n2/3P4/2N3P1/P3NPBP/R1BQK2R w KQ - 1 10,-176.0,-122.0,c1f4,quiet,28,0.064939,54.0,0
r1Bq1k1r/1pp1p3/3p1n1p/p2Pb1pP/6P1/2N5/PPP5/R1BQK2R b KQ - 0 10,2.0,114.0,d8c8,capture,26,0.155536,112.0,0
8/5k2/5p2/6pp/p1R5/2B5/6KP/2r5 w - - 5 41,40.0,-84.0,c4c6,quiet,10,0.175896,124.0,0
r4rk1/p2b3p/1pnPqp2/4pnp1/3pP3/B2Q4/P3BPPP/1R3RK1 w - - 0 15,-225.0,-79.0,e4f5,capture,26,0.173256,146.0,0
1rbqk3/ppn1ppb1/5n2/3p3r/3P2p1/PPN5/1BP1NPBP/R2QK2R w K - 0 10,-44.0,-41.0,d1d3,quiet,28,0.004253,3.0,0
4b2k/4qpp1/4p2p/1pNpP3/3P4/5R1P/3Q1PPK/r7 b - - 23 37,99.0,76.0,a1a8,quiet,19,0.031077,23.0,0
8/pppk1K2/3p1Q2/2nP1R2/2P5/B3q2P/P7/8 w - - 15 36,644.0,1202.0,a3c5,capture,15,0.022971,558.0,0
8/3k4/4p2P/1K1p4/3P1P2/8/8/8 b - - 0 58,-346.0,-1136.0,e6e5,quiet,7,0.118630,790.0,0
2k5/1p4n1/8/P1p1P3/1n6/1P1P1r2/1KP1N3/7R w - - 2 37,92.0,120.0,h1h8,quiet,14,0.036751,28.0,0
R7/7r/7P/4p3/6p1/3K2P1/p7/2k5 b - - 13 59,346.0,346.0,c1b2,quiet,9,0.000000,0.0,0
r1k2bnr/1pp2Npp/8/1P3b2/P2n4/1P6/3PBPPP/2qQ1RK1 w - - 0 12,-292.0,-369.0,e2c4,quiet,24,0.050205,77.0,0
8/2r2p2/4pk2/2r5/8/P7/4RP2/K2R4 b - - 0 38,268.0,193.0,c5c4,quiet,10,0.071547,75.0,0
r1bq1rk1/pppnbppp/2n5/4p3/2NpPP2/PP1P2PP/2P1N3/R1BQKB1R b KQ - 0 9,30.0,125.0,e5f4,capture,32,0.129443,95.0,0
r2qk2r/1b2bp1p/p4n2/1p1pNPp1/2BP4/4P2Q/2PBN2P/R3K2R b kq - 0 18,-80.0,141.0,d5c4,capture,26,0.305600,221.0,0
8/2k5/6b1/6P1/P2p4/8/2BK4/8 b - - 3 48,-43.0,-280.0,g6c2,capture,7,0.272095,237.0,0
r3k2r/2pqbp2/2N1pn1p/p7/Pp1P4/6P1/1PP2P1P/R1BQR1K1 w kq - 1 16,114.0,162.0,c6e7,capture,25,0.059177,48.0,0
8/5pk1/6p1/R6p/7P/6P1/3r1pK1/8 b - - 17 51,361.0,330.0,g7f6,quiet,10,0.018905,31.0,0
3r2k1/6p1/p1p1p2r/1pbn1q2/3P1P2/8/PP1B1RQP/4R2K w - - 0 24,-287.0,-42.0,d4c5,capture,21,0.279025,245.0,0
4k3/8/2p1p3/2P1P3/8/8/3K2p1/r2B2B1 w - - 6 51,-89.0,-163.0,d2e2,quiet,10,0.093405,74.0,0
1rbqk1nr/pp3pbp/2np4/1NpNp3/3P4/2P1PQP1/PP4BP/R1B1K2R w KQk - 4 10,55.0,181.0,d4c5,capture,30,0.160724,126.0,0
4k3/8/8/4PP2/4r2B/7K/8/8 b - - 0 45,-100.0,33.0,e4e5,capture,6,0.187414,133.0,0
3r4/5k1p/p4pp1/3P4/P3RP2/7P/5KP1/8 w - - 5 34,123.0,182.0,e4d4,quiet,13,0.070359,59.0,0
r1b2rk1/1pq1bppp/2n4n/1B1Q4/p6P/2P1N3/PP3PP1/R1B1K1NR w KQ - 1 10,-102.0,-20.0,d5e4,quiet,27,0.113963,82.0,0
r5r1/p1q1nk1p/1p2bp1P/2pp2pN/Pb3P2/2NQP3/1PP3P1/2KR1B1R b - - 2 17,-55.0,-79.0,g8g6,quiet,28,0.033274,24.0,0
8/1k6/8/3R4/PK1B2p1/8/2q5/8 w - - 0 51,-89.0,-135.0,d5b5,quiet,7,0.059708,46.0,0
1r2k2r/R1p1bppp/3p1q2/3b4/1nP1P3/4Q1P1/1P3P1P/2BK1B1R w k - 0 17,71.0,21.0,c4d5,capture,24,0.070594,50.0,0
8/pp1r1k2/5p2/7p/7n/P3r1N1/1P6/R4R1K w - - 0 23,-396.0,-244.0,g3h5,capture,14,0.104261,152.0,0
2b5/8/2k2p1R/5r1p/p3KP2/B5P1/8/8 b - - 0 41,97.0,81.0,c8e6,quiet,11,0.021576,16.0,0
2r1k2r/p2pbppp/np2p3/2qnP3/3NNP1P/6P1/PPP3K1/R1BQ1R2 b k - 2 10,-33.0,-85.0,c5c4,quiet,28,0.072593,52.0,0
1r3rk1/2q3b1/R1n1b2p/2p1pp1N/Q1p1p1pP/2B1P3/1P2B1P1/3R2K1 b - - 5 22,216.0,31.0,b8c8,quiet,25,0.231660,185.0,0
r3k2r/1b3pp1/1Np1p1q1/pPPpPn2/8/b3BBPp/4QP1P/1R3RK1 b kq - 1 16,-127.0,-35.0,a8b8,quiet,27,0.124841,92.0,0
r3kr2/1p2q3/4bpP1/p2pp2Q/P2B4/2P2R2/2P3PP/4R2K b - - 0 29,-230.0,-163.0,e8d7,quiet,21,0.071087,67.0,0
r2q1rk1/p3ppbp/1p4pn/8/1B1pb3/1P2PN1P/P1PP1PP1/1R1QKB1R b K - 0 9,220.0,110.0,d4e3,capture,29,0.126912,110.0,0
rnb1k2r/1pq3pp/2P2n2/p7/P2Pp3/1Pb1P3/3B2PP/R2QKBNR w kq - 0 10,-140.0,-42.0,d2c3,capture,27,0.131086,98.0,0
2r3k1/2r2pp1/3q1n1p/pP1p1Q2/PbnP4/2N3PP/5KB1/B1RR4 b - - 0 30,273.0,156.0,c4b6,quiet,24,0.117459,117.0,0
r2qk2r/pp3p2/2pbpnp1/3p1n2/P2P1P2/1PP1P3/R2NQ2P/1KB2BR1 w q - 1 18,-212.0,-83.0,d2f3,quiet,28,0.154904,129.0,0
1B6/5kp1/pp2b2p/8/1P5P/P4r2/1K2R3/8 b - - 0 34,186.0,287.0,f3b3,quiet,13,0.094445,101.0,0
2rr2k1/1b3pp1/p2p4/R1n1p2p/2Np4/QP1P2P1/2P1P2P/5K2 w - - 0 25,-61.0,13.0,f1e1,quiet,22,0.105595,74.0,0
r2q1k2/3p2bp/p5pn/8/R1Pp4/1P1N4/4BPPP/4K2R w - - 1 19,-129.0,-264.0,e2f3,quiet,20,0.142935,135.0,0
8/7k/1BP5/8/8/2P2R2/5K2/3r1N1r w - - 1 44,478.0,547.0,f1e3,quiet,9,0.018858,69.0,0
r7/3k4/pp4p1/2p2p2/4p1n1/PPN1P1P1/1BPP4/2K4R b - - 1 23,-318.0,-291.0,d7e6,quiet,19,0.019569,27.0,0
r2q3k/1p5p/p1p5/2PbRp2/3P1Q1p/8/2r2RP1/6K1 b - - 2 27,377.0,457.0,c2f2,capture,18,0.035272,80.0,0
rn2kr2/pp2p2b/2p2p1B/3q3P/2NP2pP/4p3/PPP2P2/R2QKBR1 b Qq - 1 11,-231.0,-225.0,e3f2,capture,27,0.005771,6.0,0
r2k3r/1np1bqpb/1p1p4/pP1P1P1p/2P1N1PP/P1BBP3/2Q5/2KR3R b - - 0 23,-375.0,-333.0,h5g4,capture,28,0.024684,42.0,0
r6r/p1pnk1p1/5p1p/4p3/P3N1P1/2P1B3/2K2P2/3R3R b - - 3 19,-332.0,-313.0,h8c8,quiet,19,0.012783,19.0,0
4r1k1/p2b2p1/7q/p1p2p1P/2Np2P1/P2P4/1PP2Q2/5K1R b - - 2 24,210.0,662.0,h6c1,quiet,20,0.208252,452.0,0
5rk1/1bq1b1pp/1p2p3/rB1p4/p3pPN1/P1P3P1/1P2Q2P/1K1R3R b - - 15 22,137.0,206.0,c7c5,quiet,25,0.078456,69.0,0
rnb1kb2/pp3p2/1q1pp3/2p3p1/2PP4/2N3P1/PP2PP2/R2QK1NB w Qq - 1 9,36.0,51.0,d4c5,capture,26,0.021249,15.0,0
5k2/p7/4b3/2R3p1/P1N5/1P6/1KP3r1/8 w - - 1 33,124.0,194.0,c5c7,quiet,11,0.082145,70.0,0
r4rk1/pp2q1pp/2bB1nn1/8/4P3/P1Q2P2/1P5P/2KR1BNR b - - 2 15,59.0,-92.0,f6e4,capture,23,0.213490,151.0,0
r3kb2/pppb1p2/2n1p2p/1BP4p/Q4N2/8/PP3qPP/2KR3R b q - 3 10,57.0,92.0,f8c5,capture,24,0.048087,35.0,0
8/5B2/R7/6P1/2p5/pr6/1k3P2/6K1 b - - 0 44,-23.0,-69.0,c4c3,quiet,9,0.064962,46.0,0
r1bqk3/ppp3bQ/2n5/4p1p1/3P4/2N1PP2/PP4P1/R1B1K1N1 b Qq - 0 12,-96.0,-122.0,d8f6,quiet,23,0.033952,26.0,0
8/5k2/1pq1pp2/5n2/P7/6pP/4Q1P1/4R2K w - - 38 65,16.0,21.0,e2h5,quiet,13,0.007175,5.0,0
1k6/6pr/ppn5/6Bp/2Nb4/PP6/6PP/3R3K b - - 7 29,-12.0,-63.0,h5h4,quiet,16,0.072421,51.0,0
r3k2r/p1pp1pp1/1b3q1n/4n3/3NP1p1/P1P5/1P2NP1P/R1BQ1K1R w kq - 1 10,-142.0,-141.0,a3a4,quiet,26,0.001225,1.0,0
r3kb1r/ppp1n1pp/1n2bp2/1P2p3/P3N1P1/2P2N2/5P1P/R1BK1BR1 b kq - 0 9,117.0,198.0,e6b3,quiet,27,0.095351,81.0,0
r2r2k1/pp2q1p1/3bn3/4pP1p/2B2PnP/2N3P1/PP1R4/R1BQK3 b Q - 0 14,-36.0,-129.0,e5f4,capture,25,0.125937,93.0,0
8/3k4/p3p1p1/1p3nP1/n1pPR3/P1P5/1P3P2/2B2K2 w - - 0 31,304.0,370.0,f1e2,quiet,17,0.041826,66.0,0
1k2r3/1pr2q1p/p2Qp2R/3p4/3P4/P1P4P/1P4P1/6K1 w - - 3 35,-248.0,-251.0,d6e5,quiet,18,0.002680,3.0,0
Bn1r2k1/5p2/1p5p/2b5/2N5/4P2P/P1P2KP1/R6R b - - 0 19,-350.0,-516.0,b6b5,quiet,17,0.068878,166.0,0
1k1b3r/4r3/R4p2/1p2p2p/3p2pP/1P4P1/PB3PB1/5K2 w - - 1 33,-168.0,-44.0,b2a3,quiet,19,0.161554,124.0,0
4k2r/q2n1pp1/3bp3/8/3P3p/2NNKP2/1P4PP/3Q3R b - - 0 18,-78.0,-105.0,e6e5,quiet,19,0.036266,27.0,0
2r3rk/3b3p/R4n1p/2p2p2/2nP4/2N3P1/P1P2PB1/4R1K1 b - - 0 22,311.0,190.0,c5d4,capture,20,0.107876,121.0,0
2r3k1/4Q1p1/2p4p/8/p1p5/P2q4/1P5P/K3R3 b - - 1 36,273.0,99.0,d3f5,quiet,14,0.189262,174.0,0
rn1qr1k1/1ppb1p1p/3p2pb/p4p2/2PP1N2/1PNBn3/P5PP/R1BQ1RK1 w - - 0 9,-213.0,-170.0,c1e3,capture,30,0.046310,43.0,0
r2q1rbk/pp2n1pp/2nb1p2/3P4/3P4/1NN2B2/PB4PP/R2Q1RK1 b - - 0 15,22.0,-55.0,c6b4,quiet,26,0.110115,77.0,0
4R3/1R4pk/3b4/3p4/3P3P/7r/8/6K1 w - - 0 32,160.0,232.0,e8d8,quiet,10,0.076496,72.0,0
r3k3/3n1pr1/pp2p3/3p3p/1R2PP1q/N2B1Qn1/P2P2P1/4R1K1 b q - 0 14,90.0,171.0,a6a5,quiet,23,0.101272,81.0,0
8/8/8/7K/p6P/1k6/1P6/8 b - - 0 40,119.0,439.0,b3b2,capture,5,0.261161,320.0,0
8/3k3p/5R2/8/8/8/3K1N1r/8 b - - 10 60,-176.0,-206.0,d7e7,quiet,6,0.032361,30.0,0
8/B2R4/5pp1/p1p5/P1n1kPP1/2r5/4KP2/8 w - - 2 34,-72.0,0.0,a7c5,capture,14,0.102158,72.0,0
r2q1rk1/pppnppbp/6p1/6B1/1n2PN2/7P/1P1N1QP1/3R1RK1 w - - 1 15,-231.0,-206.0,d2c4,quiet,25,0.024803,25.0,0
1r6/R7/4b3/2p1kp2/2P1P3/1P1R1PPp/7P/6K1 w - - 0 35,638.0,643.0,e4f5,capture,15,0.000686,5.0,0
r3kb1r/1ppbqppp/2n5/p2p4/P2PnPPP/4R3/1PP1B3/1NBQK1NR w Kkq - 1 9,-80.0,-76.0,b1c3,quiet,30,0.005476,4.0,0
2krr3/pppnpp1p/1b2b1p1/8/P3P3/1P2NP2/1BP1BKPP/1R1R4 w - - 5 15,8.0,59.0,f3f4,quiet,26,0.072590,51.0,0
2r5/3p1k2/p2Qpn2/5p2/2P5/2N3rq/PP2B1b1/3RK1R1 w - - 0 28,4.0,-12.0,e2h5,quiet,19,0.023019,16.0,0
5r2/6pk/p6p/7q/8/Pp6/1P6/K3R3 b - - 3 37,930.0,1379.0,g7g5,quiet,11,0.004352,449.0,0
2r3k1/7p/1P5b/p3p3/3p3P/3PnPPR/1R2KNr1/1N6 b - - 0 29,208.0,207.0,g2f2,capture,19,0.001027,1.0,0
r7/1p1rb2p/4k1p1/1pP5/1P2p1KP/pR2B1P1/P4P2/2R5 b - - 1 32,-72.0,31.0,d7d3,quiet,20,0.146653,103.0,0
rn3rk1/2p1bpp1/p3b3/1p5n/1P2P2p/P1NB1N1P/2P3P1/1RBKR3 w - - 0 12,-251.0,-23.0,c3d5,quiet,26,0.276157,228.0,0
r5k1/2pb1ppp/3b2r1/P7/3B4/P3PP2/3P1KPP/R6R w - - 1 22,-61.0,5.0,d4c3,quiet,20,0.094090,66.0,0
r3r1k1/5ppp/P3qn2/R1p5/3P4/1PP2NbP/1K4P1/1N1Q1R2 w - - 0 24,-5.0,55.0,d4c5,capture,22,0.085692,60.0,0
1k1r2r1/pbppbpp1/1p2p3/3Pq3/2P1P3/P1NQ4/1PK1B1P1/R6R w - - 4 14,-86.0,-87.0,g2g3,quiet,25,0.001353,1.0,0
6r1/2R3pk/P3b2p/2p1N3/7P/6R1/r7/5K2 b - - 3 38,56.0,172.0,a2a6,capture,13,0.149210,116.0,0
3r2k1/8/7P/8/pR6/Pb2B3/1K6/8 w - - 23 61,337.0,289.0,b4g4,quiet,9,0.033621,48.0,0
r1bqk2r/pp3pp1/1p2p3/3pP2p/1P1Pn3/2PQ3N/1B3PPP/RN3RK1 w - - 0 13,252.0,315.0,c3c4,quiet,28,0.049663,63.0,0
r6r/pp2k2q/2npPb1p/2pQ4/2P2B2/6RB/PP5P/5RK1 b - - 6 22,-311.0,-264.0,f6d4,quiet,22,0.036464,47.0,0
3r1rk1/2p4p/p4q2/1pQbnp2/5P2/5N1P/P3R1P1/4R1K1 w - - 0 29,-93.0,32.0,f4e5,capture,20,0.176652,125.0,0
r2q1b1r/1p2kB1p/pp1p4/4p1N1/5nQ1/2P5/P5PP/R3K1R1 w Q - 6 18,-8.0,-16.0,g2g3,quiet,22,0.011499,8.0,0
8/7p/8/8/1N1Pk3/7P/6b1/3K4 w - - 1 44,-14.0,-84.0,d4d5,quiet,7,0.098447,70.0,0
6k1/6p1/1p5p/p2pNQ1P/P2P4/1P3PP1/6K1/2q1b3 w - - 10 43,382.0,332.0,f5f7,quiet,17,0.029009,50.0,0
8/8/8/4Bp2/8/5kP1/1r6/7K b - - 15 80,340.0,386.0,b2d2,quiet,6,0.025978,46.0,0
2R5/3p2pk/p3p3/1r2Np2/n4P1P/3Pn2P/P5BK/8 w - - 0 28,-2.0,-30.0,e5c4,quiet,18,0.040188,28.0,0
7k/2R5/3NB3/5p2/K1pb4/PP2n3/7r/8 b - - 1 38,-22.0,-35.0,c4b3,capture,12,0.018581,13.0,0
r3k1r1/pRp2p1p/4p1q1/8/3P3P/P1P2Qn1/P5PR/4K1N1 b q - 0 16,36.0,-7.0,e8d8,quiet,21,0.061696,43.0,0
r1b2rk1/ppb1n1pp/3P4/2p5/4q3/2P1N1PP/PP2Q3/R1B1KBR1 b Q - 0 14,95.0,90.0,c7d6,capture,25,0.006709,5.0,0
2kr4/Q7/8/1pKn1p1p/3B3P/2n2q2/P4P2/R2R4 b - - 2 29,-58.0,-10.0,c3d1,capture,16,0.068315,48.0,0
1k1r3r/1p1qn1b1/p1npb3/2p1p3/2P3p1/PPNPP1N1/1BQ1B2P/1K3R1R b - - 1 22,39.0,110.0,h8h3,quiet,28,0.097326,71.0,0
r2q1r2/p3ppk1/p5p1/2p3Q1/3P4/1P6/P1N4P/1K1n3R w - - 0 20,-274.0,-230.0,h1d1,capture,19,0.038973,44.0,0
6k1/pb3p2/1p3b1R/2p2P2/P4P2/2PrB1K1/1P6/R7 b - - 0 28,-74.0,258.0,d3e3,capture,17,0.420265,332.0,0
3r2k1/p4qp1/2Q2n1p/2P2p1P/5n2/P4N2/5PP1/R3R1K1 w - - 1 28,265.0,282.0,g2g3,quiet,19,0.013911,17.0,0
7R/Nn2pk2/p4p2/2r2b2/8/2N5/PPP5/2K5 b - - 3 30,155.0,239.0,b7d6,quiet,14,0.088960,84.0,0
1rb1k1r1/p3q3/2p2n2/p3p2p/2P1P3/1nN1QN1P/1P2B1P1/3RKR2 w - - 4 17,53.0,65.0,e3h6,quiet,24,0.016779,12.0,0
r2q2k1/3pbp2/2p2pp1/3n3p/1p1P3P/1Q3NP1/P2B1P2/R3R1K1 w - - 2 18,197.0,201.0,e1e4,quiet,23,0.004215,4.0,0
r2q1rk1/ppp3np/4b1p1/4p3/P1Pn2Pb/1P3N1N/1B2BP2/R2QK2R w KQ - 2 13,-130.0,-50.0,f3d4,capture,27,0.107354,80.0,0
5r2/7R/3Q2p1/3B1k1p/3qr2P/6P1/5P2/6K1 b - - 3 35,-82.0,-225.0,e4e8,quiet,13,0.169163,143.0,0
4n3/8/1p2k3/pP1p1p2/3PpPp1/N3P1P1/8/K7 w - - 19 67,-161.0,-340.0,a3b1,quiet,15,0.159806,179.0,0
1r1q1rk1/1b1n1pp1/p6p/1pp1P3/3p1PB1/P2P4/2QN2PP/R4RK1 b - - 2 14,54.0,34.0,f8e8,quiet,25,0.028318,20.0,0
rnbqr1k1/5pp1/1p3n1p/p2p4/Pb1P3P/2NQ1P2/1PP1N1P1/R1B1KB1R w Q - 0 10,-106.0,-104.0,e1d1,quiet,29,0.002631,2.0,0
2kr1b2/pppb3q/3npn2/3p1p1P/3P4/BPN1PQ2/P1P2P2/R2K3R b - - 0 15,119.0,234.0,d6e4,quiet,26,0.128783,115.0,0
r5kr/pp2p1b1/5nBp/3p2p1/3P4/P1N1Pb1q/1PQB1P2/2R1K1R1 b - - 1 20,102.0,60.0,a8f8,quiet,25,0.057214,42.0,0
5rk1/2pq2b1/1p1p1p2/1p3NBp/r1bPP3/1n3N1P/1Q3RP1/3RK3 w - - 0 21,-426.0,-310.0,g5f4,quiet,24,0.064474,116.0,0
r1bq2k1/5pp1/8/p2pr2p/P1p2PPb/2P1P3/2B1N3/RN3K1R w - - 0 18,-537.0,-274.0,f4e5,capture,23,0.127711,263.0,0
1k6/3r4/1p2B3/4n3/3Q1N2/P1K1P3/P6q/8 w - - 9 29,225.0,571.0,e6d7,capture,12,0.178951,346.0,0
8/5kp1/8/R7/1r6/5P1P/6P1/6K1 b - - 0 38,-191.0,-221.0,f7g8,quiet,8,0.030952,30.0,0
6r1/2Nnk1b1/2p1pp1p/4P2P/q2P3Q/1pp4B/P4P2/R3K3 w Q - 0 23,92.0,-76.0,h4g4,quiet,21,0.237050,168.0,0
r2q3r/p3k1pp/2Qbp3/8/1P1PP1n1/P4N2/6PP/R1B1K2R b KQ - 0 16,-197.0,-239.0,a8c8,quiet,22,0.041734,42.0,0
7r/1N3p2/p3k2p/2Pp4/3Pn3/1P2K1P1/n6P/5R2 w - - 0 29,-240.0,-263.0,f1f4,quiet,16,0.020406,23.0,0
7r/6N1/p4k2/3p1p2/2nPP3/6Rp/4K2N/8 b - - 2 33,290.0,306.0,d5e4,capture,13,0.011902,16.0,0
1r1qk2r/p1p1bp1p/8/3p1bp1/4N3/2PB4/P1Q2PPP/R1B2RK1 b k - 0 13,-63.0,-62.0,d5e4,capture,24,0.001394,1.0,0
5rk1/2q4p/2pbbp2/8/3Pp3/4N1P1/4P1BP/3Q1RK1 w - - 0 22,-12.0,78.0,g2e4,capture,18,0.127665,90.0,0
R1Q2b2/2p2rk1/2n3pp/2p5/5qP1/R6P/8/3K4 b - - 1 35,653.0,1680.0,f4f1,quiet,15,0.022714,1027.0,0
5Q2/p6k/8/2P2p2/8/P2q4/1K4p1/8 w - - 0 43,-275.0,-552.0,f8f7,quiet,9,0.130348,277.0,0
4k2r/1R1n4/2p1bP2/5np1/8/2q2NP1/5rBP/2BQ2K1 w k - 0 20,-125.0,36.0,g1f2,capture,18,0.224133,161.0,0
2r1kbr1/p1pnnp2/2b1p3/4B1pp/2BP2N1/P1N2P2/1P4PP/2KRR3 w - - 0 16,12.0,134.0,g4f6,quiet,26,0.166554,122.0,0
r3k2r/pbpp1p2/5np1/1P5p/1P1PP3/2N2Pq1/3KP3/R1BQ1B2 b kq - 0 12,124.0,150.0,h5h4,quiet,24,0.032144,26.0,0
1k6/1bp5/p2pRn2/1p6/7r/P5N1/1PP2P2/2K2B2 b - - 3 22,69.0,42.0,f6e4,quiet,16,0.037864,27.0,0
5rk1/5pp1/7p/qrp5/1nQp1b1P/1P3RP1/1B1P1N2/2K1R3 b - - 1 21,330.0,319.0,b4a2,quiet,21,0.007338,11.0,0
1k2rbr1/1bp1Bp2/ppq4p/5Q2/3P4/P1P2N2/1P1N1PPP/R3K2R w KQ - 3 14,103.0,157.0,e1g1,quiet,25,0.067689,54.0,0
3r3k/6p1/7p/5R2/5P1P/3p1BP1/7K/4r3 b - - 0 47,371.0,478.0,d3d2,quiet,12,0.045683,107.0,0
2rqk2r/pb1n1pp1/4pn2/1Bb4p/8/PP2P2N/1B1R1PPP/1N1QK1R1 b - - 2 10,-43.0,-71.0,d8b6,quiet,27,0.039210,28.0,0
8/R7/3n3p/1p6/p3k3/4P3/4K2P/8 w - - 6 49,-39.0,46.0,a7a6,quiet,9,0.121706,85.0,0
r4rk1/pp2b1pp/2ppbn2/4p3/2P1n3/N3BNPP/PP3PB1/R3R1K1 b - - 2 12,203.0,158.0,h7h5,quiet,27,0.049983,45.0,0
8/5p2/k3r3/p5p1/R1P3P1/5KP1/8/8 w - - 9 50,-107.0,-152.0,a4a1,quiet,10,0.056486,45.0,0
r1bq1rk1/pp2nppp/2nb3P/PB1p4/1P1Pp3/2P5/5PP1/RNBQK1NR b KQ - 0 9,21.0,38.0,e7f5,quiet,30,0.024285,17.0,0
2bk4/4n3/pp1N4/2p5/5nB1/2P5/PP2R3/2K5 w - - 3 42,318.0,302.0,e2e7,capture,14,0.011338,16.0,0
r1b1k2r/pp2n1p1/1q3p2/2bBp2P/2P5/P4N1P/1P2QP2/R1B1K2R w KQkq - 3 12,-15.0,46.0,h5h6,quiet,25,0.087389,61.0,0
8/8/2R3P1/1k1B4/p3P3/4K3/7r/6r1 w - - 1 47,-14.0,-153.0,c6e6,quiet,9,0.186839,139.0,0
2k5/7p/1p1n4/p2p4/P1rP2P1/2p2PKP/P7/2RR4 b - - 2 28,-22.0,-140.0,c8b7,quiet,17,0.159618,118.0,0
2kr4/1p1qn3/3b1R2/1P2n1p1/3pQ2r/3P4/P1NBN1K1/R7 w - - 0 22,-104.0,-342.0,f6d6,capture,20,0.232120,238.0,0
r3kb1r/8/p2qpp1p/3p4/7P/PP2Q3/3N2P1/R4RK1 w kq - 0 16,25.0,127.0,f1f6,capture,19,0.139124,102.0,0
6r1/8/3R4/kp3P2/4PK1n/P6P/5R2/6r1 b - - 10 53,1.0,-76.0,a5a4,quiet,12,0.109100,77.0,0
r4rk1/pp4pp/3b4/4np2/1P1p4/3P3P/N1P2PP1/R1B1RK2 w - - 0 17,-134.0,-62.0,c1b2,quiet,22,0.095526,72.0,0
r2kbb1r/1pp1n1p1/p6p/4n3/PPBP1p2/NQP5/5PPP/q1B2RK1 w - - 0 16,-112.0,116.0,d4e5,capture,27,0.316820,228.0,0
r2k3r/1ppnn3/p2b1p1p/4p2q/4P2P/P1BP1N1B/1PK2Q2/R5R1 w - - 0 21,-50.0,120.0,h3g4,quiet,25,0.237603,170.0,0
2kr4/pp2n3/2nq4/3bpp2/3p3Q/P2P3P/1PP1NN2/1K4R1 b - - 2 23,364.0,380.0,d5f3,quiet,21,0.008667,16.0,0
R7/2r3kp/2P3p1/P3p3/8/r6P/2R4K/8 b - - 0 48,-90.0,-43.0,g7f6,quiet,12,0.065131,47.0,0
5r2/1bp2rkp/p1n3p1/1pP1p3/4B2P/2P1RP2/P2N1K2/4R3 b - - 3 23,35.0,73.0,f8d8,quiet,21,0.053337,38.0,0
2R5/6b1/2p5/1k6/4NP2/p4K2/r7/8 w - - 7 45,-272.0,-250.0,f4f5,quiet,9,0.018860,22.0,0
2r1kbn1/pp3p2/1q2p1p1/n2pP3/2rP4/P1N1BBPb/1P1QNP1P/3RR1K1 b - - 6 15,-275.0,-80.0,a5b3,quiet,29,0.216496,195.0,0
1kb5/4r3/1ppp1np1/p3p1N1/P1P1Pn2/2NP4/1PK2P2/3B3R w - - 0 33,4.0,9.0,h1h8,quiet,22,0.007193,5.0,0
1k1r4/1pp2pp1/2n5/2q5/2Pp4/1R1P1B2/1K3P2/4Q3 w - - 9 34,-280.0,-192.0,b3b5,quiet,16,0.082422,88.0,0
8/1k1r4/8/p2q4/Pp1P4/1P2p3/2P1Q3/1KR5 b - - 1 48,34.0,-32.0,d7e7,quiet,13,0.094696,66.0,0
3r2k1/r5p1/p2p2B1/1p4PR/2b1N3/P3nN2/1PP3P1/2KR1n2 w - - 2 22,365.0,293.0,d1d6,capture,21,0.047229,72.0,0
1rb2b1r/p2kpn1p/1p3p2/3N2pP/P2P4/q2B4/2PQNPP1/1R2K2R b K - 1 16,-220.0,-130.0,d7d8,quiet,26,0.101313,90.0,0
4r3/1k4pp/1pR5/p7/7P/Pr1N2B1/8/R4K2 w - - 1 27,217.0,288.0,c6c7,quiet,14,0.062798,71.0,0
r2r2k1/2pn4/p3bppB/np2p3/4PPP1/2P4N/P1K5/R4B1R b - - 0 17,-6.0,157.0,a5c4,quiet,23,0.220356,163.0,0
4r1k1/pp4p1/2n3B1/7r/4p3/1P6/PBP5/3RK3 w - - 0 24,-247.0,249.0,g6h5,capture,15,0.613052,496.0,0
r3k2r/p1pnpb1p/1q3np1/1B3p2/QN6/2P1P3/P4PPP/R1B1K2R b KQkq - 6 11,-57.0,21.0,c7c5,quiet,26,0.111486,78.0,0
8/1k1r4/2p5/2R5/1P3K2/2P5/8/8 w - - 35 55,174.0,152.0,f4e4,quiet,7,0.025596,22.0,0
r4bn1/pp1k2p1/8/np3bNr/2PPPB1P/P7/8/R3KB1R w KQ - 0 19,33.0,87.0,e4f5,capture,22,0.075302,54.0,0
1n3k1r/rp4p1/1Np1b2p/p2p4/P2Pp3/P1N1P3/2P3PP/4KBR1 w - - 0 14,34.0,-94.0,g2g4,quiet,24,0.180844,128.0,0
r2kq1nr/pppb4/2n1p2p/3pb3/P2P1B2/2P3P1/1P5P/RN1QKB1R w - - 0 13,-49.0,60.0,d4e5,capture,27,0.155552,109.0,0
4kb2/3b3p/2p1p3/p2p4/r4P2/B5P1/K1P1Q3/3R4 w - - 0 27,313.0,408.0,e2h5,quiet,16,0.054461,95.0,0
8/8/k7/2P5/1P5p/3p1Kp1/8/4B3 b - - 7 81,-193.0,-109.0,a6b5,quiet,8,0.100403,84.0,0
1r3b1k/2r2pp1/4p2p/2p1P2P/q2pQ3/3RP1PK/5P2/2BR4 b - - 0 36,20.0,-3.0,a4a8,quiet,21,0.033068,23.0,0
8/k7/2p4P/p5B1/2n5/2P2B2/4K1pb/8 w - - 0 43,97.0,261.0,f3g2,capture,11,0.181861,164.0,0
r4rk1/pp1b1pbp/4p1p1/3pP1P1/P4B2/2N5/1P5P/R3KB2 b - - 4 20,306.0,319.0,d5d4,quiet,22,0.009117,13.0,0
2rq1rk1/3nbpp1/p2p1n1p/1p1Pp3/2P3bP/2N1PN2/PBQ1BPP1/R4RK1 b - - 1 11,41.0,126.0,b5c4,capture,30,0.115045,85.0,0
4R3/5pkp/2B2p2/2P5/7P/5PPK/2r5/8 b - - 4 34,-425.0,-446.0,c2c5,capture,12,0.008428,21.0,0
r4rk1/1p4p1/2pbp2p/3p3P/p2N4/2B1q1n1/1PP4Q/1K4R1 w - - 0 27,-842.0,-833.0,g1e1,quiet,21,0.000411,9.0,0
3q1rk1/2pb1pp1/3b1n1p/1B2p3/1n2P2P/2N1BP2/1PP1N3/3QK2R w K - 3 13,10.0,-38.0,b5d7,capture,24,0.068857,48.0,0
5rk1/2p3b1/7p/3b1p2/3P1B1q/4Q3/1P2B1P1/5RK1 b - - 3 24,69.0,-5.0,g8h7,quiet,16,0.105209,74.0,0
4r2r/1ppk2pp/p2bpp2/8/1P2R3/2BP2P1/1P5P/1K2R3 w - - 4 22,-71.0,-129.0,e4g4,quiet,20,0.076782,58.0,0
3R1B2/p7/1pp4p/2PbQ3/6k1/6P1/1PK5/q7 w - - 3 41,645.0,730.0,c5b6,capture,14,0.009083,85.0,0
r7/2p3R1/P7/2p5/k2p1P2/3Pr3/P2KP3/1R6 b - - 4 43,-288.0,-320.0,a8a6,capture,14,0.023242,32.0,0
3rk3/p4p2/p7/2q1P2r/P2NQ2b/2P1nP2/3KN3/R7 w - - 0 21,-321.0,-308.0,e4e3,capture,18,0.009042,13.0,0
4Rn2/1pp5/3k3K/8/8/5P2/8/4r3 w - - 0 67,-512.0,47.0,e8e1,capture,8,0.517365,559.0,0
r1b1kbnr/1pp1q3/p4p2/3pP2p/Pn1N1p2/2P2N2/1P1Q2PP/R1B1KB1R b Kkq - 0 9,-82.0,4.0,f6e5,capture,29,0.121620,86.0,0
8/5k2/2r1p3/2bp1pQ1/8/1P3PPp/3B3P/1q1BKR2 w - - 0 30,160.0,284.0,g5h5,quiet,17,0.121578,124.0,0
4r1k1/pp3pbp/q5p1/3p4/P3n2P/2PbB1P1/5PB1/R2QK2R w - - 4 21,-147.0,-518.0,a1a3,quiet,23,0.251978,371.0,0
r1bqkb1Q/p1p5/4p1p1/8/Np2p3/5n2/PPP2PKP/R1B2R2 b q - 3 12,244.0,104.0,c8a6,quiet,23,0.157557,140.0,0
2R5/2p1Rppr/p7/pk5p/r7/4B2P/2b3P1/6K1 w - - 2 28,-407.0,-202.0,e7c7,capture,16,0.150525,205.0,0
1n2k3/5r1p/4P1pQ/1p1p4/3PbR1P/4qNK1/8/8 b - - 0 32,462.0,783.0,f7f5,quiet,16,0.054499,321.0,0
2k5/pppnn3/5p2/3p4/3P4/N3B2r/PPP1K3/5R2 b - - 7 21,112.0,147.0,c7c6,quiet,17,0.043949,35.0,0
r4rk1/1b1pb1pp/pqn1pn2/1p3p2/5P2/3PPB2/PBP2NPP/RN1QR1K1 b - - 2 10,-34.0,58.0,a8d8,quiet,30,0.131476,92.0,0
r3k2r/p3b1pp/2p5/5b2/P3p2P/2n1P3/3N1PP1/1RB1KB1R w K - 4 13,-105.0,-75.0,b1b7,quiet,22,0.040381,30.0,0
8/3kp3/p7/3nrP1R/P4R2/5K2/7P/8 b - - 0 41,-295.0,-91.0,e5e3,quiet,11,0.217249,204.0,0
8/5kp1/8/3p3p/2pN1Pb1/2P5/3K2Pr/6R1 b - - 1 31,208.0,295.0,g4h3,quiet,13,0.077242,87.0,0
8/8/8/8/K7/Pn6/1P5k/8 b - - 0 69,-34.0,-125.0,b3c5,quiet,5,0.123735,91.0,0
8/6pk/p1R2p1p/8/PP1pr2P/6K1/3Bb3/8 b - - 2 35,352.0,249.0,e2d3,quiet,14,0.076104,103.0,0
2kr1b1r/1bpqn1pp/p1np4/1p1N4/4QN2/1P6/PB3PPP/1K1R1B1R b - - 2 11,22.0,28.0,e7d5,capture,27,0.008590,6.0,0
r3k2r/2qnn2p/1pppBpp1/4p3/3PP3/1QP2N2/5PPP/2R2RK1 b kq - 1 15,-105.0,-95.0,c7b8,quiet,25,0.013261,10.0,0
r3kb1r/3n1ppp/4pn2/1P6/pp1PpB1P/8/1P1NNPP1/R3K2R w Qkq - 0 13,-149.0,-83.0,f4e5,quiet,25,0.084958,66.0,0
r2qk2r/1bp1b3/pp2p2p/1P1pP2P/P5P1/1nPP3R/3BQ1B1/RN2K3 w Qkq - 1 16,76.0,48.0,b5a6,capture,27,0.039020,28.0,0
7r/6RP/3nk1b1/8/2p5/8/8/5RK1 w - - 0 42,-34.0,281.0,g7g6,capture,9,0.383234,315.0,0
7k/2r3p1/4q2p/p2pPp1P/1b1P1P2/1Pr1BQ1P/P5RK/6R1 w - - 7 48,203.0,233.0,g2g6,quiet,22,0.029811,30.0,0
7r/2p2kpp/3bp3/1B6/3P4/1P2nP2/2n1NR1P/q1Q4K w - - 0 22,-185.0,-366.0,c1a1,capture,19,0.147934,181.0,0
8/8/3p2R1/2pP4/2r5/5k2/6p1/3K4 w - - 0 58,-701.0,-733.0,g6g8,quiet,8,0.002880,32.0,0
2kr1b1r/ppp1q1pp/1P3p2/3p4/1P1P3n/N4P2/PB2BP1P/R2Q1K1R b - - 0 11,-124.0,-54.0,a7b6,capture,27,0.094148,70.0,0
r5k1/p4pb1/1pr1p1p1/3q2Pp/3pR2P/P2P2B1/1PP2P2/1R1Q2K1 w - - 3 18,23.0,-28.0,g1g2,quiet,24,0.073260,51.0,0
r2q1k2/1p2bpp1/2npb3/pB6/8/P1N1QN2/1PP2P2/2KR4 w - - 0 19,72.0,137.0,c1b1,quiet,21,0.085380,65.0,0
rr6/3P3k/p5pp/2N2p2/P1N1p3/B1b5/5K1P/3R4 w - - 2 31,339.0,321.0,f2e3,quiet,17,0.011732,18.0,0
2bk2nr/3r1pbp/p1n1p1p1/1pP5/1P2PP2/P1p5/2P1N1PP/R1B1KB1R w KQ - 1 14,-162.0,-187.0,a1b1,quiet,28,0.028231,25.0,0
2r1rbk1/B2b1p2/2q3p1/7Q/P4N2/6P1/5P2/R2R2K1 w - - 0 24,109.0,2.0,h5b5,quiet,17,0.149034,107.0,0
1n2k2r/1bp1n2p/1p1p4/r3pp2/P1P1P1pq/2NP3P/1Q3PP1/R3KBNR w KQ - 0 12,8.0,0.0,g1e2,quiet,28,0.011511,8.0,0
r1bqkn2/1p2b1Qr/p3pp2/3p4/2PP3p/1P4P1/P2N1PB1/R1B1R1K1 w q - 1 15,280.0,105.0,g7g8,quiet,26,0.186994,175.0,0
5rk1/p3b2p/8/2pnB3/P4p2/5N2/1P2RPrP/2KR4 w - - 0 24,-82.0,292.0,d1d5,capture,18,0.458886,374.0,0
3r1rk1/p1q2pp1/1p1b4/4p2p/N1Ppn2P/1P1Q2PB/PB1P1P2/4RK2 w - - 0 18,-329.0,-26.0,d3e4,capture,26,0.331850,303.0,0
2r2rk1/1pp2ppp/pnb1pn2/8/1q1PPPP1/2N2N1P/2Q3B1/R4RK1 b - - 0 19,192.0,215.0,b4c4,quiet,26,0.023912,23.0,0
rn1q1rk1/6pp/3b1n2/pB1p1b2/R7/NQP2N2/1P3PPP/2B1K2R b K - 6 12,22.0,31.0,b8d7,quiet,25,0.012876,9.0,0
r4r2/p3n1pk/2q4p/BpP1pp2/4N3/3Q2P1/7K/2RR4 b - - 0 35,-38.0,252.0,f5e4,capture,19,0.364565,290.0,0
8/5p2/1q3N2/4n3/7k/8/1P3R2/6K1 w - - 10 57,-347.0,-567.0,g1g2,quiet,8,0.082636,220.0,0
2r3k1/1p3ppp/p7/8/1P6/b1P1P3/4NPPP/3R2K1 b - - 0 22,-148.0,-122.0,a3b2,quiet,17,0.032282,26.0,0
4r1k1/5pp1/rb6/1p1p3p/1P1N3P/1NPb4/p4KP1/R2B3R b - - 1 27,276.0,189.0,g7g6,quiet,21,0.082445,87.0,0
8/8/1P6/1rk5/8/K7/2B5/8 w - - 0 80,-93.0,-206.0,c2e4,quiet,5,0.135264,113.0,0
r1b1kb2/pp2p1pr/1npq1nN1/5p2/P1BPp3/6R1/1PP2P1P/1NBQK2R w Kq - 10 10,-107.0,-70.0,c4b3,quiet,29,0.049898,37.0,0
r4rk1/ppp3pp/1Nn2p2/4n3/4N1bP/2P5/PP2PPP1/R1BK1B1R b - - 0 11,-20.0,33.0,a7b6,capture,26,0.076099,53.0,0
rn3rk1/qp2bpp1/4pn2/2Pp3p/5B1P/P2PPPP1/3QN3/RN2K2R b KQ - 0 14,15.0,61.0,a7c5,capture,27,0.065322,46.0,0
8/6p1/8/4r2p/p6P/k2K4/8/6R1 b - - 1 47,391.0,361.0,a3b3,quiet,8,0.015963,30.0,0
2k4r/p1p1r3/2p2p1p/3b2pN/7n/1P1N3P/P4P2/R4KR1 b - - 5 26,232.0,334.0,d5f3,quiet,20,0.080686,102.0,0
r3k2r/pp1n1pp1/3bpn1p/q2p1b2/2P5/1PN2N2/PB2BPPP/2QR1RK1 w q - 0 12,-96.0,89.0,f3d4,quiet,29,0.260095,185.0,0
5rk1/3nbppp/b3p3/2Pp1n2/2q1P3/PNN3PP/1BP2PB1/3Q1RK1 b - - 0 17,-72.0,-106.0,d5e4,capture,26,0.045825,34.0,0
8/8/1P1R4/8/p1k5/r7/3K4/8 b - - 0 77,-38.0,105.0,a3b3,quiet,6,0.201138,143.0,0
1kb1r3/pp2q2r/2p3n1/7N/4Pp2/P1R4P/P3Q1P1/3B1RK1 b - - 1 25,-106.0,0.0,e7e5,quiet,21,0.147983,106.0,0
r3kb1r/1ppb1q2/2n2npp/p3p3/4N2P/2PPBP2/PP6/R2QKBNR b kq - 3 10,75.0,140.0,f6d5,quiet,28,0.084948,65.0,0
1r1q1r1k/1p3n1p/pNpb1p2/P2p1b2/1n1P4/2P3Pp/1P2RP1N/R1BQ1BK1 b - - 0 18,90.0,-18.0,b4d3,quiet,29,0.152580,108.0,0
8/1kb5/pr6/8/8/8/Q1K5/8 b - - 17 60,84.0,0.0,b6c6,quiet,6,0.118584,84.0,0
2r2q2/4k3/p2ppnQp/R7/1nP4r/2N2P2/1P2BP1P/4K1R1 w - - 6 25,188.0,156.0,a5a4,quiet,21,0.036373,32.0,0
4r1k1/1pB3p1/p6p/3P1q2/2Pr4/1P5P/P5B1/5RK1 w - - 0 23,-506.0,194.0,f1f5,capture,17,0.701860,700.0,0
8/1r4k1/R6p/6p1/5P2/6PK/8/8 w - - 3 46,114.0,105.0,h3g4,quiet,8,0.011746,9.0,0
2rq1rk1/1b1n1pbp/p3p1p1/1p6/3PBN2/1P4P1/PBP1QP1P/R4RK1 b - - 0 12,-56.0,18.0,b7e4,capture,27,0.105781,74.0,0
1R6/3rkp2/4p3/7R/1p6/1nBP4/4PP2/5K2 b - - 0 31,-581.0,-278.0,b4c3,capture,13,0.133865,303.0,0
1r3k2/2r2Pp1/R1pN2R1/4p2p/4K2P/3P1P2/8/2n5 w - - 0 32,403.0,314.0,g6e6,quiet,16,0.051445,89.0,0
r3kb1r/1p4R1/p1pp1n2/q1n1pB1b/4P2P/1P3N2/PBPNQP2/R3K3 w Qkq - 7 14,81.0,45.0,g7g2,quiet,27,0.050101,36.0,0
8/6pk/p7/1r1R1b2/2p2P1p/5N1P/6P1/6K1 w - - 0 41,-23.0,-109.0,d5b5,capture,13,0.118861,86.0,0
1r3r1k/q4ppb/4p2p/2bpP2P/p1p5/P1B1PBP1/R1P1QP1K/3R4 w - - 17 35,101.0,84.0,h2g2,quiet,26,0.022806,17.0,0
1k6/ppp3p1/1q6/3Pb2p/P5bP/4Q1P1/1PR3B1/4K2R b - - 0 23,-260.0,955.0,b6e3,capture,19,0.812998,1215.0,0
2kr2nr/ppp2qpp/5p2/4p3/3nP3/P2PB2P/P4P1P/R1Q1KB1R w KQ - 3 9,-34.0,-80.0,e3d4,capture,26,0.064362,46.0,0
r3r1k1/pp3pp1/4bn1p/2bnN3/5P2/2P1N1P1/PP2R1BP/R1B3K1 w - - 1 17,-111.0,-87.0,e5d3,quiet,25,0.031870,24.0,0
2rqrbk1/1b1n1pp1/p6p/4p3/1PNp3n/3P1N2/3B1PP1/R2QRBK1 w - - 0 17,-33.0,-123.0,f3h4,capture,26,0.122620,90.0,0
r1b3r1/2kn1ppp/2p3n1/8/1b1B3P/PPN2P2/5KP1/R4BNR b - - 0 15,-153.0,-16.0,a8a3,capture,23,0.183966,137.0,0
8/6k1/6pp/3P4/4RpP1/4p2K/3r4/8 b - - 1 47,354.0,533.0,g6g5,quiet,10,0.070854,179.0,0
8/1k6/p1p5/7p/KP3n2/P4B2/8/8 b - - 2 47,131.0,305.0,b7b6,quiet,9,0.172602,174.0,0
r2qk2r/4nppp/npp1p3/6P1/1b1PbN2/P1N5/1B5P/2RQKBR1 b kq - 0 11,191.0,145.0,b4c3,capture,26,0.052818,46.0,0
4r3/p5q1/kp1n3p/2pQ1p2/8/P6P/P3PP1K/2B2R2 b - - 4 22,165.0,156.0,g7d4,quiet,18,0.010538,9.0,0
2rq1rk1/Q2b1pp1/4p3/2p4p/1n3P2/3BPN1P/PP2K1P1/R1R5 w - - 1 15,-52.0,-11.0,c1c5,capture,23,0.058455,41.0,0
r1q1k2r/pp2npp1/2n1p3/2bp3p/5B1P/1QP2PP1/PP1N1P2/R3KB1R b KQq - 0 10,-22.0,19.0,e6e5,quiet,28,0.058934,41.0,0
2r1k2r/pq1p1pp1/3b4/1P2n3/P1p3p1/8/1P2PP1P/RN1QR1K1 w k - 0 17,-314.0,-13.0,d1d6,capture,23,0.340363,301.0,0
4k2r/2r1bpp1/1NP1p3/1P2PP1p/p3q3/P3B2P/3Q2P1/3R2K1 b - - 0 30,-310.0,-282.0,e4e5,capture,22,0.020999,28.0,0
3r4/4r1p1/1pkn1b1p/p1pp1p1P/P7/1P1BP1P1/5P2/2RRBK2 w - - 28 47,-142.0,-146.0,d3b1,quiet,23,0.004871,4.0,0
r1bqkb1r/1p2np2/4pn2/p7/3P1N1p/2P2P1B/PP2Q3/RNB1K2R w KQk - 3 12,-72.0,-23.0,e1d1,quiet,26,0.069107,49.0,0
8/5kp1/4n2p/5N2/4K1P1/8/8/8 w - - 2 62,-73.0,-169.0,e4e5,quiet,7,0.122149,96.0,0
r4bnr/1pp2kp1/p6p/3qpp2/1P2NP2/P2P3P/2P1Q2P/R1B2RK1 b - - 0 9,61.0,-44.0,f5e4,capture,26,0.149880,105.0,0
8/8/1p6/1p5R/2p3KP/P1r5/1k6/8 w - - 0 50,-346.0,-353.0,h5b5,capture,9,0.004193,7.0,0
2rq1rk1/pQ2ppbp/2np2p1/3N2Bn/2P3b1/P7/1P2PPB1/R3K1NR b KQ - 2 9,215.0,174.0,d8a5,quiet,27,0.043775,41.0,0
r2q1nk1/pbb3p1/2R1p3/1p3p2/3P1P1p/3N3P/PP4B1/3Q1RK1 w - - 1 19,140.0,13.0,d3c5,quiet,23,0.172536,127.0,0
r3k2q/3b4/3p1p2/p1pPpP2/2BnP3/1P2B3/P5Q1/2KR4 b - - 2 26,-193.0,-233.0,e8d8,quiet,20,0.040381,40.0,0
2k3r1/1q1r4/npp1pp2/3p1p2/P2PnB1p/1Q1N3P/1R4P1/2R3K1 w - - 2 22,-111.0,16.0,b3b6,capture,23,0.177530,127.0,0
5r2/5p2/k1q3pp/p3P3/P1p1pP2/2p1r2P/2Q2R2/3R2K1 w - - 0 38,-505.0,-75.0,d1d6,quiet,19,0.341904,430.0,0
r2qkbr1/pp5p/n1n1b3/1N1pN3/P5P1/8/1B1PP1B1/2RQK2R b q - 0 15,-92.0,-76.0,c6e5,capture,24,0.021727,16.0,0
r6r/p1q2k1p/p1pRn1p1/3p1p2/N4P1Q/BP1P4/2P3PP/6K1 w - - 3 17,27.0,-50.0,h4e1,quiet,23,0.110241,77.0,0
rn1q1rk1/p2p2pp/1p2p3/5p2/2B2P2/1PN1Q1PP/PB6/R3K2n w Q - 0 12,-174.0,4.0,e1c1,quiet,24,0.237134,178.0,0
r1bbk1nr/1qp5/p1np2pp/1p1NppN1/1P3P2/1BP5/P3Q1P1/R1B2K1R b kq - 0 12,35.0,159.0,e5e4,quiet,29,0.163880,124.0,0
2k1r2r/pbpq1p1p/1p1p2p1/3P3n/P7/2P2BP1/2P2P1P/R1BQR1K1 w - - 1 16,85.0,51.0,c1e3,quiet,26,0.047069,34.0,0
1kr1b3/p7/3b1B1p/5Rp1/1Pp2p2/8/P2P2PP/5R1K b - - 0 29,-35.0,-25.0,b8b7,quiet,18,0.014283,10.0,0
r4r1k/1p4bp/2p2qp1/3npb2/2N5/1PP2PP1/P3QBBP/R3K2R w KQ - 6 18,-114.0,6.0,e1g1,quiet,25,0.167048,120.0,0
3r3k/p1p2R1p/2n4q/4p3/2Q1N3/1PP5/P3N1PP/7K b - - 4 22,-274.0,-417.0,h6e3,quiet,18,0.088044,143.0,0
2kr2r1/1p2n2p/p1p5/1P2N2p/2P2p2/3p4/P2P2B1/R4RK1 w - - 2 22,-80.0,68.0,b5a6,capture,20,0.209766,148.0,0
3rn1k1/1R2pp1p/2Nq2p1/2p5/r1b2PP1/p1Q5/P3P1BP/5RK1 b - - 0 26,158.0,95.0,d8d7,quiet,23,0.079494,63.0,0
7b/4k3/8/r6P/5R2/8/2N1K3/8 w - - 3 56,118.0,64.0,h5h6,quiet,7,0.072499,54.0,0
r4b1r/5pp1/1nk2p2/p2p1N1p/5B1P/P1P5/1P3PP1/2KR3R b - - 3 18,18.0,-41.0,f8c5,quiet,22,0.084612,59.0,0
8/5k2/p4p2/1p1r3p/4KP2/P5R1/8/8 b - - 1 64,356.0,356.0,d5d1,quiet,10,0.000000,0.0,0
r3k1r1/pp3ppp/2n1b3/3p4/1P2n2q/P3QR2/1BP2PP1/2KR1BN1 w - - 2 14,57.0,95.0,f3f4,quiet,25,0.052106,38.0,0
4k2r/p2bq3/1p1p4/2pB4/2Pp1P2/P5R1/1P2N2p/1K2Q3 w k - 0 33,-56.0,-166.0,b1a2,quiet,19,0.142335,110.0,0
b7/6k1/3np3/7R/3PpPP1/8/5K2/8 w - - 1 47,0.0,-60.0,h5c5,quiet,10,0.085499,60.0,0
8/5k2/8/4P3/4b3/7P/5KP1/8 w - - 12 64,5.0,-88.0,g2g4,quiet,6,0.131197,93.0,0
1k1r1bnr/2pq1pp1/bp2p2p/3pP2P/Pp1P4/2P4R/3NNPP1/R1BQK3 w Q - 0 11,-61.0,2.0,a4a5,quiet,29,0.089773,63.0,0
r1b3k1/1p3Rb1/2pq3p/8/PpPpBN2/1Q2p1P1/1P2P3/1K6 w - - 2 27,92.0,461.0,c4c5,quiet,21,0.304852,369.0,0
1b1q4/3b1ppk/5n2/2Pp4/3Pp2p/1P2N1P1/3BBP1P/R5K1 w - - 0 28,-229.0,-236.0,d2a5,quiet,21,0.006633,7.0,0
2rr1bk1/p2b1pp1/7p/2PNp3/1P2B2P/6P1/5P2/R3R2K b - - 0 26,10.0,53.0,d7c6,quiet,20,0.061300,43.0,0
3rkr2/1b3n1p/1p2BQ2/pP1NpP2/1bq4P/3n4/PB1P1NP1/R4RK1 w - - 5 19,245.0,372.0,d5b4,capture,26,0.091044,127.0,0
rn2k2r/1pq1nppp/p3p1b1/P1pp4/1b1PPN1P/1PNQ1P2/2PB4/R3KB1R b KQkq - 0 10,16.0,134.0,b8c6,quiet,31,0.160807,118.0,0
6k1/4pp1p/n1B3p1/2pPP1P1/7P/prN5/8/R5K1 w - - 3 29,111.0,56.0,c3b5,quiet,17,0.074620,55.0,0
1k2r3/3r1n1p/Q2nq1p1/1PB2p2/7P/N4P2/P5P1/3R2K1 w - - 3 25,67.0,13.0,a6b6,quiet,19,0.076543,54.0,0
2q3k1/1r3pb1/r3pnp1/3pN2p/p1pP2P1/P1N1PQ1P/1PPR1PK1/1R6 b - - 0 17,36.0,75.0,h5g4,capture,27,0.054664,39.0,0
r1bq1rk1/1p2npp1/2p4p/3p1n2/Pb1Pp3/1NN1P1P1/1BP1BP1P/R2Q1K1R b - - 8 17,154.0,192.0,c8d7,quiet,30,0.043074,38.0,0
r6k/P7/R6P/5nP1/8/5K2/8/8 b - - 6 51,-400.0,-242.0,f5d4,quiet,8,0.108010,158.0,0
8/8/5p2/8/5k1P/8/4K1P1/8 b - - 0 68,-99.0,-31.0,f4g4,quiet,5,0.094243,68.0,0
2r5/5pk1/1q2b1p1/3nP3/1B1RN1Pr/5P2/2P3B1/Q5K1 w - - 3 27,77.0,3.0,b4e1,quiet,18,0.104715,74.0,0
r1b2rk1/1pb2p2/2p2n1p/p1n5/2B2PpP/P1N1P1N1/1P1B2P1/R2K3R w - - 3 13,-205.0,-123.0,e3e4,quiet,26,0.094992,82.0,0
5r1k/pp4bp/2r4p/3N4/P1Pp1Pq1/1P1Q4/6P1/4RK1R w - - 1 22,-54.0,-34.0,f1g1,quiet,20,0.028318,20.0,0
8/4k3/2P1b3/8/1P6/5B2/8/4qQK1 b - - 16 78,-66.0,-141.0,e1b4,capture,8,0.098608,75.0,0
7r/p7/p1k1b3/2Bp1p2/3Pp3/1P6/P1PPN2r/R2K2R1 w - - 4 26,193.0,220.0,e2f4,quiet,19,0.027815,27.0,0
k7/4r3/7B/2Q5/7P/6P1/5PK1/3qbR2 w - - 2 45,453.0,1012.0,c5e7,capture,11,0.065703,559.0,0
Q2R4/6kp/2p1r3/1p4p1/8/P6P/2P3n1/7K b - - 0 43,-380.0,-836.0,g2e3,quiet,13,0.092820,456.0,0
1k2n3/1p6/p1pb1p2/2Np1P2/P2P2Pn/1P5B/2P5/1KB5 w - - 3 32,80.0,154.0,c5d7,quiet,19,0.095030,74.0,0
3rkb1r/pb5p/n1p2p1n/1p2q1pP/1P6/P1PBBN2/5PP1/RN1QK2R b KQk - 5 10,-127.0,-28.0,e5d5,quiet,28,0.134832,99.0,0
r1bnkbnr/pp3pp1/2p5/4N3/4PP2/PPN4p/R1P4P/2B1KB1R w Kkq - 0 10,15.0,55.0,f1c4,quiet,26,0.056923,40.0,0
1k6/1pb5/4PK2/8/q7/4N3/8/3R4 b - - 2 48,301.0,539.0,a4h4,quiet,8,0.107249,238.0,0
r3k1r1/1ppqbp2/p6p/2n1Q3/3pPB2/6P1/PPPNK2P/R4R2 b - - 0 19,-57.0,26.0,d7b5,quiet,24,0.118649,83.0,0
r5nR/2p1p3/5pk1/2BP1b2/6p1/8/2n1B3/2R3K1 b - - 1 27,205.0,53.0,a8f8,quiet,15,0.189274,152.0,0
1rb1k2r/q1p2p1p/5p2/1p2P3/2p5/1nB2P2/2Q1N1PP/4KB1R w k - 0 19,-104.0,-311.0,e5f6,capture,22,0.211607,207.0,0
rnb1k2r/pp1p2bp/2pq1np1/8/1PP1pN1Q/P3P2R/3P1N2/R1B1KB2 b Q - 0 11,178.0,209.0,d6e5,quiet,28,0.033198,31.0,0
2k5/1p4R1/1Bpb4/6Pp/4b2n/P4r1P/1P6/3R2K1 w - - 0 29,209.0,456.0,d1d6,capture,16,0.163374,247.0,0
2k5/2p2p2/1p5B/1P1q4/3P2p1/1P2P3/3K4/2R5 b - - 1 33,109.0,210.0,d5b3,capture,13,0.118185,101.0,0
r1bqkb1r/ppn5/2p1pp2/5npp/2BP4/P1N1PN1P/1P1Q1PP1/R1B1K2R w KQkq - 1 9,0.0,139.0,e3e4,quiet,30,0.190006,139.0,0
2r3k1/5p2/4p2p/p2p4/3P3n/P1P3B1/5PP1/1R4K1 b - - 0 32,-6.0,48.0,h4f5,quiet,16,0.077275,54.0,0
r1bqkb1r/p1p4p/4p1p1/1p2Pp2/4P3/8/PPQ1P1BP/RNB1K2R b KQkq - 0 9,-162.0,-147.0,c8b7,quiet,26,0.017822,15.0,0
8/1p2r1k1/p7/2N3pp/PPP5/b4PP1/2R5/5K2 w - - 3 40,171.0,37.0,c2e2,quiet,15,0.174925,134.0,0
r2k3r/1pp1n3/p2b3p/4N3/q3P2P/P1B5/1P3Q2/2KR2R1 b - - 2 27,-218.0,-225.0,h8e8,quiet,20,0.006878,7.0,0
8/3k4/4p1pp/1P2p3/3bNnK1/7P/8/3B4 b - - 21 55,273.0,205.0,g6g5,quiet,12,0.063038,68.0,0
3r2k1/pp3pp1/P1p1r3/3N3p/6bP/6P1/1PPb2BK/R4R2 b - - 0 21,348.0,291.0,b7a6,capture,21,0.038879,57.0,0
r1b1kq1r/p1pp4/4p2p/2p1Q1B1/8/2N5/PPn2PPP/2R2RK1 b - - 1 16,-176.0,-63.0,h6g5,capture,23,0.143950,113.0,0
8/6k1/p1p2p2/1r3B2/3p2p1/P2P1PP1/3NP3/5KN1 w - - 0 35,433.0,585.0,f3g4,capture,16,0.043056,152.0,0
2r1kbnr/pb1p1ppp/q3p3/8/1n2P3/1Q1P3N/P2B1PPP/1R2KB1R w Kk - 4 9,-209.0,-34.0,d2b4,capture,27,0.220302,175.0,0
2rR4/7k/1n3Bp1/p5P1/P4P2/6K1/8/8 w - - 3 46,610.0,421.0,d8c8,capture,11,0.052412,189.0,0
r4rk1/pp2qnpp/8/5p2/P4n2/4pN1P/Q5PK/2R2B1R w - - 0 19,-464.0,-343.0,a2b3,quiet,21,0.057203,121.0,0
2r1k2r/3bnp1p/pp1Q1Rp1/1P1pP3/3P3q/P1N2B2/8/2BK4 b k - 0 19,385.0,585.0,h4d4,capture,22,0.064976,200.0,0
1r3k2/K4p2/2PR4/6R1/5P1p/8/8/2r5 b - - 3 58,-208.0,0.0,b8b2,quiet,10,0.268052,208.0,0
1r1r3k/6p1/Q3pp1p/4n3/2nq3P/6P1/R2B1PB1/3R2K1 b - - 4 35,185.0,236.0,c4d2,capture,19,0.051885,51.0,0
1kr5/8/3n1p2/p1p5/PbP3PR/1N3P1P/8/2R2K2 b - - 1 36,-175.0,-264.0,d6b7,quiet,16,0.087988,89.0,0
8/8/2k5/p7/8/1P6/1K5R/4r3 w - - 6 75,-14.0,26.0,b2a3,quiet,6,0.057484,40.0,0
1r2r3/2p1kpp1/4q2p/3pnb2/PP2B3/2P3P1/4Q2P/RNB2RK1 b - - 0 17,30.0,87.0,d5e4,capture,23,0.079584,57.0,0
r7/r2k4/4pp2/n2p2p1/3P2Pp/2PNBPbP/8/R2K3R b - - 0 34,142.0,215.0,a5c4,quiet,20,0.081465,73.0,0
8/8/3K4/1p5k/1P5P/8/8/8 w - - 0 65,329.0,380.0,d6c6,quiet,5,0.029921,51.0,0
B3k2r/p2bn3/1p1q1p2/1P5P/2pP1N2/4P3/PQ5P/5KR1 b k - 0 20,-127.0,-180.0,d7f5,quiet,20,0.063069,53.0,0
rb3Q2/1p1q3k/4p3/3p2p1/p2pb3/B3P2P/2r2PP1/R5KR w - - 2 28,-153.0,-439.0,f8f6,quiet,21,0.219044,286.0,0
r4rk1/1p2b1p1/4qn1p/8/1pPP1R2/1Q3NPP/3N1PK1/1R6 b - - 2 20,4.0,-18.0,g7g5,quiet,21,0.031637,22.0,0
r5k1/8/7p/8/p3R3/2r5/5PPP/1R4K1 b - - 0 39,-30.0,31.0,a4a3,quiet,11,0.087561,61.0,0
3r1rk1/p1q1bpp1/b1n2n1p/4p2P/P1N1P3/1QP2N2/1P2BPP1/R1B1K2R b KQ - 0 13,76.0,36.0,c6a5,quiet,28,0.056038,40.0,0
r2n3r/2k3Np/p2p4/1p1B4/2pPP1Q1/2P5/5P2/R3K3 b Q - 1 22,-603.0,-839.0,a8a7,quiet,18,0.022219,236.0,0
7k/4R1pp/3b4/1p6/1P1B4/P5P1/5P1P/6K1 b - - 0 31,-667.0,-364.0,d6e7,capture,13,0.088499,303.0,0
1k1r4/pppb4/8/3Q4/5q2/1PK5/P1P2n2/R6R b - - 5 32,510.0,842.0,f4f6,quiet,15,0.042621,332.0,0
4k1r1/p4p2/p1R5/7p/P4Pn1/1r6/4K1P1/6NR b - - 4 25,246.0,181.0,g8g6,quiet,15,0.065504,65.0,0
2r2k2/4n1p1/1p6/1QbP1P2/1p2P3/8/P3K1Bq/2R1B3 w - - 1 29,259.0,-225.0,e2d2,quiet,17,0.601244,484.0,0
5k2/3p1N2/b2N1np1/p1Kp1P1p/1r6/8/6PP/4R3 b - - 2 29,518.0,248.0,g6f5,capture,16,0.145220,270.0,0
8/8/5K2/1QP1p2p/3p4/k7/7r/8 b - - 0 56,-279.0,-429.0,e5e4,quiet,8,0.089115,150.0,0
1rb2rk1/2pp2p1/2nqp3/p4p1p/P2P2nP/2Q1PN2/1P1NBPP1/2R2RK1 w - - 0 13,219.0,187.0,e3e4,quiet,28,0.033317,32.0,0
6K1/Q5B1/P1q5/7r/4p3/k3Pn2/5P2/8 b - - 2 61,483.0,270.0,a3a4,quiet,11,0.116080,213.0,0
1r1qk3/5p1p/2n1bnr1/p1bp2p1/8/P1NQ1N1P/1BP2PB1/2KRR3 w - - 6 14,-146.0,-81.0,d3d2,quiet,25,0.084057,65.0,0
2k3nr/1bp2pb1/1p2p1n1/6B1/p6p/2P2P1N/PP2BNPP/4K1R1 w - - 0 17,-92.0,-47.0,e2b5,quiet,24,0.062160,45.0,0
rnbqk2r/4b1pp/2p1pn2/p4p1P/Pp1P1P2/1Q2PN2/3N2P1/R1B1KB1R w KQ - 1 11,-184.0,-11.0,f3e5,quiet,29,0.226711,173.0,0
r1b1k2r/ppp2pb1/3p1n1p/4q1p1/P1B1P3/2P2N1P/1P2QPP1/R1B2RK1 b q - 1 11,-199.0,-122.0,e5e7,quiet,28,0.090000,77.0,0
r1bq1rk1/1ppnb2p/4p2B/4PNpP/p5p1/2P1Q3/P2N1P2/R3KB1R b KQ - 0 15,-71.0,289.0,f8f5,capture,27,0.441501,360.0,0
r3k1r1/4p2p/1qbp1n2/p1n4P/3R4/2P1BP2/2P3P1/3QKB1R w Kq - 3 15,-235.0,-159.0,d4d2,quiet,22,0.080503,76.0,0
2r3k1/6bp/4Npp1/3qn3/5P2/8/R1p3PP/2R3K1 w - - 0 32,-737.0,-1072.0,f4e5,capture,16,0.012083,335.0,0
r1bq1rk1/pp2b1pp/2np1n2/4pp2/2P5/3B1P1N/PPNB2PP/R2Q1R1K b - - 1 12,134.0,157.0,e5e4,quiet,29,0.027906,23.0,0
r3k2r/pp1qbppp/3p1n2/2pPn3/P1P5/1PN3N1/5PPP/R1BQK2R b KQ - 1 9,-141.0,-36.0,e8d8,quiet,28,0.140840,105.0,0
r3kb1r/ppp2p1p/2n1bp2/2Pp3q/3P1B2/2N2N2/PP2P1BP/R2Q1K1R w - - 2 9,122.0,287.0,d1b3,quiet,28,0.170480,165.0,0
2kr1b1r/1pp2p2/2n1b2p/p2qp1P1/3p3R/3P1N2/PPP1QP2/R1B1KB2 w Q - 1 10,-176.0,-103.0,g5h6,capture,27,0.089600,73.0,0
3q1r2/1p1nk3/r7/P1p2PN1/1p1p1Q1P/2nP4/2P3R1/R5K1 b - - 0 25,95.0,69.0,d8b8,quiet,20,0.035394,26.0,0
7k/6p1/3N1b1p/2B2P1P/p3B1P1/P3K3/br6/8 w - - 1 43,-8.0,-72.0,e4c6,quiet,15,0.090647,64.0,0
2r2rk1/1p2qpb1/4bnp1/pN1p3p/P4B1P/1R3PP1/1PP1B1K1/3Q3R b - - 3 18,-2.0,-3.0,f6h7,quiet,26,0.001439,1.0,0
k7/7R/p7/P3r3/8/KP6/8/8 w - - 6 53,137.0,194.0,b3b4,quiet,7,0.065848,57.0,0
3r3r/pp3k2/5q2/7P/P1P3Q1/1P2R1P1/4B3/2B1K2b b - - 0 23,16.0,-62.0,h8g8,quiet,17,0.111300,78.0,0
6k1/1R3ppp/1b6/6P1/5B2/3K4/1r6/8 b - - 12 41,114.0,79.0,f7f6,quiet,10,0.046644,35.0,0
1b6/5k2/8/5pPR/3B4/4P1P1/5PK1/2r5 w - - 1 58,491.0,663.0,h5h6,quiet,11,0.034383,172.0,0
r1b4r/p3qk2/2p1p1n1/5n2/4NP1p/7R/P1PQBKP1/3R4 w - - 1 19,-8.0,-90.0,h3d3,quiet,21,0.115188,82.0,0
3rk3/Qp2n3/2p1q1p1/4Nr1p/8/2B2P2/PPP5/1K2R3 w - - 1 27,45.0,173.0,a7b7,capture,18,0.165845,128.0,0
rr4k1/2b4p/2P1p3/pP3p2/8/P1N5/4N1PP/2R1K2R w - - 1 21,350.0,455.0,e1d2,quiet,18,0.049748,105.0,0
5k1r/3b1nR1/1p3p1P/2p1bP2/p2pP3/P2P3Q/1PP5/6RK w - - 1 35,558.0,830.0,h6h7,quiet,21,0.030369,272.0,0
5kr1/1B3p2/4n3/7P/3bN3/8/2K2P2/7R b - - 2 32,-85.0,-75.0,g8g2,quiet,11,0.013654,10.0,0
rn3b2/2k5/p1p2p2/2q5/2BRQ3/8/PPP2P1r/2K3R1 w - - 1 17,-26.0,-52.0,c1b1,quiet,18,0.036933,26.0,0
1r4k1/B7/6bp/3p4/5p2/5Q1P/4R1PK/3q4 w - - 0 40,95.0,531.0,a7b8,capture,13,0.321662,436.0,0
8/5p2/1R1Npnk1/1P6/8/6K1/8/2r5 b - - 2 46,209.0,145.0,c1b1,quiet,9,0.071731,64.0,0
4b1k1/r2q4/r5pp/3pPp1n/1bpP1P1P/1pN2NP1/1P1BQ2K/5R1R b - - 0 41,196.0,36.0,g8g7,quiet,26,0.203895,160.0,0
8/3r1k2/4b3/2B1P1pp/R7/2P1K1P1/8/8 b - - 2 31,-89.0,-131.0,d7c7,quiet,11,0.054719,42.0,0
8/k2BK3/6P1/p1r5/1p6/8/8/8 w - - 0 65,-148.0,-213.0,g6g7,quiet,7,0.072163,65.0,0
r1q2rk1/p3n1b1/B1ppP2p/3Ppp2/8/8/1P3PPP/R1BQ1RK1 b - - 0 16,9.0,-187.0,c8e8,quiet,24,0.258772,196.0,0
8/5pk1/6p1/1prB2P1/p3pP2/P2bP3/3P3R/3K4 w - - 10 35,-40.0,-203.0,d5a2,quiet,16,0.205573,163.0,0
2bq1k2/3n3p/3N1nr1/2p1p3/1p6/1N3P2/rP3Q1P/3RKB1R b K - 0 19,138.0,46.0,c8a6,quiet,21,0.122958,92.0,0
6r1/2k5/2r5/pp4P1/5R1P/1b6/8/1K2R3 w - - 0 34,-87.0,-267.0,b1a1,quiet,11,0.200374,180.0,0
6k1/8/r5p1/7p/1p3P1P/1Nn4R/4pKP1/3rR3 b - - 0 37,511.0,472.0,a6a3,quiet,15,0.011837,39.0,0
1r1qkb1r/4n1pp/p7/5b2/3P1N1P/2Qp4/PP3PP1/R1B1K2R w k - 0 16,-52.0,-64.0,f4d3,capture,23,0.016795,12.0,0
r5k1/2B2pp1/2p1pqn1/1p1p1n2/3P4/1BP2P2/2PQ3P/6RK b - - 13 28,260.0,303.0,g8h7,quiet,21,0.034142,43.0,0
8/8/8/4Rp2/1k2bB1p/7r/4K3/8 w - - 0 58,-159.0,-242.0,e5e6,quiet,8,0.087002,83.0,0
2r4r/pp3k1p/3ppqpB/2p1b3/2PnP1BP/3P4/PP1Q4/R3K2R w - - 0 18,-185.0,-140.0,h6g5,quiet,25,0.052398,45.0,0
r1b1k2r/pp1ppp1p/n7/1N2Q3/P7/2Pq2P1/3PN1B1/R1B1K3 b Qkq - 5 14,-148.0,-91.0,f7f6,quiet,23,0.072933,57.0,0
r2qr1k1/1p3pp1/p1pb1nbp/8/P2P4/2N3P1/1PPB1QBP/R4RK1 b - - 3 14,129.0,138.0,f6g4,quiet,26,0.011213,9.0,0
5R2/pkp5/1p6/3b2p1/3P4/2PK4/PP1Nr1r1/3R4 b - - 11 25,251.0,195.0,d5a2,capture,16,0.054754,56.0,0
1R6/4r1k1/5r2/5B2/4p2p/7P/2P2P2/5K2 w - - 5 46,-76.0,-174.0,b8b5,quiet,11,0.123717,98.0,0
r2k1b1r/1p3p2/p1b2N2/3pn1pP/7n/1PP1BP2/P1N1BK1P/3R3R b - - 4 19,-122.0,-183.0,h4f5,quiet,25,0.072739,61.0,0
r3k3/pp3p2/2ppn1p1/4p3/2P1P2q/3PQ3/PP3P2/R3KN2 b Qq - 5 18,258.0,266.0,e6d4,quiet,21,0.006833,8.0,0
1r6/8/8/2B1kp2/1P6/5BKP/8/8 w - - 2 56,424.0,431.0,h3h4,quiet,8,0.002920,7.0,0
1r3nk1/1r6/Rp2p1pp/3bB3/7P/5PK1/P5P1/2RB4 b - - 4 35,27.0,-99.0,b8d8,quiet,18,0.177516,126.0,0
r3k2r/pp1n1pp1/2pbpn1p/q4b2/2PP4/1PN1QN2/PB2BPPP/3RK2R w Kq - 8 9,-72.0,47.0,e1g1,quiet,30,0.169387,119.0,0
3Qb3/5p1k/4p1pp/8/4P1PP/5P2/7K/2r5 b - - 12 57,-27.0,-249.0,e8c6,quiet,13,0.268646,222.0,0
3r4/1p4k1/p3rpp1/1p2p3/3b2P1/P2P1R1P/1B1P4/5R1K w - - 1 25,-198.0,-257.0,b2c3,quiet,19,0.056844,59.0,0
4k2r/r2n1ppp/p2Bp3/2pb2P1/2N5/7P/P4R2/2K2B2 w - - 1 19,-267.0,-271.0,c1d1,quiet,19,0.003329,4.0,0
3r2k1/1pp3p1/5pb1/6Pp/pPP1r2P/P2P1P2/1BK2Q2/4qB1R w - - 0 29,-318.0,-176.0,f2e1,capture,23,0.128194,142.0,0
4r1k1/2p2p1p/p5pb/2P5/P2Pq3/2Q1B3/4K2P/1R5R w - - 2 25,114.0,-153.0,h1g1,quiet,18,0.365390,267.0,0
1n1r2k1/rb3p1p/1p2pqp1/p1p1N3/3P4/2P3PB/PP3P1P/2RQR1K1 b - - 4 13,-34.0,1.0,a5a4,quiet,26,0.050213,35.0,0
7k/r7/1p2qp2/1Bp5/P6P/2P1b1p1/1KQ5/5R2 w - - 0 40,-85.0,-16.0,c2g6,quiet,15,0.096932,69.0,0
8/8/1n3b2/2k5/3N4/3K4/1R6/8 b - - 0 71,-23.0,-1.0,f6d4,capture,6,0.031612,22.0,0
6R1/8/2r5/5n2/7p/B4k2/7K/8 b - - 17 68,59.0,98.0,c6c4,quiet,7,0.053307,39.0,0
8/ppp5/2krQ3/8/3B4/q1P1K3/P4P2/6Nb w - - 4 30,-85.0,0.0,e6c4,quiet,14,0.119941,85.0,0
1k5r/1pp3R1/p7/3B4/Pb6/3p4/R2Pnn2/1KB5 b - - 0 27,181.0,155.0,b4c3,quiet,16,0.029866,26.0,0
r1b1k1n1/p2p3r/1p3p2/2PP2p1/1P6/1N1QBq2/2P2P1P/4KB2 w q - 0 15,15.0,229.0,d3h7,capture,22,0.267314,214.0,0
8/1k6/3p4/1p2n1P1/8/2p5/P6R/7K w - - 0 40,-60.0,-70.0,a2a3,quiet,9,0.013898,10.0,0
r2k3r/2pb2q1/3p2Bp/7P/1Q6/P3R1P1/8/1K3R2 b - - 0 28,-12.0,-119.0,a8a4,quiet,16,0.147595,107.0,0
1k6/1p1r1ppp/p1p1p3/4Pq2/P1P5/1P5P/6P1/4Q1RK w - - 1 27,-186.0,-161.0,g1f1,quiet,19,0.028307,25.0,0
5r2/2p3p1/2k5/2q5/7P/3PN2Q/P4r2/2R3K1 w - - 0 32,-31.0,755.0,h3e6,quiet,13,0.531703,786.0,0
8/1p1r2k1/2n3p1/p3p2p/P3P3/2P1Pq2/2Q2P1R/1R2K3 b - - 2 28,-2.0,11.0,f3g4,quiet,18,0.018703,13.0,0
8/8/8/8/8/p2PK3/2k5/B7 b - - 5 59,-56.0,-138.0,a3a2,quiet,5,0.108874,82.0,0
3qk3/rb1n1p1p/p3p3/1p3n2/5P2/1N2PN2/P1QPB1rP/2R1K2R w K - 0 17,44.0,51.0,e3e4,quiet,24,0.009888,7.0,0
1r2k2r/2Rb1p2/3p2n1/N2Ppp1p/p2bP2P/3N2P1/1P2BP2/R5K1 w - - 0 23,47.0,38.0,e4f5,capture,24,0.012759,9.0,0
2kr1b1r/ppp3p1/2n1bp2/4q2p/2p1P2P/P1N1B3/1PK3P1/R3QB1R w - - 2 13,-218.0,-219.0,a1d1,quiet,26,0.000992,1.0,0
1r3k2/1p3p2/2b5/p1r4p/2Bp4/R4P2/5KPP/4R3 w - - 2 37,-210.0,-251.0,c4d3,quiet,16,0.039111,41.0,0
1nbqkbn1/r6r/pp1p3p/2pPp1p1/P3PpP1/2N2P1P/1PPB4/R1NQKB1R b KQ - 0 10,-189.0,-85.0,h7g7,quiet,32,0.128058,104.0,0
4k3/8/2p5/6r1/4B3/8/K7/7R b - - 3 53,-115.0,-256.0,g5c5,quiet,6,0.153904,141.0,0
4r1k1/5rp1/1n5p/3p1p2/3P1QP1/1p1qP2P/2R2RB1/1K6 w - - 0 34,-136.0,-629.0,g4f5,capture,19,0.287636,493.0,0
r3kb2/1ppnpp2/p1r2n2/3q2N1/PP4Q1/N1P5/3P2PP/R1B2RK1 w q - 3 10,16.0,19.0,g4f5,quiet,25,0.004306,3.0,0
r1b4k/2p3b1/p1n2qpp/2Nr1p2/3P1N2/1P2pPP1/PB5P/2RQR1K1 b - - 1 20,-114.0,-110.0,d5d8,quiet,26,0.005197,4.0,0
r6r/pppk1q2/3p2p1/2P3P1/3Q1P1p/7b/PP3K2/R1B1R3 w - - 2 20,-67.0,25.0,c1e3,quiet,21,0.131159,92.0,0
4k2r/1Np1qp2/5n1P/P2Pp3/2p1P1b1/2P2Br1/1P2Q3/R3K2R w KQk - 1 26,159.0,243.0,f3g4,capture,22,0.087918,84.0,0
r1bqk2r/1pp3bp/n2ppnp1/pN6/5B2/5N2/PPP1QPPP/2KR1B1R b kq - 3 9,-7.0,25.0,e8g8,quiet,29,0.045988,32.0,0
7r/pp1bnk2/3pp3/3p1p2/3PnNp1/PP2PP2/1BP1Q1P1/R3KBq1 b - - 0 16,42.0,140.0,g4f3,capture,26,0.131086,98.0,0
r2r2k1/2q2pp1/2p1bnnp/4p3/pP2P3/4BNPP/2Q2P2/1R2RBK1 w - - 0 22,-158.0,-126.0,b4b5,quiet,25,0.039126,32.0,0
7r/pk1q2r1/1pn2R2/8/3PQ3/4B3/PP5P/R6K b - - 2 26,-64.0,-30.0,g7e7,quiet,16,0.048009,34.0,0
6n1/k5p1/n1b5/Q1p1p3/P3P1pb/R5N1/1PP3q1/3K4 b - - 1 25,540.0,1011.0,h4g3,capture,18,0.039799,471.0,0
3r2k1/p4pb1/4pnp1/4N3/P1pP1P2/1rN3PP/1n4K1/R1B2R2 b - - 0 24,185.0,235.0,d8d4,capture,22,0.050947,50.0,0
r3k2r/p2nn1pp/2pbq3/3p1p2/3Pp3/2P2PPB/PPN1Q2P/R1B1K2R b KQkq - 2 11,-7.0,90.0,e8g8,quiet,28,0.136772,97.0,0
r3kb1r/pp1n1pp1/2p4n/3pP2p/P2P3q/2P1P2P/1P1NK2P/R1BQ1B1R w kq - 9 10,-46.0,54.0,h1g1,quiet,29,0.142908,100.0,0
r3k2r/p1ppbpp1/bp1qp1n1/7p/2PPP3/PB2QN1P/1B3PP1/R3R1K1 w kq - 2 16,72.0,129.0,e4e5,quiet,29,0.075402,57.0,0
2kr3r/p1p5/Ppb2qp1/8/4B3/5N2/3Q1K1P/R6R w - - 6 26,11.0,-2.0,d2c2,quiet,17,0.018703,13.0,0
8/8/6p1/P6p/3pkP1P/8/4K3/1b6 b - - 0 51,531.0,958.0,b1d3,quiet,9,0.040919,427.0,0
r2qk2r/1b5p/p2b1ppn/1p1pn3/1P2P2P/2PBP3/Q2PN1P1/RNB1K2R w kq - 1 11,-81.0,-117.0,d3c2,quiet,29,0.047786,36.0,0
rnbqk2r/5npp/2p2p2/p2Pp3/Pb1P2P1/2N2N1P/1PQB1P2/R3KB1R b KQkq - 0 9,-121.0,-3.0,b4c3,capture,29,0.163101,118.0,0
8/p1kn4/2p3P1/4b2B/4R2P/1P6/2Pr4/1K6 w - - 1 47,146.0,44.0,h5e2,quiet,13,0.135574,102.0,0
Q1bq1r2/4p1kp/8/1p1Bnp2/8/1P2BP2/P3N1PP/5RK1 w - - 2 20,476.0,494.0,e2f4,quiet,20,0.005641,18.0,0
6kr/3nppbp/3p2p1/1N1P4/2P2P2/3bB3/q2N2PP/2Q1K2R b K - 0 20,80.0,48.0,d7f6,quiet,22,0.044495,32.0,0
r1bqk3/pppp3r/7p/2bnPpp1/PnP5/4P3/5PPP/RNBQKB1R w KQ - 0 9,-29.0,10.0,c4d5,capture,29,0.056025,39.0,0
r1b2rk1/2qn1pb1/p2p1n1p/2pP2p1/1PP1Pp2/1P1B1N1P/RBN3P1/3Q1RK1 b - - 2 12,-111.0,-23.0,f8e8,quiet,30,0.121469,88.0,0
8/8/8/p7/pkPK4/8/1P6/8 b - - 2 40,210.0,136.0,b4b3,quiet,6,0.083796,74.0,0
3r1k2/p5p1/1p2p2n/2pq4/4N2Q/1PRPP3/P3KP2/8 w - - 6 27,150.0,63.0,a2a3,quiet,18,0.113702,87.0,0
8/5rp1/4Qpk1/7p/8/P1R2qP1/KB6/8 b - - 1 37,-127.0,-219.0,f3g4,quiet,12,0.104100,92.0,0
7r/4k2p/5p2/2b2p2/b7/3B3P/5RP1/3R2K1 w - - 0 23,52.0,28.0,d1e1,quiet,13,0.034072,24.0,0
3k4/2R4R/8/1r6/2b1P3/5PK1/1pr5/8 w - - 0 48,-398.0,-475.0,c7b7,quiet,10,0.030887,77.0,0
6r1/ppp2p1n/4b1rk/7q/2P1N3/P2PPR1P/1Q4B1/5R1K w - - 10 24,108.0,-85.0,f3f4,quiet,21,0.270546,193.0,0
8/p3k3/4b3/P7/BP3p2/2NK1P2/4P3/2r5 w - - 0 39,63.0,81.0,a4c6,quiet,12,0.024818,18.0,0
5b2/1p1k1p2/2p1b1pr/7P/P2B1P1q/3P2N1/6QP/R5K1 w - - 1 26,-18.0,87.0,g2b2,quiet,19,0.148531,105.0,0
1R6/5k2/6p1/r1p5/P2p1r2/1N2b1K1/2R3P1/8 b - - 9 42,117.0,211.0,d4d3,quiet,13,0.108826,94.0,0
3r1bk1/5ppp/8/r3BB2/1pp4P/1b6/5PP1/2R1R1K1 w - - 2 32,-86.0,-120.0,e5c7,quiet,18,0.044843,34.0,0
1r1q1rk1/p1ppbppp/2nn4/3Q2P1/P4B2/2P4N/3N1P1P/R3R1K1 b - - 0 12,-19.0,13.0,f8e8,quiet,25,0.046016,32.0,0
7Q/4kp2/2pr1q2/1p4p1/3P1bP1/2K5/3P4/1R5R w - - 8 48,-48.0,135.0,b1e1,quiet,15,0.253701,183.0,0
r6r/1pp3p1/2nb1k2/3bp1Np/p7/P2BB1PP/1P3P2/2KR2R1 w - - 4 24,-23.0,-46.0,g5e4,quiet,23,0.032764,23.0,0
r5r1/1ppnk2N/p3pp2/7B/5P1N/2P4P/PPK5/R7 b - - 0 25,-9.0,-59.0,g8g7,quiet,19,0.071152,50.0,0
4k3/2r2pQ1/1pPqp3/pB1p1p1N/P2P3p/5Pn1/6P1/6K1 w - - 5 45,-71.0,36.0,g7h8,quiet,20,0.152402,107.0,0
1rb1kb1r/5ppp/n3p3/1q2P3/pppRBNQ1/6P1/1PP2P2/1NB3K1 b k - 0 14,71.0,176.0,c8d7,quiet,26,0.132855,105.0,0
r2k1b1Q/1p1b4/2q2pr1/pNp1p3/2PpP3/3N1B2/4K3/RR6 b - - 1 25,122.0,27.0,d8e7,quiet,21,0.129917,95.0,0
5r2/1r5k/8/6p1/6N1/4P3/R4PK1/8 b - - 27 67,58.0,-12.0,b7b5,quiet,9,0.099964,70.0,0
r2q1b1r/3bnkp1/p4n1p/1p1p1p1P/1P1PpN2/BQP1P1P1/5P2/RN2KB1R w KQ - 0 12,-87.0,-96.0,b1d2,quiet,30,0.012093,9.0,0
8/6pp/3Q4/4pk2/1p3P2/1P3P1K/Pq5P/8 w - - 1 44,391.0,324.0,d6f8,quiet,13,0.038828,67.0,0
1b3rk1/5p2/6p1/2P3Qp/1p1RQ3/7q/5P2/4N1K1 b - - 2 33,-428.0,93.0,b8h2,quiet,15,0.552293,521.0,0
r1b1k2r/ppq1bpp1/7p/2pnp3/P6P/3P1N2/1PP1BPP1/R1BQ1RK1 b kq - 3 9,-87.0,-28.0,d5f6,quiet,28,0.082442,59.0,0
8/8/5P2/pk2p2R/1p3b2/1n3P2/1BNr4/5K2 b - - 2 50,449.0,345.0,d2c2,capture,13,0.050550,104.0,0
1rbq1rk1/R2nppbp/3p2p1/2pn2P1/2NP4/1P3N2/4PPBP/2BQ1RK1 b - - 0 9,-89.0,-18.0,d5c3,quiet,28,0.099470,71.0,0
7r/2p2k2/3p3B/3p1PP1/1P1P3K/p1P5/P4R2/1b6 w - - 3 42,423.0,405.0,h4g4,quiet,16,0.008015,18.0,0
1k6/2pr4/1p3p2/p4P2/2Q4P/8/PPRB1KP1/1q6 b - - 13 30,-463.0,-475.0,b1h1,quiet,16,0.004077,12.0,0
5r2/2P5/8/1R3Nk1/3b3p/5K2/6P1/8 b - - 4 53,-304.0,-350.0,d4g1,quiet,9,0.030390,46.0,0
2bq1bnr/rkN2ppp/1pp2n2/p7/P1BPp3/6B1/1PP2PPP/R2QK1NR w K - 5 9,62.0,21.0,c2c3,quiet,30,0.058105,41.0,0
5r2/3R1Pk1/p1R5/8/P4PP1/3b4/1P2p3/4K3 b - - 4 34,-596.0,-660.0,d3e4,quiet,13,0.009448,64.0,0
1kr5/1p6/p2np2R/3qBp2/Q4P2/1P4r1/P1PP4/1K1R4 w - - 0 34,233.0,473.0,a4d7,quiet,19,0.145663,240.0,0
r1b1k2r/ppn1bp1p/2p5/3pp2q/8/1QP1P1PN/PP1N1P2/R3KB1R w KQkq - 0 10,-247.0,-85.0,f1e2,quiet,27,0.185686,162.0,0
3q2k1/4br2/7p/p2p1b2/1n6/1PB1PP1P/1Q4P1/R2R2K1 w - - 3 24,159.0,137.0,a1a4,quiet,19,0.026541,22.0,0
5rk1/1qpn1pp1/3pp2p/Q7/2PN4/4PP1P/3P2K1/R7 w - - 2 24,-150.0,-121.0,a5b5,quiet,19,0.035967,29.0,0
3R4/1k4P1/8/2Kb2B1/8/7p/8/3r4 w - - 0 78,190.0,430.0,d8d7,quiet,8,0.173307,240.0,0
8/3r4/1P6/6kp/6p1/2P2R1P/3r1B2/6K1 w - - 2 42,-35.0,0.0,f2e3,quiet,11,0.050199,35.0,0
2r1r1k1/4b1p1/R1n1b1q1/4pp2/P6p/2PPBP2/5NPP/3QKB1R b K - 0 18,82.0,37.0,f5f4,quiet,24,0.062817,45.0,0
r1b2rk1/p3n2p/2n2p2/1BbN4/Pp6/8/1PP2PPP/RNB1K2R w K - 1 12,171.0,133.0,d5e7,capture,24,0.045401,38.0,0
1r2r3/1pnnbk2/p1p2pp1/N3p2p/PP1PPB1P/8/4KPB1/2RR4 w - - 0 25,-15.0,35.0,d4e5,capture,25,0.071773,50.0,0
1r3b2/4k1rp/5n2/2p1p3/P1B1P3/2q3P1/4QP1P/3R1RK1 b - - 0 33,-88.0,65.0,b8b2,quiet,19,0.216468,153.0,0
8/1pp1n1p1/p3r3/n1p4p/k7/N2NP1P1/1P3K1P/7R b - - 3 23,154.0,348.0,e6f6,quiet,18,0.172971,194.0,0
8/p6p/8/1P1k4/3n4/3N1P2/6K1/8 w - - 3 47,-146.0,-199.0,g2f2,quiet,8,0.060136,53.0,0
r1b2r2/2q1k3/p2N2Q1/8/PPN2p1p/6nP/5RP1/6K1 w - - 4 29,-85.0,698.0,g6g7,quiet,18,0.602271,783.0,0
r3kr2/p1p1b1p1/1p5p/3Ppq1n/2P1N2P/P4P2/1PQ2B2/2KR3R b q - 1 15,-102.0,50.0,f5f3,capture,24,0.214176,152.0,0
r3k3/pp1n4/2p1b3/2bp3q/P3pP2/2N1P3/1PPB1Q2/R3KB2 w Qq - 8 19,-41.0,-66.0,f2g3,quiet,22,0.035124,25.0,0
1r3rk1/ppp2ppp/8/5b2/2Q5/P3R3/1q3PBP/4R1K1 w - - 2 17,-194.0,-137.0,e3e5,quiet,19,0.065848,57.0,0
8/8/1kNK2p1/p7/2r4p/5P1P/6P1/8 w - - 0 45,-264.0,-449.0,c6e5,quiet,10,0.109372,185.0,0
3k2r1/1p1bn2p/5B2/8/2B1P2P/1p6/r4P2/2R1K2R w K - 0 25,65.0,394.0,c4g8,capture,16,0.313730,329.0,0
3r4/6rk/3b1p2/p1p2P1p/P1B1K3/1PR1B2P/8/8 b - - 6 32,79.0,118.0,g7g3,quiet,16,0.051804,39.0,0
r1r3k1/1b4bp/6p1/pp1qN3/4pP2/2Bp3Q/3P2PP/2R2RK1 w - - 0 23,-91.0,-245.0,e5g4,quiet,22,0.175774,154.0,0
8/8/1pB2k2/5p2/7p/2r1bP1K/6R1/8 w - - 10 48,-346.0,-287.0,c6b7,quiet,10,0.040751,59.0,0
2b5/1k2q3/8/1p6/p7/5P2/4NQ2/5K2 w - - 0 44,-187.0,-194.0,f2d4,quiet,9,0.007563,7.0,0
3q4/5kp1/4p3/3b1ppP/3Q1P2/4P1R1/3P1K2/3r1B2 w - - 0 34,11.0,86.0,f1e2,quiet,16,0.105472,75.0,0
